주문번호,일자,요일,시각,주문유형,상품코드,상품명,분류,수량,단가,금액
OTW-260801-001,2026-08-01,토,12:15,포장,OTW-T03,말차 타르트,타르트,1,9100,9100
OTW-260801-001,2026-08-01,토,12:15,포장,OTW-E04,피스타치오 에그타르트,에그타르트,1,5800,5800
OTW-260801-002,2026-08-01,토,12:19,포장,OTW-E01,강릉 옥수수 에그타르트,에그타르트,1,4800,4800
OTW-260801-003,2026-08-01,토,12:19,매장,OTW-D01,옥수수 밀크티,음료,1,6500,6500
OTW-260801-004,2026-08-01,토,12:22,매장,OTW-T01,옥수수 타르트,타르트,1,8500,8500
OTW-260801-004,2026-08-01,토,12:22,매장,OTW-C01,오프더월 x 풀노리 옥수수 아이스크림,협업상품,1,6500,6500
OTW-260801-005,2026-08-01,토,12:22,포장,OTW-C01,오프더월 x 풀노리 옥수수 아이스크림,협업상품,1,6500,6500
OTW-260801-005,2026-08-01,토,12:22,포장,OTW-T03,말차 타르트,타르트,1,9100,9100
OTW-260801-005,2026-08-01,토,12:22,포장,OTW-T04,자몽 망고 요거트 타르트,타르트,1,9600,9600
OTW-260801-006,2026-08-01,토,12:27,매장,OTW-P01,아이스크림 파르페,디저트,1,8500,8500
OTW-260801-006,2026-08-01,토,12:27,매장,OTW-C01,오프더월 x 풀노리 옥수수 아이스크림,협업상품,1,6500,6500
OTW-260801-007,2026-08-01,토,12:28,매장,OTW-T01,옥수수 타르트,타르트,2,8500,17000
OTW-260801-007,2026-08-01,토,12:28,매장,OTW-E03,흑임자&산딸기 에그타르트,에그타르트,1,5500,5500
OTW-260801-008,2026-08-01,토,12:32,포장,OTW-C01,오프더월 x 풀노리 옥수수 아이스크림,협업상품,1,6500,6500
OTW-260801-008,2026-08-01,토,12:32,포장,OTW-T02,보늬밤 타르트,타르트,1,8500,8500
OTW-260801-009,2026-08-01,토,12:32,포장,OTW-T01,옥수수 타르트,타르트,1,8500,8500
OTW-260801-009,2026-08-01,토,12:32,포장,OTW-E01,강릉 옥수수 에그타르트,에그타르트,1,4800,4800
OTW-260801-010,2026-08-01,토,12:33,포장,OTW-C01,오프더월 x 풀노리 옥수수 아이스크림,협업상품,1,6500,6500
OTW-260801-011,2026-08-01,토,12:34,포장,OTW-T02,보늬밤 타르트,타르트,1,8500,8500
OTW-260801-011,2026-08-01,토,12:34,포장,OTW-E01,강릉 옥수수 에그타르트,에그타르트,2,4800,9600
OTW-260801-012,2026-08-01,토,12:35,포장,OTW-C01,오프더월 x 풀노리 옥수수 아이스크림,협업상품,1,6500,6500
OTW-260801-013,2026-08-01,토,12:38,포장,OTW-C01,오프더월 x 풀노리 옥수수 아이스크림,협업상품,1,6500,6500
OTW-260801-013,2026-08-01,토,12:38,포장,OTW-P01,아이스크림 파르페,디저트,1,8500,8500
OTW-260801-013,2026-08-01,토,12:38,포장,OTW-E03,흑임자&산딸기 에그타르트,에그타르트,1,5500,5500
OTW-260801-014,2026-08-01,토,12:39,매장,OTW-T01,옥수수 타르트,타르트,1,8500,8500
OTW-260801-015,2026-08-01,토,12:40,포장,OTW-C01,오프더월 x 풀노리 옥수수 아이스크림,협업상품,1,6500,6500
OTW-260801-015,2026-08-01,토,12:40,포장,OTW-E01,강릉 옥수수 에그타르트,에그타르트,1,4800,4800
OTW-260801-016,2026-08-01,토,12:41,포장,OTW-D01,옥수수 밀크티,음료,1,6500,6500
OTW-260801-016,2026-08-01,토,12:41,포장,OTW-T04,자몽 망고 요거트 타르트,타르트,1,9600,9600
OTW-260801-017,2026-08-01,토,12:44,포장,OTW-P01,아이스크림 파르페,디저트,1,8500,8500
OTW-260801-017,2026-08-01,토,12:44,포장,OTW-T01,옥수수 타르트,타르트,1,8500,8500
OTW-260801-017,2026-08-01,토,12:44,포장,OTW-D01,옥수수 밀크티,음료,2,6500,13000
OTW-260801-018,2026-08-01,토,12:46,포장,OTW-P01,아이스크림 파르페,디저트,2,8500,17000
OTW-260801-018,2026-08-01,토,12:46,포장,OTW-T01,옥수수 타르트,타르트,2,8500,17000
OTW-260801-018,2026-08-01,토,12:46,포장,OTW-E02,강릉 감자&잠봉 에그타르트,에그타르트,1,5200,5200
OTW-260801-019,2026-08-01,토,12:52,매장,OTW-T03,말차 타르트,타르트,1,9100,9100
OTW-260801-019,2026-08-01,토,12:52,매장,OTW-C01,오프더월 x 풀노리 옥수수 아이스크림,협업상품,1,6500,6500
OTW-260801-020,2026-08-01,토,12:54,매장,OTW-P01,아이스크림 파르페,디저트,1,8500,8500
OTW-260801-021,2026-08-01,토,12:54,매장,OTW-T02,보늬밤 타르트,타르트,1,8500,8500
OTW-260801-021,2026-08-01,토,12:54,매장,OTW-D01,옥수수 밀크티,음료,1,6500,6500
OTW-260801-022,2026-08-01,토,12:54,매장,OTW-D01,옥수수 밀크티,음료,1,6500,6500
OTW-260801-023,2026-08-01,토,12:55,매장,OTW-T04,자몽 망고 요거트 타르트,타르트,1,9600,9600
OTW-260801-023,2026-08-01,토,12:55,매장,OTW-C01,오프더월 x 풀노리 옥수수 아이스크림,협업상품,1,6500,6500
OTW-260801-024,2026-08-01,토,13:00,매장,OTW-C01,오프더월 x 풀노리 옥수수 아이스크림,협업상품,1,6500,6500
OTW-260801-025,2026-08-01,토,13:01,포장,OTW-D01,옥수수 밀크티,음료,1,6500,6500
OTW-260801-025,2026-08-01,토,13:01,포장,OTW-E01,강릉 옥수수 에그타르트,에그타르트,2,4800,9600
OTW-260801-026,2026-08-01,토,13:05,매장,OTW-C01,오프더월 x 풀노리 옥수수 아이스크림,협업상품,1,6500,6500
OTW-260801-026,2026-08-01,토,13:05,매장,OTW-D01,옥수수 밀크티,음료,1,6500,6500
OTW-260801-026,2026-08-01,토,13:05,매장,OTW-C01,오프더월 x 풀노리 옥수수 아이스크림,협업상품,1,6500,6500
OTW-260801-027,2026-08-01,토,13:08,포장,OTW-C01,오프더월 x 풀노리 옥수수 아이스크림,협업상품,1,6500,6500
OTW-260801-027,2026-08-01,토,13:08,포장,OTW-D01,옥수수 밀크티,음료,1,6500,6500
OTW-260801-028,2026-08-01,토,13:11,포장,OTW-C01,오프더월 x 풀노리 옥수수 아이스크림,협업상품,1,6500,6500
OTW-260801-028,2026-08-01,토,13:11,포장,OTW-C01,오프더월 x 풀노리 옥수수 아이스크림,협업상품,2,6500,13000
OTW-260801-029,2026-08-01,토,13:12,매장,OTW-E01,강릉 옥수수 에그타르트,에그타르트,1,4800,4800
OTW-260801-029,2026-08-01,토,13:12,매장,OTW-T01,옥수수 타르트,타르트,1,8500,8500
OTW-260801-029,2026-08-01,토,13:12,매장,OTW-C01,오프더월 x 풀노리 옥수수 아이스크림,협업상품,1,6500,6500
OTW-260801-030,2026-08-01,토,13:16,포장,OTW-T02,보늬밤 타르트,타르트,1,8500,8500
OTW-260801-030,2026-08-01,토,13:16,포장,OTW-D01,옥수수 밀크티,음료,1,6500,6500
OTW-260801-030,2026-08-01,토,13:16,포장,OTW-E01,강릉 옥수수 에그타르트,에그타르트,1,4800,4800
OTW-260801-031,2026-08-01,토,13:17,포장,OTW-C01,오프더월 x 풀노리 옥수수 아이스크림,협업상품,1,6500,6500
OTW-260801-032,2026-08-01,토,13:22,포장,OTW-C01,오프더월 x 풀노리 옥수수 아이스크림,협업상품,1,6500,6500
OTW-260801-032,2026-08-01,토,13:22,포장,OTW-C01,오프더월 x 풀노리 옥수수 아이스크림,협업상품,1,6500,6500
OTW-260801-032,2026-08-01,토,13:22,포장,OTW-T01,옥수수 타르트,타르트,2,8500,17000
OTW-260801-033,2026-08-01,토,13:24,포장,OTW-C01,오프더월 x 풀노리 옥수수 아이스크림,협업상품,1,6500,6500
OTW-260801-033,2026-08-01,토,13:24,포장,OTW-C01,오프더월 x 풀노리 옥수수 아이스크림,협업상품,1,6500,6500
OTW-260801-034,2026-08-01,토,13:25,포장,OTW-D01,옥수수 밀크티,음료,1,6500,6500
OTW-260801-034,2026-08-01,토,13:25,포장,OTW-T01,옥수수 타르트,타르트,1,8500,8500
OTW-260801-035,2026-08-01,토,13:27,포장,OTW-T02,보늬밤 타르트,타르트,1,8500,8500
OTW-260801-035,2026-08-01,토,13:27,포장,OTW-E04,피스타치오 에그타르트,에그타르트,1,5800,5800
OTW-260801-035,2026-08-01,토,13:27,포장,OTW-T01,옥수수 타르트,타르트,1,8500,8500
OTW-260801-036,2026-08-01,토,13:27,매장,OTW-D01,옥수수 밀크티,음료,1,6500,6500
OTW-260801-037,2026-08-01,토,13:28,포장,OTW-D01,옥수수 밀크티,음료,2,6500,13000
OTW-260801-037,2026-08-01,토,13:28,포장,OTW-T02,보늬밤 타르트,타르트,1,8500,8500
OTW-260801-038,2026-08-01,토,13:37,매장,OTW-E03,흑임자&산딸기 에그타르트,에그타르트,1,5500,5500
OTW-260801-039,2026-08-01,토,13:39,포장,OTW-T02,보늬밤 타르트,타르트,1,8500,8500
OTW-260801-039,2026-08-01,토,13:39,포장,OTW-D01,옥수수 밀크티,음료,1,6500,6500
OTW-260801-040,2026-08-01,토,13:42,매장,OTW-T01,옥수수 타르트,타르트,2,8500,17000
OTW-260801-041,2026-08-01,토,13:47,포장,OTW-E01,강릉 옥수수 에그타르트,에그타르트,1,4800,4800
OTW-260801-042,2026-08-01,토,13:48,포장,OTW-E02,강릉 감자&잠봉 에그타르트,에그타르트,2,5200,10400
OTW-260801-042,2026-08-01,토,13:48,포장,OTW-T03,말차 타르트,타르트,1,9100,9100
OTW-260801-043,2026-08-01,토,13:49,매장,OTW-D01,옥수수 밀크티,음료,1,6500,6500
OTW-260801-044,2026-08-01,토,13:50,포장,OTW-E01,강릉 옥수수 에그타르트,에그타르트,1,4800,4800
OTW-260801-044,2026-08-01,토,13:50,포장,OTW-D01,옥수수 밀크티,음료,1,6500,6500
OTW-260801-045,2026-08-01,토,13:54,포장,OTW-T03,말차 타르트,타르트,1,9100,9100
OTW-260801-045,2026-08-01,토,13:54,포장,OTW-E02,강릉 감자&잠봉 에그타르트,에그타르트,1,5200,5200
OTW-260801-046,2026-08-01,토,13:57,포장,OTW-E02,강릉 감자&잠봉 에그타르트,에그타르트,2,5200,10400
OTW-260801-046,2026-08-01,토,13:57,포장,OTW-T02,보늬밤 타르트,타르트,1,8500,8500
OTW-260801-047,2026-08-01,토,13:58,포장,OTW-T03,말차 타르트,타르트,1,9100,9100
OTW-260801-047,2026-08-01,토,13:58,포장,OTW-D01,옥수수 밀크티,음료,1,6500,6500
OTW-260801-048,2026-08-01,토,13:59,포장,OTW-E01,강릉 옥수수 에그타르트,에그타르트,1,4800,4800
OTW-260801-048,2026-08-01,토,13:59,포장,OTW-E02,강릉 감자&잠봉 에그타르트,에그타르트,1,5200,5200
OTW-260801-049,2026-08-01,토,14:06,매장,OTW-T01,옥수수 타르트,타르트,1,8500,8500
OTW-260801-049,2026-08-01,토,14:06,매장,OTW-T01,옥수수 타르트,타르트,1,8500,8500
OTW-260801-050,2026-08-01,토,14:08,포장,OTW-T01,옥수수 타르트,타르트,1,8500,8500
OTW-260801-051,2026-08-01,토,14:20,매장,OTW-D01,옥수수 밀크티,음료,1,6500,6500
OTW-260801-052,2026-08-01,토,14:30,포장,OTW-T03,말차 타르트,타르트,2,9100,18200
OTW-260801-053,2026-08-01,토,14:41,포장,OTW-P01,아이스크림 파르페,디저트,1,8500,8500
OTW-260801-053,2026-08-01,토,14:41,포장,OTW-D01,옥수수 밀크티,음료,2,6500,13000
OTW-260801-053,2026-08-01,토,14:41,포장,OTW-E01,강릉 옥수수 에그타르트,에그타르트,1,4800,4800
OTW-260801-054,2026-08-01,토,14:43,매장,OTW-T02,보늬밤 타르트,타르트,1,8500,8500
OTW-260801-055,2026-08-01,토,14:47,포장,OTW-E02,강릉 감자&잠봉 에그타르트,에그타르트,2,5200,10400
OTW-260801-056,2026-08-01,토,14:48,매장,OTW-T01,옥수수 타르트,타르트,1,8500,8500
OTW-260801-056,2026-08-01,토,14:48,매장,OTW-D01,옥수수 밀크티,음료,1,6500,6500
OTW-260801-057,2026-08-01,토,14:50,포장,OTW-T01,옥수수 타르트,타르트,1,8500,8500
OTW-260801-057,2026-08-01,토,14:50,포장,OTW-T03,말차 타르트,타르트,1,9100,9100
OTW-260801-058,2026-08-01,토,14:51,매장,OTW-T03,말차 타르트,타르트,1,9100,9100
OTW-260801-059,2026-08-01,토,14:53,포장,OTW-T01,옥수수 타르트,타르트,2,8500,17000
OTW-260801-060,2026-08-01,토,15:05,포장,OTW-T03,말차 타르트,타르트,1,9100,9100
OTW-260801-061,2026-08-01,토,15:08,매장,OTW-D01,옥수수 밀크티,음료,1,6500,6500
OTW-260801-061,2026-08-01,토,15:08,매장,OTW-T03,말차 타르트,타르트,1,9100,9100
OTW-260801-062,2026-08-01,토,15:11,포장,OTW-P01,아이스크림 파르페,디저트,1,8500,8500
OTW-260801-062,2026-08-01,토,15:11,포장,OTW-T03,말차 타르트,타르트,1,9100,9100
OTW-260801-062,2026-08-01,토,15:11,포장,OTW-E03,흑임자&산딸기 에그타르트,에그타르트,1,5500,5500
OTW-260801-063,2026-08-01,토,15:15,매장,OTW-E02,강릉 감자&잠봉 에그타르트,에그타르트,1,5200,5200
OTW-260801-063,2026-08-01,토,15:15,매장,OTW-E03,흑임자&산딸기 에그타르트,에그타르트,2,5500,11000
OTW-260801-064,2026-08-01,토,15:19,포장,OTW-T01,옥수수 타르트,타르트,2,8500,17000
OTW-260801-064,2026-08-01,토,15:19,포장,OTW-E01,강릉 옥수수 에그타르트,에그타르트,1,4800,4800
OTW-260802-001,2026-08-02,일,12:08,매장,OTW-E02,강릉 감자&잠봉 에그타르트,에그타르트,1,5200,5200
OTW-260802-002,2026-08-02,일,12:14,포장,OTW-T01,옥수수 타르트,타르트,1,8500,8500
OTW-260802-003,2026-08-02,일,12:19,매장,OTW-D01,옥수수 밀크티,음료,1,6500,6500
OTW-260802-003,2026-08-02,일,12:19,매장,OTW-P01,아이스크림 파르페,디저트,1,8500,8500
OTW-260802-004,2026-08-02,일,12:23,포장,OTW-P01,아이스크림 파르페,디저트,1,8500,8500
OTW-260802-004,2026-08-02,일,12:23,포장,OTW-T03,말차 타르트,타르트,1,9100,9100
OTW-260802-005,2026-08-02,일,12:24,매장,OTW-C01,오프더월 x 풀노리 옥수수 아이스크림,협업상품,1,6500,6500
OTW-260802-005,2026-08-02,일,12:24,매장,OTW-C01,오프더월 x 풀노리 옥수수 아이스크림,협업상품,1,6500,6500
OTW-260802-006,2026-08-02,일,12:25,포장,OTW-C01,오프더월 x 풀노리 옥수수 아이스크림,협업상품,1,6500,6500
OTW-260802-007,2026-08-02,일,12:26,매장,OTW-T02,보늬밤 타르트,타르트,1,8500,8500
OTW-260802-008,2026-08-02,일,12:26,포장,OTW-C01,오프더월 x 풀노리 옥수수 아이스크림,협업상품,2,6500,13000
OTW-260802-008,2026-08-02,일,12:26,포장,OTW-E04,피스타치오 에그타르트,에그타르트,1,5800,5800
OTW-260802-009,2026-08-02,일,12:29,포장,OTW-D01,옥수수 밀크티,음료,1,6500,6500
OTW-260802-009,2026-08-02,일,12:29,포장,OTW-T01,옥수수 타르트,타르트,1,8500,8500
OTW-260802-010,2026-08-02,일,12:30,포장,OTW-C01,오프더월 x 풀노리 옥수수 아이스크림,협업상품,1,6500,6500
OTW-260802-011,2026-08-02,일,12:33,포장,OTW-E01,강릉 옥수수 에그타르트,에그타르트,1,4800,4800
OTW-260802-012,2026-08-02,일,12:42,포장,OTW-E03,흑임자&산딸기 에그타르트,에그타르트,1,5500,5500
OTW-260802-013,2026-08-02,일,12:46,포장,OTW-T01,옥수수 타르트,타르트,1,8500,8500
OTW-260802-014,2026-08-02,일,12:49,포장,OTW-P01,아이스크림 파르페,디저트,1,8500,8500
OTW-260802-015,2026-08-02,일,12:55,포장,OTW-C01,오프더월 x 풀노리 옥수수 아이스크림,협업상품,1,6500,6500
OTW-260802-015,2026-08-02,일,12:55,포장,OTW-C01,오프더월 x 풀노리 옥수수 아이스크림,협업상품,1,6500,6500
OTW-260802-015,2026-08-02,일,12:55,포장,OTW-P01,아이스크림 파르페,디저트,1,8500,8500
OTW-260802-016,2026-08-02,일,12:55,포장,OTW-C01,오프더월 x 풀노리 옥수수 아이스크림,협업상품,1,6500,6500
OTW-260802-016,2026-08-02,일,12:55,포장,OTW-T01,옥수수 타르트,타르트,1,8500,8500
OTW-260802-017,2026-08-02,일,12:56,포장,OTW-P01,아이스크림 파르페,디저트,1,8500,8500
OTW-260802-018,2026-08-02,일,12:59,포장,OTW-C01,오프더월 x 풀노리 옥수수 아이스크림,협업상품,1,6500,6500
OTW-260802-018,2026-08-02,일,12:59,포장,OTW-T02,보늬밤 타르트,타르트,1,8500,8500
OTW-260802-019,2026-08-02,일,13:00,포장,OTW-C01,오프더월 x 풀노리 옥수수 아이스크림,협업상품,1,6500,6500
OTW-260802-020,2026-08-02,일,13:01,포장,OTW-C01,오프더월 x 풀노리 옥수수 아이스크림,협업상품,1,6500,6500
OTW-260802-020,2026-08-02,일,13:01,포장,OTW-E02,강릉 감자&잠봉 에그타르트,에그타르트,1,5200,5200
OTW-260802-020,2026-08-02,일,13:01,포장,OTW-E02,강릉 감자&잠봉 에그타르트,에그타르트,2,5200,10400
OTW-260802-021,2026-08-02,일,13:02,매장,OTW-C01,오프더월 x 풀노리 옥수수 아이스크림,협업상품,1,6500,6500
OTW-260802-021,2026-08-02,일,13:02,매장,OTW-C01,오프더월 x 풀노리 옥수수 아이스크림,협업상품,1,6500,6500
OTW-260802-021,2026-08-02,일,13:02,매장,OTW-E02,강릉 감자&잠봉 에그타르트,에그타르트,1,5200,5200
OTW-260802-022,2026-08-02,일,13:04,매장,OTW-C01,오프더월 x 풀노리 옥수수 아이스크림,협업상품,1,6500,6500
OTW-260802-023,2026-08-02,일,13:11,포장,OTW-T04,자몽 망고 요거트 타르트,타르트,1,9600,9600
OTW-260802-024,2026-08-02,일,13:13,포장,OTW-C01,오프더월 x 풀노리 옥수수 아이스크림,협업상품,2,6500,13000
OTW-260802-024,2026-08-02,일,13:13,포장,OTW-T01,옥수수 타르트,타르트,1,8500,8500
OTW-260802-025,2026-08-02,일,13:15,매장,OTW-D01,옥수수 밀크티,음료,1,6500,6500
OTW-260802-025,2026-08-02,일,13:15,매장,OTW-C01,오프더월 x 풀노리 옥수수 아이스크림,협업상품,1,6500,6500
OTW-260802-025,2026-08-02,일,13:15,매장,OTW-E01,강릉 옥수수 에그타르트,에그타르트,1,4800,4800
OTW-260802-026,2026-08-02,일,13:18,포장,OTW-P01,아이스크림 파르페,디저트,1,8500,8500
OTW-260802-026,2026-08-02,일,13:18,포장,OTW-C01,오프더월 x 풀노리 옥수수 아이스크림,협업상품,1,6500,6500
OTW-260802-027,2026-08-02,일,13:19,포장,OTW-E01,강릉 옥수수 에그타르트,에그타르트,1,4800,4800
OTW-260802-028,2026-08-02,일,13:21,포장,OTW-D01,옥수수 밀크티,음료,2,6500,13000
OTW-260802-028,2026-08-02,일,13:21,포장,OTW-E03,흑임자&산딸기 에그타르트,에그타르트,1,5500,5500
OTW-260802-029,2026-08-02,일,13:22,매장,OTW-E01,강릉 옥수수 에그타르트,에그타르트,2,4800,9600
OTW-260802-029,2026-08-02,일,13:22,매장,OTW-C01,오프더월 x 풀노리 옥수수 아이스크림,협업상품,1,6500,6500
OTW-260802-030,2026-08-02,일,13:25,포장,OTW-C01,오프더월 x 풀노리 옥수수 아이스크림,협업상품,2,6500,13000
OTW-260802-030,2026-08-02,일,13:25,포장,OTW-T01,옥수수 타르트,타르트,1,8500,8500
OTW-260802-030,2026-08-02,일,13:25,포장,OTW-T04,자몽 망고 요거트 타르트,타르트,1,9600,9600
OTW-260802-031,2026-08-02,일,13:28,포장,OTW-T02,보늬밤 타르트,타르트,1,8500,8500
OTW-260802-032,2026-08-02,일,13:32,매장,OTW-P01,아이스크림 파르페,디저트,1,8500,8500
OTW-260802-033,2026-08-02,일,13:33,매장,OTW-E04,피스타치오 에그타르트,에그타르트,1,5800,5800
OTW-260802-034,2026-08-02,일,13:37,포장,OTW-C01,오프더월 x 풀노리 옥수수 아이스크림,협업상품,2,6500,13000
OTW-260802-035,2026-08-02,일,13:42,포장,OTW-T01,옥수수 타르트,타르트,1,8500,8500
OTW-260802-036,2026-08-02,일,13:50,매장,OTW-T04,자몽 망고 요거트 타르트,타르트,1,9600,9600
OTW-260802-037,2026-08-02,일,13:50,매장,OTW-E01,강릉 옥수수 에그타르트,에그타르트,1,4800,4800
OTW-260802-038,2026-08-02,일,13:51,매장,OTW-C01,오프더월 x 풀노리 옥수수 아이스크림,협업상품,1,6500,6500
OTW-260802-038,2026-08-02,일,13:51,매장,OTW-C01,오프더월 x 풀노리 옥수수 아이스크림,협업상품,1,6500,6500
OTW-260802-039,2026-08-02,일,13:56,매장,OTW-T03,말차 타르트,타르트,1,9100,9100
OTW-260802-039,2026-08-02,일,13:56,매장,OTW-C01,오프더월 x 풀노리 옥수수 아이스크림,협업상품,1,6500,6500
OTW-260802-039,2026-08-02,일,13:56,매장,OTW-P01,아이스크림 파르페,디저트,1,8500,8500
OTW-260802-040,2026-08-02,일,13:56,포장,OTW-C01,오프더월 x 풀노리 옥수수 아이스크림,협업상품,1,6500,6500
OTW-260802-040,2026-08-02,일,13:56,포장,OTW-T01,옥수수 타르트,타르트,1,8500,8500
OTW-260802-041,2026-08-02,일,13:58,포장,OTW-T01,옥수수 타르트,타르트,1,8500,8500
OTW-260802-041,2026-08-02,일,13:58,포장,OTW-C01,오프더월 x 풀노리 옥수수 아이스크림,협업상품,1,6500,6500
OTW-260802-041,2026-08-02,일,13:58,포장,OTW-P01,아이스크림 파르페,디저트,1,8500,8500
OTW-260802-042,2026-08-02,일,13:58,포장,OTW-T04,자몽 망고 요거트 타르트,타르트,2,9600,19200
OTW-260802-042,2026-08-02,일,13:58,포장,OTW-E01,강릉 옥수수 에그타르트,에그타르트,1,4800,4800
OTW-260802-042,2026-08-02,일,13:58,포장,OTW-T04,자몽 망고 요거트 타르트,타르트,1,9600,9600
OTW-260802-043,2026-08-02,일,14:06,매장,OTW-D01,옥수수 밀크티,음료,1,6500,6500
OTW-260802-043,2026-08-02,일,14:06,매장,OTW-E01,강릉 옥수수 에그타르트,에그타르트,1,4800,4800
OTW-260802-043,2026-08-02,일,14:06,매장,OTW-T02,보늬밤 타르트,타르트,1,8500,8500
OTW-260802-044,2026-08-02,일,14:11,포장,OTW-T01,옥수수 타르트,타르트,1,8500,8500
OTW-260802-045,2026-08-02,일,14:14,포장,OTW-P01,아이스크림 파르페,디저트,1,8500,8500
OTW-260802-046,2026-08-02,일,14:15,매장,OTW-T04,자몽 망고 요거트 타르트,타르트,1,9600,9600
OTW-260802-047,2026-08-02,일,14:21,포장,OTW-T03,말차 타르트,타르트,2,9100,18200
OTW-260802-047,2026-08-02,일,14:21,포장,OTW-E02,강릉 감자&잠봉 에그타르트,에그타르트,1,5200,5200
OTW-260802-048,2026-08-02,일,14:24,매장,OTW-E03,흑임자&산딸기 에그타르트,에그타르트,1,5500,5500
OTW-260802-048,2026-08-02,일,14:24,매장,OTW-D01,옥수수 밀크티,음료,1,6500,6500
OTW-260802-049,2026-08-02,일,14:24,포장,OTW-E02,강릉 감자&잠봉 에그타르트,에그타르트,1,5200,5200
OTW-260802-049,2026-08-02,일,14:24,포장,OTW-E01,강릉 옥수수 에그타르트,에그타르트,1,4800,4800
OTW-260802-049,2026-08-02,일,14:24,포장,OTW-E04,피스타치오 에그타르트,에그타르트,1,5800,5800
OTW-260802-050,2026-08-02,일,14:25,포장,OTW-T01,옥수수 타르트,타르트,1,8500,8500
OTW-260802-050,2026-08-02,일,14:25,포장,OTW-T02,보늬밤 타르트,타르트,1,8500,8500
OTW-260802-051,2026-08-02,일,14:25,매장,OTW-D01,옥수수 밀크티,음료,1,6500,6500
OTW-260802-051,2026-08-02,일,14:25,매장,OTW-E02,강릉 감자&잠봉 에그타르트,에그타르트,2,5200,10400
OTW-260802-051,2026-08-02,일,14:25,매장,OTW-E01,강릉 옥수수 에그타르트,에그타르트,1,4800,4800
OTW-260802-052,2026-08-02,일,14:31,매장,OTW-E01,강릉 옥수수 에그타르트,에그타르트,1,4800,4800
OTW-260802-053,2026-08-02,일,14:33,포장,OTW-T02,보늬밤 타르트,타르트,1,8500,8500
OTW-260802-054,2026-08-02,일,14:35,매장,OTW-P01,아이스크림 파르페,디저트,1,8500,8500
OTW-260802-055,2026-08-02,일,14:40,매장,OTW-E01,강릉 옥수수 에그타르트,에그타르트,1,4800,4800
OTW-260802-056,2026-08-02,일,14:44,포장,OTW-T01,옥수수 타르트,타르트,1,8500,8500
OTW-260802-057,2026-08-02,일,14:45,포장,OTW-E01,강릉 옥수수 에그타르트,에그타르트,1,4800,4800
OTW-260802-057,2026-08-02,일,14:45,포장,OTW-T04,자몽 망고 요거트 타르트,타르트,2,9600,19200
OTW-260802-058,2026-08-02,일,14:46,포장,OTW-D01,옥수수 밀크티,음료,1,6500,6500
OTW-260802-058,2026-08-02,일,14:46,포장,OTW-T01,옥수수 타르트,타르트,1,8500,8500
OTW-260802-059,2026-08-02,일,14:47,포장,OTW-E02,강릉 감자&잠봉 에그타르트,에그타르트,1,5200,5200
OTW-260802-059,2026-08-02,일,14:47,포장,OTW-E02,강릉 감자&잠봉 에그타르트,에그타르트,1,5200,5200
OTW-260802-060,2026-08-02,일,14:55,포장,OTW-T01,옥수수 타르트,타르트,2,8500,17000
OTW-260802-061,2026-08-02,일,15:03,포장,OTW-D01,옥수수 밀크티,음료,1,6500,6500
OTW-260802-061,2026-08-02,일,15:03,포장,OTW-T04,자몽 망고 요거트 타르트,타르트,1,9600,9600
OTW-260802-062,2026-08-02,일,15:03,매장,OTW-T01,옥수수 타르트,타르트,1,8500,8500
OTW-260802-062,2026-08-02,일,15:03,매장,OTW-T04,자몽 망고 요거트 타르트,타르트,1,9600,9600
OTW-260802-062,2026-08-02,일,15:03,매장,OTW-D01,옥수수 밀크티,음료,1,6500,6500
OTW-260802-063,2026-08-02,일,15:05,매장,OTW-T01,옥수수 타르트,타르트,1,8500,8500
OTW-260802-063,2026-08-02,일,15:05,매장,OTW-P01,아이스크림 파르페,디저트,2,8500,17000
OTW-260802-064,2026-08-02,일,15:07,매장,OTW-E03,흑임자&산딸기 에그타르트,에그타르트,1,5500,5500
OTW-260802-064,2026-08-02,일,15:07,매장,OTW-T03,말차 타르트,타르트,1,9100,9100
OTW-260802-065,2026-08-02,일,15:09,포장,OTW-T01,옥수수 타르트,타르트,1,8500,8500
OTW-260802-065,2026-08-02,일,15:09,포장,OTW-T04,자몽 망고 요거트 타르트,타르트,2,9600,19200
OTW-260802-065,2026-08-02,일,15:09,포장,OTW-E02,강릉 감자&잠봉 에그타르트,에그타르트,1,5200,5200
OTW-260802-066,2026-08-02,일,15:09,매장,OTW-T04,자몽 망고 요거트 타르트,타르트,1,9600,9600
OTW-260802-067,2026-08-02,일,15:09,포장,OTW-D01,옥수수 밀크티,음료,2,6500,13000
OTW-260802-067,2026-08-02,일,15:09,포장,OTW-E04,피스타치오 에그타르트,에그타르트,1,5800,5800
OTW-260802-068,2026-08-02,일,15:09,매장,OTW-T02,보늬밤 타르트,타르트,1,8500,8500
OTW-260802-068,2026-08-02,일,15:09,매장,OTW-T04,자몽 망고 요거트 타르트,타르트,1,9600,9600
OTW-260802-068,2026-08-02,일,15:09,매장,OTW-T03,말차 타르트,타르트,1,9100,9100
OTW-260802-069,2026-08-02,일,15:12,포장,OTW-E01,강릉 옥수수 에그타르트,에그타르트,2,4800,9600
OTW-260802-069,2026-08-02,일,15:12,포장,OTW-D01,옥수수 밀크티,음료,1,6500,6500
OTW-260802-070,2026-08-02,일,15:15,매장,OTW-T02,보늬밤 타르트,타르트,1,8500,8500
OTW-260802-071,2026-08-02,일,15:21,포장,OTW-D01,옥수수 밀크티,음료,2,6500,13000
OTW-260802-072,2026-08-02,일,15:21,포장,OTW-D01,옥수수 밀크티,음료,1,6500,6500
OTW-260802-072,2026-08-02,일,15:21,포장,OTW-T03,말차 타르트,타르트,1,9100,9100
OTW-260802-073,2026-08-02,일,15:23,포장,OTW-D01,옥수수 밀크티,음료,1,6500,6500
OTW-260802-073,2026-08-02,일,15:23,포장,OTW-E01,강릉 옥수수 에그타르트,에그타르트,1,4800,4800
OTW-260802-074,2026-08-02,일,15:26,매장,OTW-P01,아이스크림 파르페,디저트,1,8500,8500
OTW-260802-074,2026-08-02,일,15:26,매장,OTW-D01,옥수수 밀크티,음료,1,6500,6500
OTW-260802-075,2026-08-02,일,15:27,매장,OTW-T03,말차 타르트,타르트,1,9100,9100
OTW-260802-075,2026-08-02,일,15:27,매장,OTW-E02,강릉 감자&잠봉 에그타르트,에그타르트,1,5200,5200
OTW-260802-075,2026-08-02,일,15:27,매장,OTW-E01,강릉 옥수수 에그타르트,에그타르트,1,4800,4800
OTW-260802-076,2026-08-02,일,15:28,포장,OTW-T01,옥수수 타르트,타르트,2,8500,17000
OTW-260803-001,2026-08-03,월,12:00,포장,OTW-D01,옥수수 밀크티,음료,1,6500,6500
OTW-260803-001,2026-08-03,월,12:00,포장,OTW-E03,흑임자&산딸기 에그타르트,에그타르트,1,5500,5500
OTW-260803-002,2026-08-03,월,12:01,매장,OTW-D01,옥수수 밀크티,음료,1,6500,6500
OTW-260803-002,2026-08-03,월,12:01,매장,OTW-C01,오프더월 x 풀노리 옥수수 아이스크림,협업상품,1,6500,6500
OTW-260803-003,2026-08-03,월,12:01,포장,OTW-T04,자몽 망고 요거트 타르트,타르트,1,9600,9600
OTW-260803-003,2026-08-03,월,12:01,포장,OTW-C01,오프더월 x 풀노리 옥수수 아이스크림,협업상품,1,6500,6500
OTW-260803-003,2026-08-03,월,12:01,포장,OTW-C01,오프더월 x 풀노리 옥수수 아이스크림,협업상품,1,6500,6500
OTW-260803-004,2026-08-03,월,12:10,포장,OTW-E01,강릉 옥수수 에그타르트,에그타르트,1,4800,4800
OTW-260803-005,2026-08-03,월,12:16,포장,OTW-T04,자몽 망고 요거트 타르트,타르트,1,9600,9600
OTW-260803-005,2026-08-03,월,12:16,포장,OTW-T01,옥수수 타르트,타르트,1,8500,8500
OTW-260803-006,2026-08-03,월,12:18,포장,OTW-D01,옥수수 밀크티,음료,1,6500,6500
OTW-260803-007,2026-08-03,월,12:18,포장,OTW-D01,옥수수 밀크티,음료,1,6500,6500
OTW-260803-007,2026-08-03,월,12:18,포장,OTW-T04,자몽 망고 요거트 타르트,타르트,1,9600,9600
OTW-260803-007,2026-08-03,월,12:18,포장,OTW-C01,오프더월 x 풀노리 옥수수 아이스크림,협업상품,1,6500,6500
OTW-260803-008,2026-08-03,월,12:21,포장,OTW-T01,옥수수 타르트,타르트,1,8500,8500
OTW-260803-009,2026-08-03,월,12:22,포장,OTW-T03,말차 타르트,타르트,1,9100,9100
OTW-260803-009,2026-08-03,월,12:22,포장,OTW-P01,아이스크림 파르페,디저트,1,8500,8500
OTW-260803-010,2026-08-03,월,12:32,포장,OTW-E02,강릉 감자&잠봉 에그타르트,에그타르트,1,5200,5200
OTW-260803-010,2026-08-03,월,12:32,포장,OTW-E01,강릉 옥수수 에그타르트,에그타르트,1,4800,4800
OTW-260803-011,2026-08-03,월,12:35,포장,OTW-T01,옥수수 타르트,타르트,1,8500,8500
OTW-260803-011,2026-08-03,월,12:35,포장,OTW-E01,강릉 옥수수 에그타르트,에그타르트,1,4800,4800
OTW-260803-012,2026-08-03,월,12:52,포장,OTW-T02,보늬밤 타르트,타르트,1,8500,8500
OTW-260803-013,2026-08-03,월,13:07,포장,OTW-T01,옥수수 타르트,타르트,1,8500,8500
OTW-260803-013,2026-08-03,월,13:07,포장,OTW-E01,강릉 옥수수 에그타르트,에그타르트,1,4800,4800
OTW-260803-013,2026-08-03,월,13:07,포장,OTW-D01,옥수수 밀크티,음료,1,6500,6500
OTW-260803-014,2026-08-03,월,13:16,매장,OTW-T03,말차 타르트,타르트,2,9100,18200
OTW-260803-015,2026-08-03,월,13:20,포장,OTW-T03,말차 타르트,타르트,2,9100,18200
OTW-260803-016,2026-08-03,월,13:50,포장,OTW-T02,보늬밤 타르트,타르트,1,8500,8500
OTW-260803-016,2026-08-03,월,13:50,포장,OTW-D01,옥수수 밀크티,음료,1,6500,6500
OTW-260803-016,2026-08-03,월,13:50,포장,OTW-E01,강릉 옥수수 에그타르트,에그타르트,1,4800,4800
OTW-260803-017,2026-08-03,월,13:57,매장,OTW-D01,옥수수 밀크티,음료,2,6500,13000
OTW-260803-018,2026-08-03,월,13:58,포장,OTW-T04,자몽 망고 요거트 타르트,타르트,1,9600,9600
OTW-260803-018,2026-08-03,월,13:58,포장,OTW-E01,강릉 옥수수 에그타르트,에그타르트,1,4800,4800
OTW-260803-018,2026-08-03,월,13:58,포장,OTW-D01,옥수수 밀크티,음료,1,6500,6500
OTW-260803-019,2026-08-03,월,14:16,포장,OTW-T02,보늬밤 타르트,타르트,1,8500,8500
OTW-260803-019,2026-08-03,월,14:16,포장,OTW-T03,말차 타르트,타르트,1,9100,9100
OTW-260803-020,2026-08-03,월,14:18,포장,OTW-T01,옥수수 타르트,타르트,2,8500,17000
OTW-260803-021,2026-08-03,월,14:26,매장,OTW-D01,옥수수 밀크티,음료,1,6500,6500
OTW-260803-021,2026-08-03,월,14:26,매장,OTW-D01,옥수수 밀크티,음료,1,6500,6500
OTW-260803-022,2026-08-03,월,14:27,매장,OTW-T02,보늬밤 타르트,타르트,2,8500,17000
OTW-260803-022,2026-08-03,월,14:27,매장,OTW-T01,옥수수 타르트,타르트,2,8500,17000
OTW-260803-023,2026-08-03,월,14:35,포장,OTW-T01,옥수수 타르트,타르트,2,8500,17000
OTW-260803-023,2026-08-03,월,14:35,포장,OTW-T01,옥수수 타르트,타르트,1,8500,8500
OTW-260803-024,2026-08-03,월,14:42,포장,OTW-E04,피스타치오 에그타르트,에그타르트,2,5800,11600
OTW-260803-025,2026-08-03,월,14:42,포장,OTW-E02,강릉 감자&잠봉 에그타르트,에그타르트,2,5200,10400
OTW-260803-026,2026-08-03,월,14:45,포장,OTW-T01,옥수수 타르트,타르트,1,8500,8500
OTW-260803-027,2026-08-03,월,14:52,포장,OTW-T02,보늬밤 타르트,타르트,1,8500,8500
OTW-260803-027,2026-08-03,월,14:52,포장,OTW-T01,옥수수 타르트,타르트,1,8500,8500
OTW-260803-028,2026-08-03,월,14:53,포장,OTW-T02,보늬밤 타르트,타르트,1,8500,8500
OTW-260803-029,2026-08-03,월,14:56,매장,OTW-T03,말차 타르트,타르트,1,9100,9100
OTW-260803-030,2026-08-03,월,15:01,포장,OTW-T04,자몽 망고 요거트 타르트,타르트,2,9600,19200
OTW-260803-030,2026-08-03,월,15:01,포장,OTW-E01,강릉 옥수수 에그타르트,에그타르트,2,4800,9600
OTW-260803-031,2026-08-03,월,15:11,포장,OTW-E02,강릉 감자&잠봉 에그타르트,에그타르트,2,5200,10400
OTW-260803-032,2026-08-03,월,15:17,포장,OTW-T03,말차 타르트,타르트,2,9100,18200
OTW-260803-033,2026-08-03,월,15:20,포장,OTW-T01,옥수수 타르트,타르트,1,8500,8500
OTW-260803-033,2026-08-03,월,15:20,포장,OTW-T03,말차 타르트,타르트,1,9100,9100
OTW-260803-033,2026-08-03,월,15:20,포장,OTW-D01,옥수수 밀크티,음료,1,6500,6500
OTW-260803-034,2026-08-03,월,15:26,포장,OTW-E01,강릉 옥수수 에그타르트,에그타르트,1,4800,4800
OTW-260803-035,2026-08-03,월,15:31,포장,OTW-E02,강릉 감자&잠봉 에그타르트,에그타르트,1,5200,5200
OTW-260803-035,2026-08-03,월,15:31,포장,OTW-E03,흑임자&산딸기 에그타르트,에그타르트,1,5500,5500
OTW-260803-035,2026-08-03,월,15:31,포장,OTW-E02,강릉 감자&잠봉 에그타르트,에그타르트,1,5200,5200
OTW-260803-036,2026-08-03,월,15:40,포장,OTW-T01,옥수수 타르트,타르트,1,8500,8500
OTW-260803-036,2026-08-03,월,15:40,포장,OTW-E02,강릉 감자&잠봉 에그타르트,에그타르트,1,5200,5200
OTW-260803-037,2026-08-03,월,15:44,포장,OTW-E04,피스타치오 에그타르트,에그타르트,1,5800,5800
OTW-260803-037,2026-08-03,월,15:44,포장,OTW-T01,옥수수 타르트,타르트,1,8500,8500
OTW-260803-038,2026-08-03,월,15:45,매장,OTW-E01,강릉 옥수수 에그타르트,에그타르트,2,4800,9600
OTW-260803-038,2026-08-03,월,15:45,매장,OTW-T03,말차 타르트,타르트,1,9100,9100
OTW-260803-039,2026-08-03,월,15:45,매장,OTW-T04,자몽 망고 요거트 타르트,타르트,1,9600,9600
OTW-260803-039,2026-08-03,월,15:45,매장,OTW-P01,아이스크림 파르페,디저트,1,8500,8500
OTW-260803-040,2026-08-03,월,15:54,매장,OTW-E01,강릉 옥수수 에그타르트,에그타르트,1,4800,4800
OTW-260803-041,2026-08-03,월,15:59,매장,OTW-E03,흑임자&산딸기 에그타르트,에그타르트,1,5500,5500
OTW-260803-041,2026-08-03,월,15:59,매장,OTW-T02,보늬밤 타르트,타르트,2,8500,17000
OTW-260803-041,2026-08-03,월,15:59,매장,OTW-T04,자몽 망고 요거트 타르트,타르트,1,9600,9600
OTW-260803-042,2026-08-03,월,16:11,포장,OTW-D01,옥수수 밀크티,음료,2,6500,13000
OTW-260803-043,2026-08-03,월,16:18,포장,OTW-T01,옥수수 타르트,타르트,1,8500,8500
OTW-260803-044,2026-08-03,월,16:20,포장,OTW-E03,흑임자&산딸기 에그타르트,에그타르트,1,5500,5500
OTW-260803-044,2026-08-03,월,16:20,포장,OTW-T01,옥수수 타르트,타르트,1,8500,8500
OTW-260803-044,2026-08-03,월,16:20,포장,OTW-D01,옥수수 밀크티,음료,1,6500,6500
OTW-260803-045,2026-08-03,월,16:21,매장,OTW-D01,옥수수 밀크티,음료,1,6500,6500
OTW-260803-045,2026-08-03,월,16:21,매장,OTW-D01,옥수수 밀크티,음료,1,6500,6500
OTW-260803-045,2026-08-03,월,16:21,매장,OTW-E01,강릉 옥수수 에그타르트,에그타르트,1,4800,4800
OTW-260803-046,2026-08-03,월,16:28,포장,OTW-D01,옥수수 밀크티,음료,2,6500,13000
OTW-260803-046,2026-08-03,월,16:28,포장,OTW-P01,아이스크림 파르페,디저트,1,8500,8500
OTW-260803-047,2026-08-03,월,16:31,포장,OTW-T01,옥수수 타르트,타르트,1,8500,8500
OTW-260803-048,2026-08-03,월,16:33,포장,OTW-D01,옥수수 밀크티,음료,1,6500,6500
OTW-260803-048,2026-08-03,월,16:33,포장,OTW-D01,옥수수 밀크티,음료,1,6500,6500
OTW-260803-049,2026-08-03,월,16:34,매장,OTW-T01,옥수수 타르트,타르트,1,8500,8500
OTW-260803-050,2026-08-03,월,16:36,포장,OTW-E04,피스타치오 에그타르트,에그타르트,1,5800,5800
OTW-260803-050,2026-08-03,월,16:36,포장,OTW-E03,흑임자&산딸기 에그타르트,에그타르트,2,5500,11000
OTW-260803-051,2026-08-03,월,16:38,포장,OTW-E04,피스타치오 에그타르트,에그타르트,1,5800,5800
OTW-260803-051,2026-08-03,월,16:38,포장,OTW-E03,흑임자&산딸기 에그타르트,에그타르트,1,5500,5500
OTW-260803-052,2026-08-03,월,16:39,포장,OTW-T02,보늬밤 타르트,타르트,1,8500,8500
OTW-260803-052,2026-08-03,월,16:39,포장,OTW-D01,옥수수 밀크티,음료,1,6500,6500
OTW-260803-052,2026-08-03,월,16:39,포장,OTW-T01,옥수수 타르트,타르트,1,8500,8500
OTW-260803-053,2026-08-03,월,16:46,매장,OTW-T04,자몽 망고 요거트 타르트,타르트,1,9600,9600
OTW-260803-053,2026-08-03,월,16:46,매장,OTW-D01,옥수수 밀크티,음료,1,6500,6500
OTW-260803-054,2026-08-03,월,16:50,매장,OTW-E01,강릉 옥수수 에그타르트,에그타르트,1,4800,4800
OTW-260803-054,2026-08-03,월,16:50,매장,OTW-E01,강릉 옥수수 에그타르트,에그타르트,1,4800,4800
OTW-260803-055,2026-08-03,월,16:51,매장,OTW-D01,옥수수 밀크티,음료,1,6500,6500
OTW-260803-055,2026-08-03,월,16:51,매장,OTW-D01,옥수수 밀크티,음료,1,6500,6500
OTW-260803-055,2026-08-03,월,16:51,매장,OTW-E02,강릉 감자&잠봉 에그타르트,에그타르트,1,5200,5200
OTW-260803-056,2026-08-03,월,16:51,포장,OTW-D01,옥수수 밀크티,음료,1,6500,6500
OTW-260803-057,2026-08-03,월,16:53,포장,OTW-E01,강릉 옥수수 에그타르트,에그타르트,1,4800,4800
OTW-260803-058,2026-08-03,월,17:09,포장,OTW-P01,아이스크림 파르페,디저트,1,8500,8500
OTW-260803-058,2026-08-03,월,17:09,포장,OTW-D01,옥수수 밀크티,음료,1,6500,6500
OTW-260803-058,2026-08-03,월,17:09,포장,OTW-T04,자몽 망고 요거트 타르트,타르트,1,9600,9600
OTW-260803-059,2026-08-03,월,17:11,포장,OTW-T01,옥수수 타르트,타르트,1,8500,8500
OTW-260803-059,2026-08-03,월,17:11,포장,OTW-T01,옥수수 타르트,타르트,1,8500,8500
OTW-260803-059,2026-08-03,월,17:11,포장,OTW-T02,보늬밤 타르트,타르트,1,8500,8500
OTW-260803-060,2026-08-03,월,17:14,포장,OTW-T02,보늬밤 타르트,타르트,1,8500,8500
OTW-260803-060,2026-08-03,월,17:14,포장,OTW-D01,옥수수 밀크티,음료,1,6500,6500
OTW-260803-060,2026-08-03,월,17:14,포장,OTW-D01,옥수수 밀크티,음료,1,6500,6500
OTW-260806-001,2026-08-06,목,12:02,포장,OTW-C01,오프더월 x 풀노리 옥수수 아이스크림,협업상품,1,6500,6500
OTW-260806-001,2026-08-06,목,12:02,포장,OTW-C01,오프더월 x 풀노리 옥수수 아이스크림,협업상품,1,6500,6500
OTW-260806-002,2026-08-06,목,12:08,포장,OTW-C01,오프더월 x 풀노리 옥수수 아이스크림,협업상품,1,6500,6500
OTW-260806-002,2026-08-06,목,12:08,포장,OTW-E03,흑임자&산딸기 에그타르트,에그타르트,1,5500,5500
OTW-260806-003,2026-08-06,목,12:12,포장,OTW-C01,오프더월 x 풀노리 옥수수 아이스크림,협업상품,1,6500,6500
OTW-260806-003,2026-08-06,목,12:12,포장,OTW-D01,옥수수 밀크티,음료,1,6500,6500
OTW-260806-003,2026-08-06,목,12:12,포장,OTW-C01,오프더월 x 풀노리 옥수수 아이스크림,협업상품,1,6500,6500
OTW-260806-004,2026-08-06,목,12:13,포장,OTW-C01,오프더월 x 풀노리 옥수수 아이스크림,협업상품,1,6500,6500
OTW-260806-004,2026-08-06,목,12:13,포장,OTW-T03,말차 타르트,타르트,1,9100,9100
OTW-260806-004,2026-08-06,목,12:13,포장,OTW-C01,오프더월 x 풀노리 옥수수 아이스크림,협업상품,1,6500,6500
OTW-260806-005,2026-08-06,목,12:29,포장,OTW-C01,오프더월 x 풀노리 옥수수 아이스크림,협업상품,1,6500,6500
OTW-260806-005,2026-08-06,목,12:29,포장,OTW-T01,옥수수 타르트,타르트,1,8500,8500
OTW-260806-006,2026-08-06,목,12:37,매장,OTW-E01,강릉 옥수수 에그타르트,에그타르트,1,4800,4800
OTW-260806-006,2026-08-06,목,12:37,매장,OTW-D01,옥수수 밀크티,음료,1,6500,6500
OTW-260806-007,2026-08-06,목,12:44,매장,OTW-C01,오프더월 x 풀노리 옥수수 아이스크림,협업상품,1,6500,6500
OTW-260806-007,2026-08-06,목,12:44,매장,OTW-D01,옥수수 밀크티,음료,2,6500,13000
OTW-260806-008,2026-08-06,목,12:45,매장,OTW-P01,아이스크림 파르페,디저트,2,8500,17000
OTW-260806-009,2026-08-06,목,12:46,포장,OTW-E02,강릉 감자&잠봉 에그타르트,에그타르트,2,5200,10400
OTW-260806-009,2026-08-06,목,12:46,포장,OTW-C01,오프더월 x 풀노리 옥수수 아이스크림,협업상품,1,6500,6500
OTW-260806-009,2026-08-06,목,12:46,포장,OTW-C01,오프더월 x 풀노리 옥수수 아이스크림,협업상품,1,6500,6500
OTW-260806-010,2026-08-06,목,12:53,포장,OTW-T01,옥수수 타르트,타르트,1,8500,8500
OTW-260806-011,2026-08-06,목,12:54,매장,OTW-D01,옥수수 밀크티,음료,2,6500,13000
OTW-260806-012,2026-08-06,목,12:55,매장,OTW-T02,보늬밤 타르트,타르트,1,8500,8500
OTW-260806-013,2026-08-06,목,12:58,포장,OTW-C01,오프더월 x 풀노리 옥수수 아이스크림,협업상품,1,6500,6500
OTW-260806-013,2026-08-06,목,12:58,포장,OTW-P01,아이스크림 파르페,디저트,1,8500,8500
OTW-260806-013,2026-08-06,목,12:58,포장,OTW-D01,옥수수 밀크티,음료,1,6500,6500
OTW-260806-014,2026-08-06,목,12:58,포장,OTW-C01,오프더월 x 풀노리 옥수수 아이스크림,협업상품,1,6500,6500
OTW-260806-015,2026-08-06,목,12:59,포장,OTW-D01,옥수수 밀크티,음료,2,6500,13000
OTW-260806-015,2026-08-06,목,12:59,포장,OTW-T02,보늬밤 타르트,타르트,1,8500,8500
OTW-260806-016,2026-08-06,목,12:59,포장,OTW-C01,오프더월 x 풀노리 옥수수 아이스크림,협업상품,1,6500,6500
OTW-260806-016,2026-08-06,목,12:59,포장,OTW-C01,오프더월 x 풀노리 옥수수 아이스크림,협업상품,1,6500,6500
OTW-260806-016,2026-08-06,목,12:59,포장,OTW-P01,아이스크림 파르페,디저트,1,8500,8500
OTW-260806-017,2026-08-06,목,13:02,매장,OTW-P01,아이스크림 파르페,디저트,1,8500,8500
OTW-260806-017,2026-08-06,목,13:02,매장,OTW-T01,옥수수 타르트,타르트,1,8500,8500
OTW-260806-018,2026-08-06,목,13:07,매장,OTW-E01,강릉 옥수수 에그타르트,에그타르트,1,4800,4800
OTW-260806-019,2026-08-06,목,13:13,매장,OTW-C01,오프더월 x 풀노리 옥수수 아이스크림,협업상품,1,6500,6500
OTW-260806-020,2026-08-06,목,13:20,포장,OTW-T02,보늬밤 타르트,타르트,1,8500,8500
OTW-260806-020,2026-08-06,목,13:20,포장,OTW-C01,오프더월 x 풀노리 옥수수 아이스크림,협업상품,1,6500,6500
OTW-260806-021,2026-08-06,목,13:21,포장,OTW-T02,보늬밤 타르트,타르트,2,8500,17000
OTW-260806-021,2026-08-06,목,13:21,포장,OTW-T03,말차 타르트,타르트,1,9100,9100
OTW-260806-022,2026-08-06,목,13:22,포장,OTW-C01,오프더월 x 풀노리 옥수수 아이스크림,협업상품,1,6500,6500
OTW-260806-022,2026-08-06,목,13:22,포장,OTW-C01,오프더월 x 풀노리 옥수수 아이스크림,협업상품,1,6500,6500
OTW-260806-023,2026-08-06,목,13:27,매장,OTW-P01,아이스크림 파르페,디저트,1,8500,8500
OTW-260806-024,2026-08-06,목,13:34,포장,OTW-T02,보늬밤 타르트,타르트,2,8500,17000
OTW-260806-024,2026-08-06,목,13:34,포장,OTW-C01,오프더월 x 풀노리 옥수수 아이스크림,협업상품,1,6500,6500
OTW-260806-025,2026-08-06,목,13:39,포장,OTW-T04,자몽 망고 요거트 타르트,타르트,1,9600,9600
OTW-260806-026,2026-08-06,목,13:44,포장,OTW-C01,오프더월 x 풀노리 옥수수 아이스크림,협업상품,1,6500,6500
OTW-260806-026,2026-08-06,목,13:44,포장,OTW-D01,옥수수 밀크티,음료,1,6500,6500
OTW-260806-026,2026-08-06,목,13:44,포장,OTW-T03,말차 타르트,타르트,1,9100,9100
OTW-260806-027,2026-08-06,목,13:47,매장,OTW-T02,보늬밤 타르트,타르트,1,8500,8500
OTW-260806-027,2026-08-06,목,13:47,매장,OTW-D01,옥수수 밀크티,음료,1,6500,6500
OTW-260806-027,2026-08-06,목,13:47,매장,OTW-E02,강릉 감자&잠봉 에그타르트,에그타르트,1,5200,5200
OTW-260806-028,2026-08-06,목,13:49,포장,OTW-T04,자몽 망고 요거트 타르트,타르트,1,9600,9600
OTW-260806-029,2026-08-06,목,13:53,매장,OTW-D01,옥수수 밀크티,음료,1,6500,6500
OTW-260806-030,2026-08-06,목,13:55,포장,OTW-C01,오프더월 x 풀노리 옥수수 아이스크림,협업상품,1,6500,6500
OTW-260806-031,2026-08-06,목,13:57,포장,OTW-E01,강릉 옥수수 에그타르트,에그타르트,2,4800,9600
OTW-260806-032,2026-08-06,목,13:59,포장,OTW-D01,옥수수 밀크티,음료,2,6500,13000
OTW-260806-033,2026-08-06,목,14:08,매장,OTW-D01,옥수수 밀크티,음료,1,6500,6500
OTW-260806-034,2026-08-06,목,14:09,매장,OTW-T02,보늬밤 타르트,타르트,2,8500,17000
OTW-260806-034,2026-08-06,목,14:09,매장,OTW-E02,강릉 감자&잠봉 에그타르트,에그타르트,2,5200,10400
OTW-260806-034,2026-08-06,목,14:09,매장,OTW-E04,피스타치오 에그타르트,에그타르트,1,5800,5800
OTW-260806-035,2026-08-06,목,14:15,포장,OTW-T04,자몽 망고 요거트 타르트,타르트,1,9600,9600
OTW-260806-035,2026-08-06,목,14:15,포장,OTW-C01,오프더월 x 풀노리 옥수수 아이스크림,협업상품,1,6500,6500
OTW-260806-036,2026-08-06,목,14:16,포장,OTW-T02,보늬밤 타르트,타르트,1,8500,8500
OTW-260806-037,2026-08-06,목,14:17,포장,OTW-D01,옥수수 밀크티,음료,1,6500,6500
OTW-260806-037,2026-08-06,목,14:17,포장,OTW-E01,강릉 옥수수 에그타르트,에그타르트,2,4800,9600
OTW-260806-038,2026-08-06,목,14:19,포장,OTW-T03,말차 타르트,타르트,2,9100,18200
OTW-260806-039,2026-08-06,목,14:20,포장,OTW-E04,피스타치오 에그타르트,에그타르트,1,5800,5800
OTW-260806-040,2026-08-06,목,14:21,포장,OTW-T01,옥수수 타르트,타르트,2,8500,17000
OTW-260806-041,2026-08-06,목,14:22,포장,OTW-T01,옥수수 타르트,타르트,1,8500,8500
OTW-260806-042,2026-08-06,목,14:25,매장,OTW-T04,자몽 망고 요거트 타르트,타르트,1,9600,9600
OTW-260806-042,2026-08-06,목,14:25,매장,OTW-D01,옥수수 밀크티,음료,1,6500,6500
OTW-260806-042,2026-08-06,목,14:25,매장,OTW-D01,옥수수 밀크티,음료,2,6500,13000
OTW-260806-043,2026-08-06,목,14:28,포장,OTW-T01,옥수수 타르트,타르트,1,8500,8500
OTW-260806-043,2026-08-06,목,14:28,포장,OTW-T04,자몽 망고 요거트 타르트,타르트,1,9600,9600
OTW-260806-044,2026-08-06,목,14:34,포장,OTW-E02,강릉 감자&잠봉 에그타르트,에그타르트,1,5200,5200
OTW-260806-045,2026-08-06,목,14:38,포장,OTW-P01,아이스크림 파르페,디저트,1,8500,8500
OTW-260806-045,2026-08-06,목,14:38,포장,OTW-T01,옥수수 타르트,타르트,1,8500,8500
OTW-260806-046,2026-08-06,목,14:42,포장,OTW-T03,말차 타르트,타르트,1,9100,9100
OTW-260806-046,2026-08-06,목,14:42,포장,OTW-T01,옥수수 타르트,타르트,2,8500,17000
OTW-260806-046,2026-08-06,목,14:42,포장,OTW-T04,자몽 망고 요거트 타르트,타르트,1,9600,9600
OTW-260806-047,2026-08-06,목,14:47,포장,OTW-T02,보늬밤 타르트,타르트,1,8500,8500
OTW-260806-048,2026-08-06,목,14:51,매장,OTW-T02,보늬밤 타르트,타르트,1,8500,8500
OTW-260806-049,2026-08-06,목,14:59,포장,OTW-T04,자몽 망고 요거트 타르트,타르트,1,9600,9600
OTW-260806-050,2026-08-06,목,15:03,포장,OTW-E01,강릉 옥수수 에그타르트,에그타르트,1,4800,4800
OTW-260806-050,2026-08-06,목,15:03,포장,OTW-T03,말차 타르트,타르트,1,9100,9100
OTW-260806-051,2026-08-06,목,15:04,매장,OTW-E02,강릉 감자&잠봉 에그타르트,에그타르트,1,5200,5200
OTW-260806-052,2026-08-06,목,15:07,포장,OTW-E01,강릉 옥수수 에그타르트,에그타르트,1,4800,4800
OTW-260806-052,2026-08-06,목,15:07,포장,OTW-E03,흑임자&산딸기 에그타르트,에그타르트,1,5500,5500
OTW-260806-053,2026-08-06,목,15:12,매장,OTW-D01,옥수수 밀크티,음료,1,6500,6500
OTW-260806-053,2026-08-06,목,15:12,매장,OTW-D01,옥수수 밀크티,음료,1,6500,6500
OTW-260806-054,2026-08-06,목,15:17,포장,OTW-E03,흑임자&산딸기 에그타르트,에그타르트,1,5500,5500
OTW-260806-055,2026-08-06,목,15:25,매장,OTW-P01,아이스크림 파르페,디저트,1,8500,8500
OTW-260806-056,2026-08-06,목,15:28,포장,OTW-T02,보늬밤 타르트,타르트,2,8500,17000
OTW-260806-056,2026-08-06,목,15:28,포장,OTW-T03,말차 타르트,타르트,1,9100,9100
OTW-260806-056,2026-08-06,목,15:28,포장,OTW-E03,흑임자&산딸기 에그타르트,에그타르트,1,5500,5500
OTW-260806-057,2026-08-06,목,15:28,포장,OTW-E04,피스타치오 에그타르트,에그타르트,1,5800,5800
OTW-260806-057,2026-08-06,목,15:28,포장,OTW-E04,피스타치오 에그타르트,에그타르트,1,5800,5800
OTW-260806-058,2026-08-06,목,15:46,포장,OTW-T03,말차 타르트,타르트,1,9100,9100
OTW-260806-059,2026-08-06,목,15:48,매장,OTW-E02,강릉 감자&잠봉 에그타르트,에그타르트,1,5200,5200
OTW-260806-059,2026-08-06,목,15:48,매장,OTW-P01,아이스크림 파르페,디저트,1,8500,8500
OTW-260806-060,2026-08-06,목,15:51,포장,OTW-E01,강릉 옥수수 에그타르트,에그타르트,1,4800,4800
OTW-260806-061,2026-08-06,목,15:57,포장,OTW-E02,강릉 감자&잠봉 에그타르트,에그타르트,1,5200,5200
OTW-260806-061,2026-08-06,목,15:57,포장,OTW-T03,말차 타르트,타르트,1,9100,9100
OTW-260806-062,2026-08-06,목,15:59,포장,OTW-E02,강릉 감자&잠봉 에그타르트,에그타르트,1,5200,5200
OTW-260807-001,2026-08-07,금,12:15,포장,OTW-T04,자몽 망고 요거트 타르트,타르트,1,9600,9600
OTW-260807-001,2026-08-07,금,12:15,포장,OTW-E02,강릉 감자&잠봉 에그타르트,에그타르트,2,5200,10400
OTW-260807-002,2026-08-07,금,12:16,매장,OTW-T02,보늬밤 타르트,타르트,1,8500,8500
OTW-260807-003,2026-08-07,금,12:16,포장,OTW-C01,오프더월 x 풀노리 옥수수 아이스크림,협업상품,1,6500,6500
OTW-260807-003,2026-08-07,금,12:16,포장,OTW-P01,아이스크림 파르페,디저트,1,8500,8500
OTW-260807-004,2026-08-07,금,12:17,포장,OTW-C01,오프더월 x 풀노리 옥수수 아이스크림,협업상품,1,6500,6500
OTW-260807-005,2026-08-07,금,12:22,포장,OTW-E01,강릉 옥수수 에그타르트,에그타르트,1,4800,4800
OTW-260807-005,2026-08-07,금,12:22,포장,OTW-T01,옥수수 타르트,타르트,1,8500,8500
OTW-260807-006,2026-08-07,금,12:33,매장,OTW-E01,강릉 옥수수 에그타르트,에그타르트,1,4800,4800
OTW-260807-007,2026-08-07,금,12:39,포장,OTW-T01,옥수수 타르트,타르트,1,8500,8500
OTW-260807-007,2026-08-07,금,12:39,포장,OTW-C01,오프더월 x 풀노리 옥수수 아이스크림,협업상품,1,6500,6500
OTW-260807-008,2026-08-07,금,12:40,매장,OTW-D01,옥수수 밀크티,음료,1,6500,6500
OTW-260807-009,2026-08-07,금,12:44,포장,OTW-E03,흑임자&산딸기 에그타르트,에그타르트,1,5500,5500
OTW-260807-009,2026-08-07,금,12:44,포장,OTW-C01,오프더월 x 풀노리 옥수수 아이스크림,협업상품,1,6500,6500
OTW-260807-010,2026-08-07,금,12:48,매장,OTW-C01,오프더월 x 풀노리 옥수수 아이스크림,협업상품,2,6500,13000
OTW-260807-010,2026-08-07,금,12:48,매장,OTW-C01,오프더월 x 풀노리 옥수수 아이스크림,협업상품,2,6500,13000
OTW-260807-011,2026-08-07,금,12:53,포장,OTW-T02,보늬밤 타르트,타르트,1,8500,8500
OTW-260807-012,2026-08-07,금,13:03,포장,OTW-T04,자몽 망고 요거트 타르트,타르트,2,9600,19200
OTW-260807-012,2026-08-07,금,13:03,포장,OTW-E02,강릉 감자&잠봉 에그타르트,에그타르트,1,5200,5200
OTW-260807-013,2026-08-07,금,13:10,매장,OTW-E02,강릉 감자&잠봉 에그타르트,에그타르트,1,5200,5200
OTW-260807-013,2026-08-07,금,13:10,매장,OTW-D01,옥수수 밀크티,음료,2,6500,13000
OTW-260807-014,2026-08-07,금,13:13,포장,OTW-E01,강릉 옥수수 에그타르트,에그타르트,1,4800,4800
OTW-260807-015,2026-08-07,금,13:19,포장,OTW-E02,강릉 감자&잠봉 에그타르트,에그타르트,1,5200,5200
OTW-260807-015,2026-08-07,금,13:19,포장,OTW-E02,강릉 감자&잠봉 에그타르트,에그타르트,1,5200,5200
OTW-260807-016,2026-08-07,금,13:21,포장,OTW-T01,옥수수 타르트,타르트,1,8500,8500
OTW-260807-016,2026-08-07,금,13:21,포장,OTW-T03,말차 타르트,타르트,1,9100,9100
OTW-260807-017,2026-08-07,금,13:24,포장,OTW-C01,오프더월 x 풀노리 옥수수 아이스크림,협업상품,1,6500,6500
OTW-260807-018,2026-08-07,금,13:27,포장,OTW-E01,강릉 옥수수 에그타르트,에그타르트,1,4800,4800
OTW-260807-018,2026-08-07,금,13:27,포장,OTW-T03,말차 타르트,타르트,1,9100,9100
OTW-260807-019,2026-08-07,금,13:29,포장,OTW-E02,강릉 감자&잠봉 에그타르트,에그타르트,1,5200,5200
OTW-260807-019,2026-08-07,금,13:29,포장,OTW-P01,아이스크림 파르페,디저트,1,8500,8500
OTW-260807-019,2026-08-07,금,13:29,포장,OTW-C01,오프더월 x 풀노리 옥수수 아이스크림,협업상품,1,6500,6500
OTW-260807-020,2026-08-07,금,13:30,매장,OTW-C01,오프더월 x 풀노리 옥수수 아이스크림,협업상품,1,6500,6500
OTW-260807-020,2026-08-07,금,13:30,매장,OTW-T04,자몽 망고 요거트 타르트,타르트,1,9600,9600
OTW-260807-020,2026-08-07,금,13:30,매장,OTW-C01,오프더월 x 풀노리 옥수수 아이스크림,협업상품,1,6500,6500
OTW-260807-021,2026-08-07,금,13:33,포장,OTW-C01,오프더월 x 풀노리 옥수수 아이스크림,협업상품,1,6500,6500
OTW-260807-021,2026-08-07,금,13:33,포장,OTW-T01,옥수수 타르트,타르트,2,8500,17000
OTW-260807-022,2026-08-07,금,13:34,포장,OTW-T03,말차 타르트,타르트,1,9100,9100
OTW-260807-022,2026-08-07,금,13:34,포장,OTW-E01,강릉 옥수수 에그타르트,에그타르트,2,4800,9600
OTW-260807-023,2026-08-07,금,13:35,포장,OTW-E03,흑임자&산딸기 에그타르트,에그타르트,1,5500,5500
OTW-260807-024,2026-08-07,금,13:41,포장,OTW-D01,옥수수 밀크티,음료,1,6500,6500
OTW-260807-024,2026-08-07,금,13:41,포장,OTW-C01,오프더월 x 풀노리 옥수수 아이스크림,협업상품,1,6500,6500
OTW-260807-024,2026-08-07,금,13:41,포장,OTW-D01,옥수수 밀크티,음료,2,6500,13000
OTW-260807-025,2026-08-07,금,13:46,매장,OTW-T01,옥수수 타르트,타르트,1,8500,8500
OTW-260807-026,2026-08-07,금,13:50,포장,OTW-T02,보늬밤 타르트,타르트,1,8500,8500
OTW-260807-026,2026-08-07,금,13:50,포장,OTW-D01,옥수수 밀크티,음료,1,6500,6500
OTW-260807-026,2026-08-07,금,13:50,포장,OTW-T04,자몽 망고 요거트 타르트,타르트,1,9600,9600
OTW-260807-027,2026-08-07,금,13:50,포장,OTW-E01,강릉 옥수수 에그타르트,에그타르트,1,4800,4800
OTW-260807-028,2026-08-07,금,13:54,포장,OTW-E03,흑임자&산딸기 에그타르트,에그타르트,2,5500,11000
OTW-260807-028,2026-08-07,금,13:54,포장,OTW-D01,옥수수 밀크티,음료,2,6500,13000
OTW-260807-028,2026-08-07,금,13:54,포장,OTW-T03,말차 타르트,타르트,1,9100,9100
OTW-260807-029,2026-08-07,금,13:58,매장,OTW-C01,오프더월 x 풀노리 옥수수 아이스크림,협업상품,1,6500,6500
OTW-260807-030,2026-08-07,금,14:11,매장,OTW-T03,말차 타르트,타르트,1,9100,9100
OTW-260807-031,2026-08-07,금,14:14,매장,OTW-C01,오프더월 x 풀노리 옥수수 아이스크림,협업상품,1,6500,6500
OTW-260807-031,2026-08-07,금,14:14,매장,OTW-T01,옥수수 타르트,타르트,1,8500,8500
OTW-260807-032,2026-08-07,금,14:31,포장,OTW-E01,강릉 옥수수 에그타르트,에그타르트,1,4800,4800
OTW-260807-032,2026-08-07,금,14:31,포장,OTW-E01,강릉 옥수수 에그타르트,에그타르트,2,4800,9600
OTW-260807-032,2026-08-07,금,14:31,포장,OTW-T01,옥수수 타르트,타르트,2,8500,17000
OTW-260807-033,2026-08-07,금,14:38,포장,OTW-C01,오프더월 x 풀노리 옥수수 아이스크림,협업상품,1,6500,6500
OTW-260807-033,2026-08-07,금,14:38,포장,OTW-T03,말차 타르트,타르트,1,9100,9100
OTW-260807-034,2026-08-07,금,14:38,포장,OTW-D01,옥수수 밀크티,음료,2,6500,13000
OTW-260807-034,2026-08-07,금,14:38,포장,OTW-D01,옥수수 밀크티,음료,1,6500,6500
OTW-260807-035,2026-08-07,금,14:58,포장,OTW-C01,오프더월 x 풀노리 옥수수 아이스크림,협업상품,1,6500,6500
OTW-260807-036,2026-08-07,금,15:08,매장,OTW-E01,강릉 옥수수 에그타르트,에그타르트,2,4800,9600
OTW-260807-036,2026-08-07,금,15:08,매장,OTW-T03,말차 타르트,타르트,1,9100,9100
OTW-260807-037,2026-08-07,금,15:14,포장,OTW-C01,오프더월 x 풀노리 옥수수 아이스크림,협업상품,1,6500,6500
OTW-260807-038,2026-08-07,금,15:14,포장,OTW-E01,강릉 옥수수 에그타르트,에그타르트,1,4800,4800
OTW-260807-038,2026-08-07,금,15:14,포장,OTW-T01,옥수수 타르트,타르트,1,8500,8500
OTW-260807-038,2026-08-07,금,15:14,포장,OTW-T01,옥수수 타르트,타르트,1,8500,8500
OTW-260807-039,2026-08-07,금,15:21,포장,OTW-E01,강릉 옥수수 에그타르트,에그타르트,1,4800,4800
OTW-260807-040,2026-08-07,금,15:24,포장,OTW-T01,옥수수 타르트,타르트,1,8500,8500
OTW-260807-041,2026-08-07,금,15:24,포장,OTW-T01,옥수수 타르트,타르트,1,8500,8500
OTW-260807-041,2026-08-07,금,15:24,포장,OTW-T02,보늬밤 타르트,타르트,1,8500,8500
OTW-260807-042,2026-08-07,금,15:31,포장,OTW-T02,보늬밤 타르트,타르트,1,8500,8500
OTW-260807-042,2026-08-07,금,15:31,포장,OTW-E01,강릉 옥수수 에그타르트,에그타르트,1,4800,4800
OTW-260807-042,2026-08-07,금,15:31,포장,OTW-E02,강릉 감자&잠봉 에그타르트,에그타르트,1,5200,5200
OTW-260807-043,2026-08-07,금,15:31,포장,OTW-T01,옥수수 타르트,타르트,1,8500,8500
OTW-260807-043,2026-08-07,금,15:31,포장,OTW-D01,옥수수 밀크티,음료,1,6500,6500
OTW-260807-044,2026-08-07,금,15:44,포장,OTW-T01,옥수수 타르트,타르트,1,8500,8500
OTW-260807-045,2026-08-07,금,15:48,매장,OTW-T01,옥수수 타르트,타르트,1,8500,8500
OTW-260807-046,2026-08-07,금,15:49,포장,OTW-E03,흑임자&산딸기 에그타르트,에그타르트,1,5500,5500
OTW-260807-046,2026-08-07,금,15:49,포장,OTW-E01,강릉 옥수수 에그타르트,에그타르트,1,4800,4800
OTW-260807-046,2026-08-07,금,15:49,포장,OTW-P01,아이스크림 파르페,디저트,1,8500,8500
OTW-260807-047,2026-08-07,금,15:49,포장,OTW-T02,보늬밤 타르트,타르트,1,8500,8500
OTW-260807-047,2026-08-07,금,15:49,포장,OTW-E02,강릉 감자&잠봉 에그타르트,에그타르트,1,5200,5200
OTW-260807-048,2026-08-07,금,15:50,매장,OTW-D01,옥수수 밀크티,음료,1,6500,6500
OTW-260807-048,2026-08-07,금,15:50,매장,OTW-T02,보늬밤 타르트,타르트,1,8500,8500
OTW-260807-049,2026-08-07,금,15:55,매장,OTW-T02,보늬밤 타르트,타르트,2,8500,17000
OTW-260807-049,2026-08-07,금,15:55,매장,OTW-T01,옥수수 타르트,타르트,1,8500,8500
OTW-260807-050,2026-08-07,금,15:56,포장,OTW-D01,옥수수 밀크티,음료,1,6500,6500
OTW-260807-051,2026-08-07,금,15:57,포장,OTW-D01,옥수수 밀크티,음료,1,6500,6500
OTW-260807-052,2026-08-07,금,15:58,포장,OTW-T02,보늬밤 타르트,타르트,1,8500,8500
OTW-260807-053,2026-08-07,금,15:58,매장,OTW-E01,강릉 옥수수 에그타르트,에그타르트,1,4800,4800
OTW-260807-053,2026-08-07,금,15:58,매장,OTW-T04,자몽 망고 요거트 타르트,타르트,1,9600,9600
OTW-260807-053,2026-08-07,금,15:58,매장,OTW-E02,강릉 감자&잠봉 에그타르트,에그타르트,1,5200,5200
OTW-260807-054,2026-08-07,금,16:12,포장,OTW-T01,옥수수 타르트,타르트,1,8500,8500
OTW-260807-054,2026-08-07,금,16:12,포장,OTW-T03,말차 타르트,타르트,1,9100,9100
OTW-260807-054,2026-08-07,금,16:12,포장,OTW-T03,말차 타르트,타르트,1,9100,9100
OTW-260807-055,2026-08-07,금,16:24,포장,OTW-D01,옥수수 밀크티,음료,1,6500,6500
OTW-260807-056,2026-08-07,금,16:27,포장,OTW-D01,옥수수 밀크티,음료,2,6500,13000
OTW-260807-056,2026-08-07,금,16:27,포장,OTW-T01,옥수수 타르트,타르트,1,8500,8500
OTW-260807-057,2026-08-07,금,16:31,매장,OTW-T02,보늬밤 타르트,타르트,1,8500,8500
OTW-260807-057,2026-08-07,금,16:31,매장,OTW-E01,강릉 옥수수 에그타르트,에그타르트,2,4800,9600
OTW-260807-058,2026-08-07,금,16:31,포장,OTW-T01,옥수수 타르트,타르트,1,8500,8500
OTW-260807-059,2026-08-07,금,16:32,포장,OTW-T03,말차 타르트,타르트,1,9100,9100
OTW-260807-059,2026-08-07,금,16:32,포장,OTW-P01,아이스크림 파르페,디저트,2,8500,17000
OTW-260807-059,2026-08-07,금,16:32,포장,OTW-T03,말차 타르트,타르트,1,9100,9100
OTW-260807-060,2026-08-07,금,16:47,매장,OTW-T03,말차 타르트,타르트,1,9100,9100
OTW-260807-060,2026-08-07,금,16:47,매장,OTW-D01,옥수수 밀크티,음료,1,6500,6500
OTW-260807-061,2026-08-07,금,16:51,포장,OTW-T01,옥수수 타르트,타르트,2,8500,17000
OTW-260807-061,2026-08-07,금,16:51,포장,OTW-T03,말차 타르트,타르트,1,9100,9100
OTW-260807-061,2026-08-07,금,16:51,포장,OTW-T02,보늬밤 타르트,타르트,1,8500,8500
OTW-260807-062,2026-08-07,금,16:52,포장,OTW-T03,말차 타르트,타르트,1,9100,9100
OTW-260807-063,2026-08-07,금,16:55,포장,OTW-E01,강릉 옥수수 에그타르트,에그타르트,2,4800,9600
OTW-260807-063,2026-08-07,금,16:55,포장,OTW-T01,옥수수 타르트,타르트,1,8500,8500
OTW-260807-064,2026-08-07,금,16:56,포장,OTW-D01,옥수수 밀크티,음료,1,6500,6500
OTW-260807-065,2026-08-07,금,16:56,포장,OTW-E01,강릉 옥수수 에그타르트,에그타르트,1,4800,4800
OTW-260807-065,2026-08-07,금,16:56,포장,OTW-E01,강릉 옥수수 에그타르트,에그타르트,1,4800,4800
OTW-260807-066,2026-08-07,금,17:04,매장,OTW-T01,옥수수 타르트,타르트,1,8500,8500
OTW-260807-066,2026-08-07,금,17:04,매장,OTW-E04,피스타치오 에그타르트,에그타르트,1,5800,5800
OTW-260807-066,2026-08-07,금,17:04,매장,OTW-T02,보늬밤 타르트,타르트,1,8500,8500
OTW-260807-067,2026-08-07,금,17:08,포장,OTW-D01,옥수수 밀크티,음료,1,6500,6500
OTW-260807-067,2026-08-07,금,17:08,포장,OTW-E01,강릉 옥수수 에그타르트,에그타르트,1,4800,4800
OTW-260807-068,2026-08-07,금,17:10,포장,OTW-T01,옥수수 타르트,타르트,1,8500,8500
OTW-260807-068,2026-08-07,금,17:10,포장,OTW-T01,옥수수 타르트,타르트,1,8500,8500
OTW-260807-069,2026-08-07,금,17:15,포장,OTW-D01,옥수수 밀크티,음료,1,6500,6500
OTW-260807-069,2026-08-07,금,17:15,포장,OTW-T01,옥수수 타르트,타르트,1,8500,8500
OTW-260807-070,2026-08-07,금,17:16,포장,OTW-E02,강릉 감자&잠봉 에그타르트,에그타르트,1,5200,5200
OTW-260807-070,2026-08-07,금,17:16,포장,OTW-T02,보늬밤 타르트,타르트,1,8500,8500
OTW-260807-071,2026-08-07,금,17:22,매장,OTW-T03,말차 타르트,타르트,1,9100,9100
OTW-260807-072,2026-08-07,금,17:22,매장,OTW-T02,보늬밤 타르트,타르트,1,8500,8500
OTW-260808-001,2026-08-08,토,12:06,포장,OTW-D01,옥수수 밀크티,음료,1,6500,6500
OTW-260808-002,2026-08-08,토,12:18,포장,OTW-T01,옥수수 타르트,타르트,2,8500,17000
OTW-260808-003,2026-08-08,토,12:19,포장,OTW-E01,강릉 옥수수 에그타르트,에그타르트,1,4800,4800
OTW-260808-004,2026-08-08,토,12:20,매장,OTW-C01,오프더월 x 풀노리 옥수수 아이스크림,협업상품,1,6500,6500
OTW-260808-004,2026-08-08,토,12:20,매장,OTW-E01,강릉 옥수수 에그타르트,에그타르트,1,4800,4800
OTW-260808-004,2026-08-08,토,12:20,매장,OTW-C01,오프더월 x 풀노리 옥수수 아이스크림,협업상품,1,6500,6500
OTW-260808-005,2026-08-08,토,12:22,매장,OTW-D01,옥수수 밀크티,음료,1,6500,6500
OTW-260808-005,2026-08-08,토,12:22,매장,OTW-E01,강릉 옥수수 에그타르트,에그타르트,1,4800,4800
OTW-260808-006,2026-08-08,토,12:25,포장,OTW-T01,옥수수 타르트,타르트,1,8500,8500
OTW-260808-006,2026-08-08,토,12:25,포장,OTW-E01,강릉 옥수수 에그타르트,에그타르트,1,4800,4800
OTW-260808-007,2026-08-08,토,12:26,포장,OTW-T02,보늬밤 타르트,타르트,1,8500,8500
OTW-260808-007,2026-08-08,토,12:26,포장,OTW-T03,말차 타르트,타르트,1,9100,9100
OTW-260808-008,2026-08-08,토,12:39,포장,OTW-E02,강릉 감자&잠봉 에그타르트,에그타르트,1,5200,5200
OTW-260808-008,2026-08-08,토,12:39,포장,OTW-D01,옥수수 밀크티,음료,1,6500,6500
OTW-260808-008,2026-08-08,토,12:39,포장,OTW-E01,강릉 옥수수 에그타르트,에그타르트,1,4800,4800
OTW-260808-009,2026-08-08,토,12:42,포장,OTW-C01,오프더월 x 풀노리 옥수수 아이스크림,협업상품,1,6500,6500
OTW-260808-010,2026-08-08,토,12:42,포장,OTW-C01,오프더월 x 풀노리 옥수수 아이스크림,협업상품,1,6500,6500
OTW-260808-010,2026-08-08,토,12:42,포장,OTW-T01,옥수수 타르트,타르트,2,8500,17000
OTW-260808-011,2026-08-08,토,12:45,포장,OTW-C01,오프더월 x 풀노리 옥수수 아이스크림,협업상품,1,6500,6500
OTW-260808-011,2026-08-08,토,12:45,포장,OTW-C01,오프더월 x 풀노리 옥수수 아이스크림,협업상품,1,6500,6500
OTW-260808-012,2026-08-08,토,12:47,매장,OTW-T01,옥수수 타르트,타르트,1,8500,8500
OTW-260808-012,2026-08-08,토,12:47,매장,OTW-T01,옥수수 타르트,타르트,2,8500,17000
OTW-260808-013,2026-08-08,토,12:48,포장,OTW-C01,오프더월 x 풀노리 옥수수 아이스크림,협업상품,1,6500,6500
OTW-260808-013,2026-08-08,토,12:48,포장,OTW-T04,자몽 망고 요거트 타르트,타르트,1,9600,9600
OTW-260808-014,2026-08-08,토,12:49,매장,OTW-E02,강릉 감자&잠봉 에그타르트,에그타르트,2,5200,10400
OTW-260808-015,2026-08-08,토,12:53,매장,OTW-D01,옥수수 밀크티,음료,2,6500,13000
OTW-260808-015,2026-08-08,토,12:53,매장,OTW-T04,자몽 망고 요거트 타르트,타르트,1,9600,9600
OTW-260808-015,2026-08-08,토,12:53,매장,OTW-T04,자몽 망고 요거트 타르트,타르트,2,9600,19200
OTW-260808-016,2026-08-08,토,12:55,매장,OTW-C01,오프더월 x 풀노리 옥수수 아이스크림,협업상품,1,6500,6500
OTW-260808-017,2026-08-08,토,12:57,포장,OTW-D01,옥수수 밀크티,음료,1,6500,6500
OTW-260808-018,2026-08-08,토,12:59,매장,OTW-T03,말차 타르트,타르트,1,9100,9100
OTW-260808-018,2026-08-08,토,12:59,매장,OTW-T02,보늬밤 타르트,타르트,1,8500,8500
OTW-260808-019,2026-08-08,토,12:59,포장,OTW-C01,오프더월 x 풀노리 옥수수 아이스크림,협업상품,2,6500,13000
OTW-260808-019,2026-08-08,토,12:59,포장,OTW-C01,오프더월 x 풀노리 옥수수 아이스크림,협업상품,1,6500,6500
OTW-260808-020,2026-08-08,토,13:00,매장,OTW-T04,자몽 망고 요거트 타르트,타르트,1,9600,9600
OTW-260808-020,2026-08-08,토,13:00,매장,OTW-C01,오프더월 x 풀노리 옥수수 아이스크림,협업상품,1,6500,6500
OTW-260808-021,2026-08-08,토,13:03,매장,OTW-T01,옥수수 타르트,타르트,1,8500,8500
OTW-260808-021,2026-08-08,토,13:03,매장,OTW-C01,오프더월 x 풀노리 옥수수 아이스크림,협업상품,1,6500,6500
OTW-260808-022,2026-08-08,토,13:07,매장,OTW-C01,오프더월 x 풀노리 옥수수 아이스크림,협업상품,1,6500,6500
OTW-260808-022,2026-08-08,토,13:07,매장,OTW-P01,아이스크림 파르페,디저트,1,8500,8500
OTW-260808-022,2026-08-08,토,13:07,매장,OTW-T03,말차 타르트,타르트,1,9100,9100
OTW-260808-023,2026-08-08,토,13:07,포장,OTW-T01,옥수수 타르트,타르트,2,8500,17000
OTW-260808-023,2026-08-08,토,13:07,포장,OTW-E04,피스타치오 에그타르트,에그타르트,1,5800,5800
OTW-260808-024,2026-08-08,토,13:12,포장,OTW-T04,자몽 망고 요거트 타르트,타르트,1,9600,9600
OTW-260808-025,2026-08-08,토,13:16,포장,OTW-T02,보늬밤 타르트,타르트,1,8500,8500
OTW-260808-026,2026-08-08,토,13:17,매장,OTW-E04,피스타치오 에그타르트,에그타르트,1,5800,5800
OTW-260808-026,2026-08-08,토,13:17,매장,OTW-T02,보늬밤 타르트,타르트,1,8500,8500
OTW-260808-026,2026-08-08,토,13:17,매장,OTW-C01,오프더월 x 풀노리 옥수수 아이스크림,협업상품,1,6500,6500
OTW-260808-027,2026-08-08,토,13:19,매장,OTW-C01,오프더월 x 풀노리 옥수수 아이스크림,협업상품,1,6500,6500
OTW-260808-027,2026-08-08,토,13:19,매장,OTW-P01,아이스크림 파르페,디저트,2,8500,17000
OTW-260808-027,2026-08-08,토,13:19,매장,OTW-C01,오프더월 x 풀노리 옥수수 아이스크림,협업상품,1,6500,6500
OTW-260808-028,2026-08-08,토,13:24,포장,OTW-T04,자몽 망고 요거트 타르트,타르트,1,9600,9600
OTW-260808-029,2026-08-08,토,13:24,포장,OTW-D01,옥수수 밀크티,음료,1,6500,6500
OTW-260808-030,2026-08-08,토,13:24,포장,OTW-C01,오프더월 x 풀노리 옥수수 아이스크림,협업상품,1,6500,6500
OTW-260808-030,2026-08-08,토,13:24,포장,OTW-E02,강릉 감자&잠봉 에그타르트,에그타르트,2,5200,10400
OTW-260808-030,2026-08-08,토,13:24,포장,OTW-C01,오프더월 x 풀노리 옥수수 아이스크림,협업상품,1,6500,6500
OTW-260808-031,2026-08-08,토,13:26,매장,OTW-D01,옥수수 밀크티,음료,1,6500,6500
OTW-260808-031,2026-08-08,토,13:26,매장,OTW-E01,강릉 옥수수 에그타르트,에그타르트,2,4800,9600
OTW-260808-031,2026-08-08,토,13:26,매장,OTW-D01,옥수수 밀크티,음료,1,6500,6500
OTW-260808-032,2026-08-08,토,13:27,포장,OTW-T03,말차 타르트,타르트,2,9100,18200
OTW-260808-032,2026-08-08,토,13:27,포장,OTW-E01,강릉 옥수수 에그타르트,에그타르트,1,4800,4800
OTW-260808-033,2026-08-08,토,13:27,포장,OTW-D01,옥수수 밀크티,음료,1,6500,6500
OTW-260808-034,2026-08-08,토,13:28,포장,OTW-E01,강릉 옥수수 에그타르트,에그타르트,1,4800,4800
OTW-260808-035,2026-08-08,토,13:30,매장,OTW-T01,옥수수 타르트,타르트,1,8500,8500
OTW-260808-035,2026-08-08,토,13:30,매장,OTW-D01,옥수수 밀크티,음료,1,6500,6500
OTW-260808-036,2026-08-08,토,13:35,포장,OTW-C01,오프더월 x 풀노리 옥수수 아이스크림,협업상품,1,6500,6500
OTW-260808-037,2026-08-08,토,13:40,포장,OTW-E01,강릉 옥수수 에그타르트,에그타르트,2,4800,9600
OTW-260808-038,2026-08-08,토,13:42,포장,OTW-E01,강릉 옥수수 에그타르트,에그타르트,1,4800,4800
OTW-260808-038,2026-08-08,토,13:42,포장,OTW-D01,옥수수 밀크티,음료,2,6500,13000
OTW-260808-039,2026-08-08,토,13:45,포장,OTW-D01,옥수수 밀크티,음료,1,6500,6500
OTW-260808-039,2026-08-08,토,13:45,포장,OTW-E01,강릉 옥수수 에그타르트,에그타르트,1,4800,4800
OTW-260808-040,2026-08-08,토,13:45,매장,OTW-C01,오프더월 x 풀노리 옥수수 아이스크림,협업상품,1,6500,6500
OTW-260808-040,2026-08-08,토,13:45,매장,OTW-T04,자몽 망고 요거트 타르트,타르트,1,9600,9600
OTW-260808-040,2026-08-08,토,13:45,매장,OTW-C01,오프더월 x 풀노리 옥수수 아이스크림,협업상품,1,6500,6500
OTW-260808-041,2026-08-08,토,13:46,포장,OTW-C01,오프더월 x 풀노리 옥수수 아이스크림,협업상품,1,6500,6500
OTW-260808-042,2026-08-08,토,13:47,포장,OTW-T03,말차 타르트,타르트,1,9100,9100
OTW-260808-042,2026-08-08,토,13:47,포장,OTW-T01,옥수수 타르트,타르트,1,8500,8500
OTW-260808-043,2026-08-08,토,13:47,포장,OTW-D01,옥수수 밀크티,음료,1,6500,6500
OTW-260808-044,2026-08-08,토,13:51,포장,OTW-P01,아이스크림 파르페,디저트,1,8500,8500
OTW-260808-044,2026-08-08,토,13:51,포장,OTW-D01,옥수수 밀크티,음료,1,6500,6500
OTW-260808-045,2026-08-08,토,13:52,매장,OTW-P01,아이스크림 파르페,디저트,1,8500,8500
OTW-260808-046,2026-08-08,토,13:54,매장,OTW-E02,강릉 감자&잠봉 에그타르트,에그타르트,2,5200,10400
OTW-260808-047,2026-08-08,토,13:59,포장,OTW-T01,옥수수 타르트,타르트,1,8500,8500
OTW-260808-047,2026-08-08,토,13:59,포장,OTW-T01,옥수수 타르트,타르트,1,8500,8500
OTW-260808-048,2026-08-08,토,14:02,포장,OTW-D01,옥수수 밀크티,음료,1,6500,6500
OTW-260808-049,2026-08-08,토,14:03,포장,OTW-D01,옥수수 밀크티,음료,1,6500,6500
OTW-260808-049,2026-08-08,토,14:03,포장,OTW-D01,옥수수 밀크티,음료,1,6500,6500
OTW-260808-050,2026-08-08,토,14:09,포장,OTW-C01,오프더월 x 풀노리 옥수수 아이스크림,협업상품,2,6500,13000
OTW-260808-050,2026-08-08,토,14:09,포장,OTW-C01,오프더월 x 풀노리 옥수수 아이스크림,협업상품,1,6500,6500
OTW-260808-051,2026-08-08,토,14:11,포장,OTW-T01,옥수수 타르트,타르트,1,8500,8500
OTW-260808-052,2026-08-08,토,14:12,포장,OTW-C01,오프더월 x 풀노리 옥수수 아이스크림,협업상품,1,6500,6500
OTW-260808-052,2026-08-08,토,14:12,포장,OTW-D01,옥수수 밀크티,음료,1,6500,6500
OTW-260808-053,2026-08-08,토,14:16,포장,OTW-D01,옥수수 밀크티,음료,1,6500,6500
OTW-260808-054,2026-08-08,토,14:17,포장,OTW-P01,아이스크림 파르페,디저트,1,8500,8500
OTW-260808-055,2026-08-08,토,14:28,포장,OTW-P01,아이스크림 파르페,디저트,1,8500,8500
OTW-260808-056,2026-08-08,토,14:32,포장,OTW-T02,보늬밤 타르트,타르트,1,8500,8500
OTW-260808-056,2026-08-08,토,14:32,포장,OTW-T03,말차 타르트,타르트,1,9100,9100
OTW-260808-057,2026-08-08,토,14:36,매장,OTW-D01,옥수수 밀크티,음료,1,6500,6500
OTW-260808-058,2026-08-08,토,14:37,포장,OTW-E01,강릉 옥수수 에그타르트,에그타르트,1,4800,4800
OTW-260808-058,2026-08-08,토,14:37,포장,OTW-E02,강릉 감자&잠봉 에그타르트,에그타르트,2,5200,10400
OTW-260808-059,2026-08-08,토,14:37,포장,OTW-D01,옥수수 밀크티,음료,1,6500,6500
OTW-260808-059,2026-08-08,토,14:37,포장,OTW-T01,옥수수 타르트,타르트,1,8500,8500
OTW-260808-060,2026-08-08,토,14:39,포장,OTW-D01,옥수수 밀크티,음료,2,6500,13000
OTW-260808-060,2026-08-08,토,14:39,포장,OTW-E01,강릉 옥수수 에그타르트,에그타르트,1,4800,4800
OTW-260808-060,2026-08-08,토,14:39,포장,OTW-C01,오프더월 x 풀노리 옥수수 아이스크림,협업상품,2,6500,13000
OTW-260808-061,2026-08-08,토,14:41,매장,OTW-T01,옥수수 타르트,타르트,1,8500,8500
OTW-260808-062,2026-08-08,토,14:44,매장,OTW-D01,옥수수 밀크티,음료,1,6500,6500
OTW-260808-063,2026-08-08,토,14:50,매장,OTW-T01,옥수수 타르트,타르트,1,8500,8500
OTW-260808-064,2026-08-08,토,14:53,매장,OTW-D01,옥수수 밀크티,음료,1,6500,6500
OTW-260808-064,2026-08-08,토,14:53,매장,OTW-D01,옥수수 밀크티,음료,1,6500,6500
OTW-260808-064,2026-08-08,토,14:53,매장,OTW-T01,옥수수 타르트,타르트,2,8500,17000
OTW-260808-065,2026-08-08,토,14:59,포장,OTW-T02,보늬밤 타르트,타르트,1,8500,8500
OTW-260808-066,2026-08-08,토,15:01,포장,OTW-E01,강릉 옥수수 에그타르트,에그타르트,1,4800,4800
OTW-260808-066,2026-08-08,토,15:01,포장,OTW-E01,강릉 옥수수 에그타르트,에그타르트,1,4800,4800
OTW-260808-067,2026-08-08,토,15:03,포장,OTW-D01,옥수수 밀크티,음료,1,6500,6500
OTW-260808-067,2026-08-08,토,15:03,포장,OTW-T03,말차 타르트,타르트,2,9100,18200
OTW-260808-067,2026-08-08,토,15:03,포장,OTW-T03,말차 타르트,타르트,1,9100,9100
OTW-260808-068,2026-08-08,토,15:12,포장,OTW-T01,옥수수 타르트,타르트,1,8500,8500
OTW-260808-069,2026-08-08,토,15:14,포장,OTW-D01,옥수수 밀크티,음료,1,6500,6500
OTW-260808-069,2026-08-08,토,15:14,포장,OTW-E02,강릉 감자&잠봉 에그타르트,에그타르트,1,5200,5200
OTW-260808-070,2026-08-08,토,15:15,포장,OTW-T04,자몽 망고 요거트 타르트,타르트,2,9600,19200
OTW-260808-071,2026-08-08,토,15:19,매장,OTW-E02,강릉 감자&잠봉 에그타르트,에그타르트,1,5200,5200
OTW-260808-072,2026-08-08,토,15:20,포장,OTW-D01,옥수수 밀크티,음료,1,6500,6500
OTW-260808-072,2026-08-08,토,15:20,포장,OTW-T02,보늬밤 타르트,타르트,1,8500,8500
OTW-260808-072,2026-08-08,토,15:20,포장,OTW-E01,강릉 옥수수 에그타르트,에그타르트,1,4800,4800
OTW-260808-073,2026-08-08,토,15:21,포장,OTW-D01,옥수수 밀크티,음료,2,6500,13000
OTW-260808-073,2026-08-08,토,15:21,포장,OTW-P01,아이스크림 파르페,디저트,1,8500,8500
OTW-260808-074,2026-08-08,토,15:27,포장,OTW-E01,강릉 옥수수 에그타르트,에그타르트,1,4800,4800
OTW-260808-074,2026-08-08,토,15:27,포장,OTW-T03,말차 타르트,타르트,1,9100,9100
OTW-260808-075,2026-08-08,토,15:30,매장,OTW-D01,옥수수 밀크티,음료,1,6500,6500
OTW-260808-075,2026-08-08,토,15:30,매장,OTW-E02,강릉 감자&잠봉 에그타르트,에그타르트,1,5200,5200
OTW-260808-076,2026-08-08,토,15:31,포장,OTW-E02,강릉 감자&잠봉 에그타르트,에그타르트,1,5200,5200
OTW-260808-077,2026-08-08,토,15:31,포장,OTW-T01,옥수수 타르트,타르트,1,8500,8500
OTW-260808-077,2026-08-08,토,15:31,포장,OTW-E02,강릉 감자&잠봉 에그타르트,에그타르트,1,5200,5200
OTW-260808-077,2026-08-08,토,15:31,포장,OTW-P01,아이스크림 파르페,디저트,1,8500,8500
OTW-260808-078,2026-08-08,토,15:36,매장,OTW-T02,보늬밤 타르트,타르트,1,8500,8500
OTW-260808-078,2026-08-08,토,15:36,매장,OTW-D01,옥수수 밀크티,음료,1,6500,6500
OTW-260808-079,2026-08-08,토,15:40,포장,OTW-P01,아이스크림 파르페,디저트,1,8500,8500
OTW-260808-080,2026-08-08,토,15:45,포장,OTW-T01,옥수수 타르트,타르트,1,8500,8500
OTW-260808-080,2026-08-08,토,15:45,포장,OTW-T04,자몽 망고 요거트 타르트,타르트,1,9600,9600
OTW-260808-081,2026-08-08,토,15:49,포장,OTW-E02,강릉 감자&잠봉 에그타르트,에그타르트,1,5200,5200
OTW-260808-081,2026-08-08,토,15:49,포장,OTW-D01,옥수수 밀크티,음료,2,6500,13000
OTW-260808-082,2026-08-08,토,15:50,포장,OTW-T01,옥수수 타르트,타르트,1,8500,8500
OTW-260808-083,2026-08-08,토,15:51,포장,OTW-T01,옥수수 타르트,타르트,1,8500,8500
OTW-260808-083,2026-08-08,토,15:51,포장,OTW-T03,말차 타르트,타르트,1,9100,9100
OTW-260808-084,2026-08-08,토,15:56,매장,OTW-E03,흑임자&산딸기 에그타르트,에그타르트,1,5500,5500
OTW-260808-085,2026-08-08,토,16:01,포장,OTW-E02,강릉 감자&잠봉 에그타르트,에그타르트,1,5200,5200
OTW-260808-086,2026-08-08,토,16:06,매장,OTW-T03,말차 타르트,타르트,1,9100,9100
OTW-260808-087,2026-08-08,토,16:08,포장,OTW-D01,옥수수 밀크티,음료,1,6500,6500
OTW-260808-087,2026-08-08,토,16:08,포장,OTW-T04,자몽 망고 요거트 타르트,타르트,1,9600,9600
OTW-260808-088,2026-08-08,토,16:09,매장,OTW-D01,옥수수 밀크티,음료,1,6500,6500
OTW-260808-089,2026-08-08,토,16:10,포장,OTW-T01,옥수수 타르트,타르트,1,8500,8500
OTW-260808-090,2026-08-08,토,16:10,포장,OTW-E01,강릉 옥수수 에그타르트,에그타르트,1,4800,4800
OTW-260808-090,2026-08-08,토,16:10,포장,OTW-E02,강릉 감자&잠봉 에그타르트,에그타르트,1,5200,5200
OTW-260808-090,2026-08-08,토,16:10,포장,OTW-E04,피스타치오 에그타르트,에그타르트,1,5800,5800
OTW-260808-091,2026-08-08,토,16:13,매장,OTW-D01,옥수수 밀크티,음료,1,6500,6500
OTW-260808-092,2026-08-08,토,16:16,매장,OTW-T03,말차 타르트,타르트,1,9100,9100
OTW-260808-093,2026-08-08,토,16:17,매장,OTW-D01,옥수수 밀크티,음료,1,6500,6500
OTW-260808-093,2026-08-08,토,16:17,매장,OTW-T04,자몽 망고 요거트 타르트,타르트,1,9600,9600
OTW-260808-094,2026-08-08,토,16:21,매장,OTW-D01,옥수수 밀크티,음료,1,6500,6500
OTW-260808-094,2026-08-08,토,16:21,매장,OTW-T04,자몽 망고 요거트 타르트,타르트,1,9600,9600
OTW-260808-095,2026-08-08,토,16:21,매장,OTW-T01,옥수수 타르트,타르트,1,8500,8500
OTW-260808-095,2026-08-08,토,16:21,매장,OTW-T04,자몽 망고 요거트 타르트,타르트,1,9600,9600
OTW-260808-096,2026-08-08,토,16:28,포장,OTW-E01,강릉 옥수수 에그타르트,에그타르트,1,4800,4800
OTW-260808-096,2026-08-08,토,16:28,포장,OTW-D01,옥수수 밀크티,음료,1,6500,6500
OTW-260808-097,2026-08-08,토,16:29,포장,OTW-D01,옥수수 밀크티,음료,1,6500,6500
OTW-260808-098,2026-08-08,토,16:31,포장,OTW-E01,강릉 옥수수 에그타르트,에그타르트,1,4800,4800
OTW-260808-098,2026-08-08,토,16:31,포장,OTW-T01,옥수수 타르트,타르트,2,8500,17000
OTW-260808-099,2026-08-08,토,16:32,포장,OTW-T01,옥수수 타르트,타르트,1,8500,8500
OTW-260808-100,2026-08-08,토,16:34,포장,OTW-P01,아이스크림 파르페,디저트,1,8500,8500
OTW-260808-100,2026-08-08,토,16:34,포장,OTW-T01,옥수수 타르트,타르트,1,8500,8500
OTW-260808-101,2026-08-08,토,16:34,포장,OTW-D01,옥수수 밀크티,음료,1,6500,6500
OTW-260808-102,2026-08-08,토,16:36,매장,OTW-T04,자몽 망고 요거트 타르트,타르트,1,9600,9600
OTW-260808-102,2026-08-08,토,16:36,매장,OTW-T02,보늬밤 타르트,타르트,1,8500,8500
OTW-260808-103,2026-08-08,토,16:42,매장,OTW-T04,자몽 망고 요거트 타르트,타르트,1,9600,9600
OTW-260808-103,2026-08-08,토,16:42,매장,OTW-T04,자몽 망고 요거트 타르트,타르트,1,9600,9600
OTW-260808-104,2026-08-08,토,16:46,포장,OTW-E02,강릉 감자&잠봉 에그타르트,에그타르트,2,5200,10400
OTW-260808-104,2026-08-08,토,16:46,포장,OTW-T04,자몽 망고 요거트 타르트,타르트,1,9600,9600
OTW-260808-105,2026-08-08,토,16:47,포장,OTW-E03,흑임자&산딸기 에그타르트,에그타르트,1,5500,5500
OTW-260808-105,2026-08-08,토,16:47,포장,OTW-T02,보늬밤 타르트,타르트,1,8500,8500
OTW-260808-106,2026-08-08,토,16:56,포장,OTW-T02,보늬밤 타르트,타르트,1,8500,8500
OTW-260808-107,2026-08-08,토,16:57,매장,OTW-E04,피스타치오 에그타르트,에그타르트,1,5800,5800
OTW-260808-107,2026-08-08,토,16:57,매장,OTW-T01,옥수수 타르트,타르트,1,8500,8500
OTW-260809-001,2026-08-09,일,12:07,매장,OTW-E03,흑임자&산딸기 에그타르트,에그타르트,1,5500,5500
OTW-260809-001,2026-08-09,일,12:07,매장,OTW-E01,강릉 옥수수 에그타르트,에그타르트,1,4800,4800
OTW-260809-001,2026-08-09,일,12:07,매장,OTW-C01,오프더월 x 풀노리 옥수수 아이스크림,협업상품,1,6500,6500
OTW-260809-002,2026-08-09,일,12:09,매장,OTW-E02,강릉 감자&잠봉 에그타르트,에그타르트,1,5200,5200
OTW-260809-003,2026-08-09,일,12:14,매장,OTW-T04,자몽 망고 요거트 타르트,타르트,2,9600,19200
OTW-260809-003,2026-08-09,일,12:14,매장,OTW-T03,말차 타르트,타르트,1,9100,9100
OTW-260809-004,2026-08-09,일,12:15,포장,OTW-C01,오프더월 x 풀노리 옥수수 아이스크림,협업상품,1,6500,6500
OTW-260809-004,2026-08-09,일,12:15,포장,OTW-E01,강릉 옥수수 에그타르트,에그타르트,1,4800,4800
OTW-260809-005,2026-08-09,일,12:16,포장,OTW-D01,옥수수 밀크티,음료,1,6500,6500
OTW-260809-005,2026-08-09,일,12:16,포장,OTW-C01,오프더월 x 풀노리 옥수수 아이스크림,협업상품,1,6500,6500
OTW-260809-006,2026-08-09,일,12:19,포장,OTW-T04,자몽 망고 요거트 타르트,타르트,1,9600,9600
OTW-260809-006,2026-08-09,일,12:19,포장,OTW-D01,옥수수 밀크티,음료,1,6500,6500
OTW-260809-007,2026-08-09,일,12:23,포장,OTW-E04,피스타치오 에그타르트,에그타르트,2,5800,11600
OTW-260809-008,2026-08-09,일,12:23,매장,OTW-C01,오프더월 x 풀노리 옥수수 아이스크림,협업상품,1,6500,6500
OTW-260809-009,2026-08-09,일,12:24,포장,OTW-T04,자몽 망고 요거트 타르트,타르트,1,9600,9600
OTW-260809-009,2026-08-09,일,12:24,포장,OTW-D01,옥수수 밀크티,음료,1,6500,6500
OTW-260809-009,2026-08-09,일,12:24,포장,OTW-T04,자몽 망고 요거트 타르트,타르트,1,9600,9600
OTW-260809-010,2026-08-09,일,12:26,포장,OTW-E01,강릉 옥수수 에그타르트,에그타르트,1,4800,4800
OTW-260809-010,2026-08-09,일,12:26,포장,OTW-T04,자몽 망고 요거트 타르트,타르트,1,9600,9600
OTW-260809-011,2026-08-09,일,12:32,매장,OTW-C01,오프더월 x 풀노리 옥수수 아이스크림,협업상품,1,6500,6500
OTW-260809-011,2026-08-09,일,12:32,매장,OTW-T01,옥수수 타르트,타르트,1,8500,8500
OTW-260809-012,2026-08-09,일,12:36,포장,OTW-T02,보늬밤 타르트,타르트,1,8500,8500
OTW-260809-012,2026-08-09,일,12:36,포장,OTW-T03,말차 타르트,타르트,1,9100,9100
OTW-260809-013,2026-08-09,일,12:39,매장,OTW-D01,옥수수 밀크티,음료,1,6500,6500
OTW-260809-013,2026-08-09,일,12:39,매장,OTW-C01,오프더월 x 풀노리 옥수수 아이스크림,협업상품,1,6500,6500
OTW-260809-013,2026-08-09,일,12:39,매장,OTW-D01,옥수수 밀크티,음료,1,6500,6500
OTW-260809-014,2026-08-09,일,12:54,매장,OTW-P01,아이스크림 파르페,디저트,2,8500,17000
OTW-260809-014,2026-08-09,일,12:54,매장,OTW-C01,오프더월 x 풀노리 옥수수 아이스크림,협업상품,1,6500,6500
OTW-260809-015,2026-08-09,일,12:57,포장,OTW-E02,강릉 감자&잠봉 에그타르트,에그타르트,1,5200,5200
OTW-260809-015,2026-08-09,일,12:57,포장,OTW-C01,오프더월 x 풀노리 옥수수 아이스크림,협업상품,1,6500,6500
OTW-260809-015,2026-08-09,일,12:57,포장,OTW-C01,오프더월 x 풀노리 옥수수 아이스크림,협업상품,1,6500,6500
OTW-260809-016,2026-08-09,일,12:59,매장,OTW-T04,자몽 망고 요거트 타르트,타르트,1,9600,9600
OTW-260809-017,2026-08-09,일,13:01,포장,OTW-T04,자몽 망고 요거트 타르트,타르트,1,9600,9600
OTW-260809-017,2026-08-09,일,13:01,포장,OTW-C01,오프더월 x 풀노리 옥수수 아이스크림,협업상품,1,6500,6500
OTW-260809-017,2026-08-09,일,13:01,포장,OTW-C01,오프더월 x 풀노리 옥수수 아이스크림,협업상품,1,6500,6500
OTW-260809-018,2026-08-09,일,13:01,포장,OTW-T02,보늬밤 타르트,타르트,1,8500,8500
OTW-260809-019,2026-08-09,일,13:13,포장,OTW-T04,자몽 망고 요거트 타르트,타르트,2,9600,19200
OTW-260809-019,2026-08-09,일,13:13,포장,OTW-T01,옥수수 타르트,타르트,2,8500,17000
OTW-260809-019,2026-08-09,일,13:13,포장,OTW-E01,강릉 옥수수 에그타르트,에그타르트,1,4800,4800
OTW-260809-020,2026-08-09,일,13:22,포장,OTW-E04,피스타치오 에그타르트,에그타르트,1,5800,5800
OTW-260809-021,2026-08-09,일,13:22,포장,OTW-C01,오프더월 x 풀노리 옥수수 아이스크림,협업상품,1,6500,6500
OTW-260809-021,2026-08-09,일,13:22,포장,OTW-E01,강릉 옥수수 에그타르트,에그타르트,1,4800,4800
OTW-260809-022,2026-08-09,일,13:23,매장,OTW-C01,오프더월 x 풀노리 옥수수 아이스크림,협업상품,1,6500,6500
OTW-260809-022,2026-08-09,일,13:23,매장,OTW-C01,오프더월 x 풀노리 옥수수 아이스크림,협업상품,1,6500,6500
OTW-260809-023,2026-08-09,일,13:23,포장,OTW-D01,옥수수 밀크티,음료,1,6500,6500
OTW-260809-023,2026-08-09,일,13:23,포장,OTW-E02,강릉 감자&잠봉 에그타르트,에그타르트,1,5200,5200
OTW-260809-023,2026-08-09,일,13:23,포장,OTW-E01,강릉 옥수수 에그타르트,에그타르트,1,4800,4800
OTW-260809-024,2026-08-09,일,13:28,포장,OTW-E03,흑임자&산딸기 에그타르트,에그타르트,2,5500,11000
OTW-260809-025,2026-08-09,일,13:31,매장,OTW-C01,오프더월 x 풀노리 옥수수 아이스크림,협업상품,1,6500,6500
OTW-260809-025,2026-08-09,일,13:31,매장,OTW-E01,강릉 옥수수 에그타르트,에그타르트,1,4800,4800
OTW-260809-026,2026-08-09,일,13:40,포장,OTW-C01,오프더월 x 풀노리 옥수수 아이스크림,협업상품,1,6500,6500
OTW-260809-026,2026-08-09,일,13:40,포장,OTW-E02,강릉 감자&잠봉 에그타르트,에그타르트,1,5200,5200
OTW-260809-027,2026-08-09,일,13:43,매장,OTW-C01,오프더월 x 풀노리 옥수수 아이스크림,협업상품,1,6500,6500
OTW-260809-028,2026-08-09,일,13:44,포장,OTW-C01,오프더월 x 풀노리 옥수수 아이스크림,협업상품,1,6500,6500
OTW-260809-028,2026-08-09,일,13:44,포장,OTW-T02,보늬밤 타르트,타르트,1,8500,8500
OTW-260809-028,2026-08-09,일,13:44,포장,OTW-D01,옥수수 밀크티,음료,2,6500,13000
OTW-260809-029,2026-08-09,일,13:45,포장,OTW-T02,보늬밤 타르트,타르트,1,8500,8500
OTW-260809-030,2026-08-09,일,13:46,포장,OTW-T04,자몽 망고 요거트 타르트,타르트,1,9600,9600
OTW-260809-031,2026-08-09,일,13:51,매장,OTW-E02,강릉 감자&잠봉 에그타르트,에그타르트,1,5200,5200
OTW-260809-032,2026-08-09,일,13:52,포장,OTW-C01,오프더월 x 풀노리 옥수수 아이스크림,협업상품,1,6500,6500
OTW-260809-032,2026-08-09,일,13:52,포장,OTW-T03,말차 타르트,타르트,1,9100,9100
OTW-260809-033,2026-08-09,일,13:56,매장,OTW-C01,오프더월 x 풀노리 옥수수 아이스크림,협업상품,1,6500,6500
OTW-260809-034,2026-08-09,일,14:00,포장,OTW-T03,말차 타르트,타르트,1,9100,9100
OTW-260809-034,2026-08-09,일,14:00,포장,OTW-T01,옥수수 타르트,타르트,2,8500,17000
OTW-260809-035,2026-08-09,일,14:06,매장,OTW-E01,강릉 옥수수 에그타르트,에그타르트,1,4800,4800
OTW-260809-036,2026-08-09,일,14:12,매장,OTW-P01,아이스크림 파르페,디저트,1,8500,8500
OTW-260809-037,2026-08-09,일,14:12,매장,OTW-T03,말차 타르트,타르트,1,9100,9100
OTW-260809-037,2026-08-09,일,14:12,매장,OTW-T03,말차 타르트,타르트,1,9100,9100
OTW-260809-038,2026-08-09,일,14:13,포장,OTW-C01,오프더월 x 풀노리 옥수수 아이스크림,협업상품,1,6500,6500
OTW-260809-039,2026-08-09,일,14:17,포장,OTW-T01,옥수수 타르트,타르트,1,8500,8500
OTW-260809-039,2026-08-09,일,14:17,포장,OTW-C01,오프더월 x 풀노리 옥수수 아이스크림,협업상품,1,6500,6500
OTW-260809-039,2026-08-09,일,14:17,포장,OTW-E02,강릉 감자&잠봉 에그타르트,에그타르트,1,5200,5200
OTW-260809-040,2026-08-09,일,14:17,매장,OTW-E02,강릉 감자&잠봉 에그타르트,에그타르트,2,5200,10400
OTW-260809-040,2026-08-09,일,14:17,매장,OTW-E04,피스타치오 에그타르트,에그타르트,1,5800,5800
OTW-260809-040,2026-08-09,일,14:17,매장,OTW-E02,강릉 감자&잠봉 에그타르트,에그타르트,2,5200,10400
OTW-260809-041,2026-08-09,일,14:26,매장,OTW-T03,말차 타르트,타르트,1,9100,9100
OTW-260809-042,2026-08-09,일,14:33,포장,OTW-T02,보늬밤 타르트,타르트,1,8500,8500
OTW-260809-042,2026-08-09,일,14:33,포장,OTW-D01,옥수수 밀크티,음료,2,6500,13000
OTW-260809-043,2026-08-09,일,14:35,매장,OTW-T01,옥수수 타르트,타르트,2,8500,17000
OTW-260809-043,2026-08-09,일,14:35,매장,OTW-C01,오프더월 x 풀노리 옥수수 아이스크림,협업상품,1,6500,6500
OTW-260809-044,2026-08-09,일,14:40,포장,OTW-D01,옥수수 밀크티,음료,1,6500,6500
OTW-260809-044,2026-08-09,일,14:40,포장,OTW-P01,아이스크림 파르페,디저트,2,8500,17000
OTW-260809-045,2026-08-09,일,14:40,매장,OTW-E01,강릉 옥수수 에그타르트,에그타르트,1,4800,4800
OTW-260809-045,2026-08-09,일,14:40,매장,OTW-T03,말차 타르트,타르트,1,9100,9100
OTW-260809-046,2026-08-09,일,14:41,매장,OTW-E02,강릉 감자&잠봉 에그타르트,에그타르트,1,5200,5200
OTW-260809-047,2026-08-09,일,14:44,포장,OTW-T03,말차 타르트,타르트,1,9100,9100
OTW-260809-047,2026-08-09,일,14:44,포장,OTW-T02,보늬밤 타르트,타르트,1,8500,8500
OTW-260809-048,2026-08-09,일,14:45,매장,OTW-T02,보늬밤 타르트,타르트,1,8500,8500
OTW-260809-049,2026-08-09,일,14:45,포장,OTW-T04,자몽 망고 요거트 타르트,타르트,1,9600,9600
OTW-260809-049,2026-08-09,일,14:45,포장,OTW-D01,옥수수 밀크티,음료,2,6500,13000
OTW-260809-049,2026-08-09,일,14:45,포장,OTW-E02,강릉 감자&잠봉 에그타르트,에그타르트,1,5200,5200
OTW-260809-050,2026-08-09,일,14:49,포장,OTW-E02,강릉 감자&잠봉 에그타르트,에그타르트,2,5200,10400
OTW-260809-050,2026-08-09,일,14:49,포장,OTW-E01,강릉 옥수수 에그타르트,에그타르트,1,4800,4800
OTW-260809-051,2026-08-09,일,14:50,포장,OTW-T04,자몽 망고 요거트 타르트,타르트,1,9600,9600
OTW-260809-051,2026-08-09,일,14:50,포장,OTW-E01,강릉 옥수수 에그타르트,에그타르트,1,4800,4800
OTW-260809-052,2026-08-09,일,14:54,포장,OTW-T01,옥수수 타르트,타르트,1,8500,8500
OTW-260809-052,2026-08-09,일,14:54,포장,OTW-D01,옥수수 밀크티,음료,1,6500,6500
OTW-260809-053,2026-08-09,일,15:08,포장,OTW-D01,옥수수 밀크티,음료,1,6500,6500
OTW-260809-053,2026-08-09,일,15:08,포장,OTW-T02,보늬밤 타르트,타르트,2,8500,17000
OTW-260809-054,2026-08-09,일,15:10,포장,OTW-E03,흑임자&산딸기 에그타르트,에그타르트,1,5500,5500
OTW-260809-055,2026-08-09,일,15:10,매장,OTW-T04,자몽 망고 요거트 타르트,타르트,2,9600,19200
OTW-260809-055,2026-08-09,일,15:10,매장,OTW-T02,보늬밤 타르트,타르트,1,8500,8500
OTW-260809-056,2026-08-09,일,15:15,포장,OTW-E02,강릉 감자&잠봉 에그타르트,에그타르트,1,5200,5200
OTW-260809-056,2026-08-09,일,15:15,포장,OTW-T01,옥수수 타르트,타르트,1,8500,8500
OTW-260809-057,2026-08-09,일,15:18,포장,OTW-D01,옥수수 밀크티,음료,1,6500,6500
OTW-260809-057,2026-08-09,일,15:18,포장,OTW-T01,옥수수 타르트,타르트,1,8500,8500
OTW-260809-058,2026-08-09,일,15:28,매장,OTW-T01,옥수수 타르트,타르트,1,8500,8500
OTW-260809-059,2026-08-09,일,15:29,매장,OTW-T03,말차 타르트,타르트,1,9100,9100
OTW-260809-059,2026-08-09,일,15:29,매장,OTW-P01,아이스크림 파르페,디저트,1,8500,8500
OTW-260809-060,2026-08-09,일,15:34,포장,OTW-D01,옥수수 밀크티,음료,1,6500,6500
OTW-260809-061,2026-08-09,일,15:46,매장,OTW-D01,옥수수 밀크티,음료,1,6500,6500
OTW-260809-061,2026-08-09,일,15:46,매장,OTW-T04,자몽 망고 요거트 타르트,타르트,2,9600,19200
OTW-260809-062,2026-08-09,일,15:48,포장,OTW-E03,흑임자&산딸기 에그타르트,에그타르트,1,5500,5500
OTW-260809-063,2026-08-09,일,15:49,매장,OTW-T02,보늬밤 타르트,타르트,1,8500,8500
OTW-260809-063,2026-08-09,일,15:49,매장,OTW-T02,보늬밤 타르트,타르트,1,8500,8500
OTW-260809-064,2026-08-09,일,15:50,매장,OTW-T03,말차 타르트,타르트,1,9100,9100
OTW-260809-064,2026-08-09,일,15:50,매장,OTW-T01,옥수수 타르트,타르트,2,8500,17000
OTW-260809-065,2026-08-09,일,15:52,포장,OTW-E02,강릉 감자&잠봉 에그타르트,에그타르트,2,5200,10400
OTW-260809-065,2026-08-09,일,15:52,포장,OTW-T01,옥수수 타르트,타르트,1,8500,8500
OTW-260809-066,2026-08-09,일,15:52,매장,OTW-E01,강릉 옥수수 에그타르트,에그타르트,1,4800,4800
OTW-260809-066,2026-08-09,일,15:52,매장,OTW-E02,강릉 감자&잠봉 에그타르트,에그타르트,1,5200,5200
OTW-260809-067,2026-08-09,일,15:52,매장,OTW-E01,강릉 옥수수 에그타르트,에그타르트,1,4800,4800
OTW-260809-067,2026-08-09,일,15:52,매장,OTW-E01,강릉 옥수수 에그타르트,에그타르트,1,4800,4800
OTW-260809-067,2026-08-09,일,15:52,매장,OTW-T03,말차 타르트,타르트,1,9100,9100
OTW-260809-068,2026-08-09,일,15:55,매장,OTW-T01,옥수수 타르트,타르트,1,8500,8500
OTW-260809-069,2026-08-09,일,15:57,포장,OTW-E02,강릉 감자&잠봉 에그타르트,에그타르트,1,5200,5200
OTW-260809-070,2026-08-09,일,16:00,매장,OTW-T01,옥수수 타르트,타르트,1,8500,8500
OTW-260809-071,2026-08-09,일,16:08,포장,OTW-T04,자몽 망고 요거트 타르트,타르트,1,9600,9600
OTW-260809-071,2026-08-09,일,16:08,포장,OTW-E02,강릉 감자&잠봉 에그타르트,에그타르트,1,5200,5200
OTW-260809-071,2026-08-09,일,16:08,포장,OTW-T02,보늬밤 타르트,타르트,2,8500,17000
OTW-260809-072,2026-08-09,일,16:14,포장,OTW-T03,말차 타르트,타르트,1,9100,9100
OTW-260809-073,2026-08-09,일,16:20,포장,OTW-E01,강릉 옥수수 에그타르트,에그타르트,1,4800,4800
OTW-260809-073,2026-08-09,일,16:20,포장,OTW-E01,강릉 옥수수 에그타르트,에그타르트,1,4800,4800
OTW-260809-074,2026-08-09,일,16:25,매장,OTW-T02,보늬밤 타르트,타르트,1,8500,8500
OTW-260809-074,2026-08-09,일,16:25,매장,OTW-T03,말차 타르트,타르트,1,9100,9100
OTW-260809-075,2026-08-09,일,16:28,포장,OTW-E01,강릉 옥수수 에그타르트,에그타르트,1,4800,4800
OTW-260809-076,2026-08-09,일,16:28,매장,OTW-E01,강릉 옥수수 에그타르트,에그타르트,1,4800,4800
OTW-260809-077,2026-08-09,일,16:30,포장,OTW-D01,옥수수 밀크티,음료,1,6500,6500
OTW-260809-077,2026-08-09,일,16:30,포장,OTW-D01,옥수수 밀크티,음료,2,6500,13000
OTW-260809-077,2026-08-09,일,16:30,포장,OTW-E03,흑임자&산딸기 에그타르트,에그타르트,2,5500,11000
OTW-260809-078,2026-08-09,일,16:30,매장,OTW-T01,옥수수 타르트,타르트,1,8500,8500
OTW-260809-078,2026-08-09,일,16:30,매장,OTW-E03,흑임자&산딸기 에그타르트,에그타르트,2,5500,11000
OTW-260809-079,2026-08-09,일,16:32,포장,OTW-P01,아이스크림 파르페,디저트,1,8500,8500
OTW-260809-079,2026-08-09,일,16:32,포장,OTW-E02,강릉 감자&잠봉 에그타르트,에그타르트,1,5200,5200
OTW-260809-079,2026-08-09,일,16:32,포장,OTW-E04,피스타치오 에그타르트,에그타르트,1,5800,5800
OTW-260809-080,2026-08-09,일,16:33,포장,OTW-D01,옥수수 밀크티,음료,2,6500,13000
OTW-260809-080,2026-08-09,일,16:33,포장,OTW-E01,강릉 옥수수 에그타르트,에그타르트,1,4800,4800
OTW-260809-081,2026-08-09,일,16:39,매장,OTW-E02,강릉 감자&잠봉 에그타르트,에그타르트,1,5200,5200
OTW-260809-082,2026-08-09,일,16:44,포장,OTW-T04,자몽 망고 요거트 타르트,타르트,1,9600,9600
OTW-260809-083,2026-08-09,일,16:51,매장,OTW-T02,보늬밤 타르트,타르트,1,8500,8500
OTW-260809-084,2026-08-09,일,16:53,포장,OTW-T01,옥수수 타르트,타르트,1,8500,8500
OTW-260809-084,2026-08-09,일,16:53,포장,OTW-E01,강릉 옥수수 에그타르트,에그타르트,1,4800,4800
OTW-260809-084,2026-08-09,일,16:53,포장,OTW-E01,강릉 옥수수 에그타르트,에그타르트,1,4800,4800
OTW-260809-085,2026-08-09,일,16:53,포장,OTW-D01,옥수수 밀크티,음료,1,6500,6500
OTW-260809-085,2026-08-09,일,16:53,포장,OTW-D01,옥수수 밀크티,음료,1,6500,6500
OTW-260809-086,2026-08-09,일,16:56,포장,OTW-P01,아이스크림 파르페,디저트,1,8500,8500
OTW-260809-087,2026-08-09,일,16:57,포장,OTW-T02,보늬밤 타르트,타르트,1,8500,8500
OTW-260809-087,2026-08-09,일,16:57,포장,OTW-E02,강릉 감자&잠봉 에그타르트,에그타르트,1,5200,5200
OTW-260810-001,2026-08-10,월,12:07,포장,OTW-E01,강릉 옥수수 에그타르트,에그타르트,1,4800,4800
OTW-260810-002,2026-08-10,월,12:08,포장,OTW-C01,오프더월 x 풀노리 옥수수 아이스크림,협업상품,1,6500,6500
OTW-260810-002,2026-08-10,월,12:08,포장,OTW-D01,옥수수 밀크티,음료,1,6500,6500
OTW-260810-003,2026-08-10,월,12:08,포장,OTW-P01,아이스크림 파르페,디저트,1,8500,8500
OTW-260810-003,2026-08-10,월,12:08,포장,OTW-C01,오프더월 x 풀노리 옥수수 아이스크림,협업상품,1,6500,6500
OTW-260810-004,2026-08-10,월,12:14,포장,OTW-D01,옥수수 밀크티,음료,1,6500,6500
OTW-260810-004,2026-08-10,월,12:14,포장,OTW-D01,옥수수 밀크티,음료,1,6500,6500
OTW-260810-005,2026-08-10,월,12:21,매장,OTW-C01,오프더월 x 풀노리 옥수수 아이스크림,협업상품,1,6500,6500
OTW-260810-005,2026-08-10,월,12:21,매장,OTW-C01,오프더월 x 풀노리 옥수수 아이스크림,협업상품,1,6500,6500
OTW-260810-006,2026-08-10,월,12:25,포장,OTW-D01,옥수수 밀크티,음료,1,6500,6500
OTW-260810-006,2026-08-10,월,12:25,포장,OTW-C01,오프더월 x 풀노리 옥수수 아이스크림,협업상품,1,6500,6500
OTW-260810-007,2026-08-10,월,12:30,매장,OTW-C01,오프더월 x 풀노리 옥수수 아이스크림,협업상품,1,6500,6500
OTW-260810-007,2026-08-10,월,12:30,매장,OTW-D01,옥수수 밀크티,음료,2,6500,13000
OTW-260810-008,2026-08-10,월,12:41,매장,OTW-T02,보늬밤 타르트,타르트,2,8500,17000
OTW-260810-008,2026-08-10,월,12:41,매장,OTW-C01,오프더월 x 풀노리 옥수수 아이스크림,협업상품,1,6500,6500
OTW-260810-008,2026-08-10,월,12:41,매장,OTW-C01,오프더월 x 풀노리 옥수수 아이스크림,협업상품,1,6500,6500
OTW-260810-009,2026-08-10,월,12:44,포장,OTW-T03,말차 타르트,타르트,1,9100,9100
OTW-260810-009,2026-08-10,월,12:44,포장,OTW-T02,보늬밤 타르트,타르트,1,8500,8500
OTW-260810-010,2026-08-10,월,12:54,매장,OTW-E02,강릉 감자&잠봉 에그타르트,에그타르트,1,5200,5200
OTW-260810-010,2026-08-10,월,12:54,매장,OTW-E02,강릉 감자&잠봉 에그타르트,에그타르트,1,5200,5200
OTW-260810-011,2026-08-10,월,12:56,포장,OTW-T01,옥수수 타르트,타르트,1,8500,8500
OTW-260810-012,2026-08-10,월,12:56,포장,OTW-E02,강릉 감자&잠봉 에그타르트,에그타르트,1,5200,5200
OTW-260810-012,2026-08-10,월,12:56,포장,OTW-T01,옥수수 타르트,타르트,1,8500,8500
OTW-260810-013,2026-08-10,월,13:03,매장,OTW-T02,보늬밤 타르트,타르트,1,8500,8500
OTW-260810-013,2026-08-10,월,13:03,매장,OTW-E04,피스타치오 에그타르트,에그타르트,1,5800,5800
OTW-260810-013,2026-08-10,월,13:03,매장,OTW-T04,자몽 망고 요거트 타르트,타르트,1,9600,9600
OTW-260810-014,2026-08-10,월,13:12,포장,OTW-E01,강릉 옥수수 에그타르트,에그타르트,1,4800,4800
OTW-260810-014,2026-08-10,월,13:12,포장,OTW-E01,강릉 옥수수 에그타르트,에그타르트,1,4800,4800
OTW-260810-015,2026-08-10,월,13:14,매장,OTW-T02,보늬밤 타르트,타르트,1,8500,8500
OTW-260810-015,2026-08-10,월,13:14,매장,OTW-E03,흑임자&산딸기 에그타르트,에그타르트,2,5500,11000
OTW-260810-016,2026-08-10,월,13:15,포장,OTW-T03,말차 타르트,타르트,1,9100,9100
OTW-260810-017,2026-08-10,월,13:18,매장,OTW-E02,강릉 감자&잠봉 에그타르트,에그타르트,1,5200,5200
OTW-260810-017,2026-08-10,월,13:18,매장,OTW-D01,옥수수 밀크티,음료,1,6500,6500
OTW-260810-017,2026-08-10,월,13:18,매장,OTW-T02,보늬밤 타르트,타르트,1,8500,8500
OTW-260810-018,2026-08-10,월,13:31,포장,OTW-E01,강릉 옥수수 에그타르트,에그타르트,1,4800,4800
OTW-260810-018,2026-08-10,월,13:31,포장,OTW-T03,말차 타르트,타르트,1,9100,9100
OTW-260810-018,2026-08-10,월,13:31,포장,OTW-E02,강릉 감자&잠봉 에그타르트,에그타르트,1,5200,5200
OTW-260810-019,2026-08-10,월,13:32,포장,OTW-E02,강릉 감자&잠봉 에그타르트,에그타르트,1,5200,5200
OTW-260810-019,2026-08-10,월,13:32,포장,OTW-T01,옥수수 타르트,타르트,1,8500,8500
OTW-260810-019,2026-08-10,월,13:32,포장,OTW-E02,강릉 감자&잠봉 에그타르트,에그타르트,1,5200,5200
OTW-260810-020,2026-08-10,월,13:33,포장,OTW-E04,피스타치오 에그타르트,에그타르트,1,5800,5800
OTW-260810-021,2026-08-10,월,13:35,포장,OTW-T01,옥수수 타르트,타르트,2,8500,17000
OTW-260810-021,2026-08-10,월,13:35,포장,OTW-T02,보늬밤 타르트,타르트,1,8500,8500
OTW-260810-022,2026-08-10,월,13:42,포장,OTW-T03,말차 타르트,타르트,2,9100,18200
OTW-260810-022,2026-08-10,월,13:42,포장,OTW-T04,자몽 망고 요거트 타르트,타르트,1,9600,9600
OTW-260810-022,2026-08-10,월,13:42,포장,OTW-E02,강릉 감자&잠봉 에그타르트,에그타르트,1,5200,5200
OTW-260810-023,2026-08-10,월,13:44,매장,OTW-D01,옥수수 밀크티,음료,1,6500,6500
OTW-260810-024,2026-08-10,월,13:48,포장,OTW-T03,말차 타르트,타르트,1,9100,9100
OTW-260810-025,2026-08-10,월,13:49,포장,OTW-T04,자몽 망고 요거트 타르트,타르트,1,9600,9600
OTW-260810-026,2026-08-10,월,13:56,포장,OTW-D01,옥수수 밀크티,음료,1,6500,6500
OTW-260810-026,2026-08-10,월,13:56,포장,OTW-E02,강릉 감자&잠봉 에그타르트,에그타르트,1,5200,5200
OTW-260810-026,2026-08-10,월,13:56,포장,OTW-P01,아이스크림 파르페,디저트,1,8500,8500
OTW-260810-027,2026-08-10,월,14:04,포장,OTW-P01,아이스크림 파르페,디저트,1,8500,8500
OTW-260810-027,2026-08-10,월,14:04,포장,OTW-T01,옥수수 타르트,타르트,1,8500,8500
OTW-260810-028,2026-08-10,월,14:12,매장,OTW-E03,흑임자&산딸기 에그타르트,에그타르트,1,5500,5500
OTW-260810-028,2026-08-10,월,14:12,매장,OTW-E02,강릉 감자&잠봉 에그타르트,에그타르트,1,5200,5200
OTW-260810-028,2026-08-10,월,14:12,매장,OTW-T01,옥수수 타르트,타르트,1,8500,8500
OTW-260810-029,2026-08-10,월,14:29,매장,OTW-D01,옥수수 밀크티,음료,1,6500,6500
OTW-260810-029,2026-08-10,월,14:29,매장,OTW-D01,옥수수 밀크티,음료,2,6500,13000
OTW-260810-030,2026-08-10,월,14:32,포장,OTW-E02,강릉 감자&잠봉 에그타르트,에그타르트,1,5200,5200
OTW-260810-030,2026-08-10,월,14:32,포장,OTW-E01,강릉 옥수수 에그타르트,에그타르트,1,4800,4800
OTW-260810-031,2026-08-10,월,14:38,포장,OTW-T04,자몽 망고 요거트 타르트,타르트,1,9600,9600
OTW-260810-032,2026-08-10,월,14:39,매장,OTW-E02,강릉 감자&잠봉 에그타르트,에그타르트,2,5200,10400
OTW-260810-033,2026-08-10,월,14:44,포장,OTW-T02,보늬밤 타르트,타르트,1,8500,8500
OTW-260810-033,2026-08-10,월,14:44,포장,OTW-P01,아이스크림 파르페,디저트,2,8500,17000
OTW-260810-033,2026-08-10,월,14:44,포장,OTW-D01,옥수수 밀크티,음료,1,6500,6500
OTW-260810-034,2026-08-10,월,14:50,포장,OTW-T01,옥수수 타르트,타르트,2,8500,17000
OTW-260810-034,2026-08-10,월,14:50,포장,OTW-P01,아이스크림 파르페,디저트,1,8500,8500
OTW-260810-035,2026-08-10,월,15:01,매장,OTW-D01,옥수수 밀크티,음료,1,6500,6500
OTW-260810-035,2026-08-10,월,15:01,매장,OTW-E01,강릉 옥수수 에그타르트,에그타르트,1,4800,4800
OTW-260810-035,2026-08-10,월,15:01,매장,OTW-D01,옥수수 밀크티,음료,1,6500,6500
OTW-260810-036,2026-08-10,월,15:04,포장,OTW-D01,옥수수 밀크티,음료,1,6500,6500
OTW-260810-036,2026-08-10,월,15:04,포장,OTW-T01,옥수수 타르트,타르트,1,8500,8500
OTW-260810-037,2026-08-10,월,15:08,매장,OTW-P01,아이스크림 파르페,디저트,1,8500,8500
OTW-260810-037,2026-08-10,월,15:08,매장,OTW-T04,자몽 망고 요거트 타르트,타르트,2,9600,19200
OTW-260810-038,2026-08-10,월,15:09,포장,OTW-E02,강릉 감자&잠봉 에그타르트,에그타르트,1,5200,5200
OTW-260810-038,2026-08-10,월,15:09,포장,OTW-T02,보늬밤 타르트,타르트,1,8500,8500
OTW-260810-039,2026-08-10,월,15:11,포장,OTW-D01,옥수수 밀크티,음료,1,6500,6500
OTW-260810-039,2026-08-10,월,15:11,포장,OTW-E04,피스타치오 에그타르트,에그타르트,1,5800,5800
OTW-260810-040,2026-08-10,월,15:29,포장,OTW-T01,옥수수 타르트,타르트,1,8500,8500
OTW-260810-041,2026-08-10,월,15:30,포장,OTW-T01,옥수수 타르트,타르트,1,8500,8500
OTW-260810-041,2026-08-10,월,15:30,포장,OTW-E03,흑임자&산딸기 에그타르트,에그타르트,2,5500,11000
OTW-260810-042,2026-08-10,월,15:33,매장,OTW-T01,옥수수 타르트,타르트,1,8500,8500
OTW-260810-043,2026-08-10,월,15:52,포장,OTW-T04,자몽 망고 요거트 타르트,타르트,1,9600,9600
OTW-260810-043,2026-08-10,월,15:52,포장,OTW-E01,강릉 옥수수 에그타르트,에그타르트,1,4800,4800
OTW-260810-044,2026-08-10,월,15:54,매장,OTW-P01,아이스크림 파르페,디저트,2,8500,17000
OTW-260810-044,2026-08-10,월,15:54,매장,OTW-E03,흑임자&산딸기 에그타르트,에그타르트,1,5500,5500
OTW-260810-045,2026-08-10,월,16:13,포장,OTW-T04,자몽 망고 요거트 타르트,타르트,1,9600,9600
OTW-260810-045,2026-08-10,월,16:13,포장,OTW-E01,강릉 옥수수 에그타르트,에그타르트,1,4800,4800
OTW-260810-046,2026-08-10,월,16:19,매장,OTW-T01,옥수수 타르트,타르트,2,8500,17000
OTW-260810-047,2026-08-10,월,16:32,포장,OTW-E03,흑임자&산딸기 에그타르트,에그타르트,1,5500,5500
OTW-260810-047,2026-08-10,월,16:32,포장,OTW-P01,아이스크림 파르페,디저트,2,8500,17000
OTW-260810-048,2026-08-10,월,16:40,포장,OTW-T01,옥수수 타르트,타르트,1,8500,8500
OTW-260810-048,2026-08-10,월,16:40,포장,OTW-E01,강릉 옥수수 에그타르트,에그타르트,1,4800,4800
OTW-260810-049,2026-08-10,월,16:47,매장,OTW-E02,강릉 감자&잠봉 에그타르트,에그타르트,1,5200,5200
OTW-260810-050,2026-08-10,월,16:52,포장,OTW-T02,보늬밤 타르트,타르트,1,8500,8500
OTW-260810-050,2026-08-10,월,16:52,포장,OTW-E02,강릉 감자&잠봉 에그타르트,에그타르트,1,5200,5200
OTW-260810-051,2026-08-10,월,16:57,매장,OTW-T01,옥수수 타르트,타르트,1,8500,8500
OTW-260810-052,2026-08-10,월,17:01,매장,OTW-E04,피스타치오 에그타르트,에그타르트,1,5800,5800
OTW-260810-053,2026-08-10,월,17:21,포장,OTW-D01,옥수수 밀크티,음료,1,6500,6500
OTW-260810-054,2026-08-10,월,17:26,포장,OTW-E04,피스타치오 에그타르트,에그타르트,1,5800,5800
OTW-260813-001,2026-08-13,목,12:03,포장,OTW-T02,보늬밤 타르트,타르트,1,8500,8500
OTW-260813-002,2026-08-13,목,12:05,포장,OTW-E01,강릉 옥수수 에그타르트,에그타르트,1,4800,4800
OTW-260813-003,2026-08-13,목,12:08,포장,OTW-E01,강릉 옥수수 에그타르트,에그타르트,2,4800,9600
OTW-260813-003,2026-08-13,목,12:08,포장,OTW-T01,옥수수 타르트,타르트,1,8500,8500
OTW-260813-004,2026-08-13,목,12:21,포장,OTW-T03,말차 타르트,타르트,1,9100,9100
OTW-260813-005,2026-08-13,목,12:28,매장,OTW-C01,오프더월 x 풀노리 옥수수 아이스크림,협업상품,1,6500,6500
OTW-260813-006,2026-08-13,목,12:29,매장,OTW-D01,옥수수 밀크티,음료,1,6500,6500
OTW-260813-007,2026-08-13,목,12:30,포장,OTW-E03,흑임자&산딸기 에그타르트,에그타르트,1,5500,5500
OTW-260813-007,2026-08-13,목,12:30,포장,OTW-D01,옥수수 밀크티,음료,2,6500,13000
OTW-260813-008,2026-08-13,목,12:30,매장,OTW-C01,오프더월 x 풀노리 옥수수 아이스크림,협업상품,2,6500,13000
OTW-260813-009,2026-08-13,목,12:33,포장,OTW-C01,오프더월 x 풀노리 옥수수 아이스크림,협업상품,1,6500,6500
OTW-260813-009,2026-08-13,목,12:33,포장,OTW-E03,흑임자&산딸기 에그타르트,에그타르트,1,5500,5500
OTW-260813-009,2026-08-13,목,12:33,포장,OTW-T01,옥수수 타르트,타르트,1,8500,8500
OTW-260813-010,2026-08-13,목,12:35,포장,OTW-T02,보늬밤 타르트,타르트,1,8500,8500
OTW-260813-011,2026-08-13,목,12:38,포장,OTW-C01,오프더월 x 풀노리 옥수수 아이스크림,협업상품,2,6500,13000
OTW-260813-011,2026-08-13,목,12:38,포장,OTW-D01,옥수수 밀크티,음료,1,6500,6500
OTW-260813-012,2026-08-13,목,12:41,포장,OTW-P01,아이스크림 파르페,디저트,1,8500,8500
OTW-260813-013,2026-08-13,목,12:43,매장,OTW-C01,오프더월 x 풀노리 옥수수 아이스크림,협업상품,1,6500,6500
OTW-260813-013,2026-08-13,목,12:43,매장,OTW-D01,옥수수 밀크티,음료,1,6500,6500
OTW-260813-014,2026-08-13,목,12:48,매장,OTW-D01,옥수수 밀크티,음료,1,6500,6500
OTW-260813-014,2026-08-13,목,12:48,매장,OTW-T02,보늬밤 타르트,타르트,1,8500,8500
OTW-260813-015,2026-08-13,목,13:02,포장,OTW-T02,보늬밤 타르트,타르트,1,8500,8500
OTW-260813-016,2026-08-13,목,13:05,매장,OTW-D01,옥수수 밀크티,음료,1,6500,6500
OTW-260813-017,2026-08-13,목,13:09,포장,OTW-T01,옥수수 타르트,타르트,1,8500,8500
OTW-260813-017,2026-08-13,목,13:09,포장,OTW-C01,오프더월 x 풀노리 옥수수 아이스크림,협업상품,1,6500,6500
OTW-260813-017,2026-08-13,목,13:09,포장,OTW-T03,말차 타르트,타르트,1,9100,9100
OTW-260813-018,2026-08-13,목,13:15,매장,OTW-T01,옥수수 타르트,타르트,1,8500,8500
OTW-260813-018,2026-08-13,목,13:15,매장,OTW-C01,오프더월 x 풀노리 옥수수 아이스크림,협업상품,2,6500,13000
OTW-260813-019,2026-08-13,목,13:15,포장,OTW-E04,피스타치오 에그타르트,에그타르트,1,5800,5800
OTW-260813-019,2026-08-13,목,13:15,포장,OTW-E03,흑임자&산딸기 에그타르트,에그타르트,1,5500,5500
OTW-260813-020,2026-08-13,목,13:20,포장,OTW-T03,말차 타르트,타르트,1,9100,9100
OTW-260813-020,2026-08-13,목,13:20,포장,OTW-C01,오프더월 x 풀노리 옥수수 아이스크림,협업상품,1,6500,6500
OTW-260813-021,2026-08-13,목,13:24,포장,OTW-E02,강릉 감자&잠봉 에그타르트,에그타르트,1,5200,5200
OTW-260813-021,2026-08-13,목,13:24,포장,OTW-C01,오프더월 x 풀노리 옥수수 아이스크림,협업상품,2,6500,13000
OTW-260813-021,2026-08-13,목,13:24,포장,OTW-T04,자몽 망고 요거트 타르트,타르트,1,9600,9600
OTW-260813-022,2026-08-13,목,13:24,포장,OTW-D01,옥수수 밀크티,음료,1,6500,6500
OTW-260813-023,2026-08-13,목,13:33,매장,OTW-T01,옥수수 타르트,타르트,2,8500,17000
OTW-260813-024,2026-08-13,목,13:35,포장,OTW-E03,흑임자&산딸기 에그타르트,에그타르트,1,5500,5500
OTW-260813-025,2026-08-13,목,13:36,포장,OTW-C01,오프더월 x 풀노리 옥수수 아이스크림,협업상품,1,6500,6500
OTW-260813-025,2026-08-13,목,13:36,포장,OTW-T02,보늬밤 타르트,타르트,1,8500,8500
OTW-260813-026,2026-08-13,목,13:40,포장,OTW-E01,강릉 옥수수 에그타르트,에그타르트,1,4800,4800
OTW-260813-026,2026-08-13,목,13:40,포장,OTW-D01,옥수수 밀크티,음료,1,6500,6500
OTW-260813-027,2026-08-13,목,13:43,포장,OTW-D01,옥수수 밀크티,음료,1,6500,6500
OTW-260813-028,2026-08-13,목,13:44,포장,OTW-T04,자몽 망고 요거트 타르트,타르트,1,9600,9600
OTW-260813-028,2026-08-13,목,13:44,포장,OTW-D01,옥수수 밀크티,음료,1,6500,6500
OTW-260813-029,2026-08-13,목,13:45,매장,OTW-C01,오프더월 x 풀노리 옥수수 아이스크림,협업상품,1,6500,6500
OTW-260813-029,2026-08-13,목,13:45,매장,OTW-E03,흑임자&산딸기 에그타르트,에그타르트,1,5500,5500
OTW-260813-030,2026-08-13,목,13:49,포장,OTW-P01,아이스크림 파르페,디저트,1,8500,8500
OTW-260813-031,2026-08-13,목,13:53,포장,OTW-E01,강릉 옥수수 에그타르트,에그타르트,1,4800,4800
OTW-260813-031,2026-08-13,목,13:53,포장,OTW-T01,옥수수 타르트,타르트,1,8500,8500
OTW-260813-032,2026-08-13,목,13:57,포장,OTW-C01,오프더월 x 풀노리 옥수수 아이스크림,협업상품,1,6500,6500
OTW-260813-032,2026-08-13,목,13:57,포장,OTW-C01,오프더월 x 풀노리 옥수수 아이스크림,협업상품,1,6500,6500
OTW-260813-032,2026-08-13,목,13:57,포장,OTW-C01,오프더월 x 풀노리 옥수수 아이스크림,협업상품,1,6500,6500
OTW-260813-033,2026-08-13,목,14:00,포장,OTW-D01,옥수수 밀크티,음료,1,6500,6500
OTW-260813-033,2026-08-13,목,14:00,포장,OTW-C01,오프더월 x 풀노리 옥수수 아이스크림,협업상품,2,6500,13000
OTW-260813-034,2026-08-13,목,14:03,매장,OTW-C01,오프더월 x 풀노리 옥수수 아이스크림,협업상품,2,6500,13000
OTW-260813-035,2026-08-13,목,14:05,포장,OTW-C01,오프더월 x 풀노리 옥수수 아이스크림,협업상품,1,6500,6500
OTW-260813-036,2026-08-13,목,14:06,포장,OTW-T01,옥수수 타르트,타르트,1,8500,8500
OTW-260813-036,2026-08-13,목,14:06,포장,OTW-C01,오프더월 x 풀노리 옥수수 아이스크림,협업상품,1,6500,6500
OTW-260813-037,2026-08-13,목,14:13,포장,OTW-T02,보늬밤 타르트,타르트,1,8500,8500
OTW-260813-037,2026-08-13,목,14:13,포장,OTW-D01,옥수수 밀크티,음료,1,6500,6500
OTW-260813-038,2026-08-13,목,14:14,포장,OTW-D01,옥수수 밀크티,음료,1,6500,6500
OTW-260813-039,2026-08-13,목,14:14,포장,OTW-C01,오프더월 x 풀노리 옥수수 아이스크림,협업상품,1,6500,6500
OTW-260813-039,2026-08-13,목,14:14,포장,OTW-T02,보늬밤 타르트,타르트,2,8500,17000
OTW-260813-040,2026-08-13,목,14:23,포장,OTW-D01,옥수수 밀크티,음료,1,6500,6500
OTW-260813-040,2026-08-13,목,14:23,포장,OTW-T03,말차 타르트,타르트,1,9100,9100
OTW-260813-041,2026-08-13,목,14:23,포장,OTW-E01,강릉 옥수수 에그타르트,에그타르트,1,4800,4800
OTW-260813-041,2026-08-13,목,14:23,포장,OTW-E03,흑임자&산딸기 에그타르트,에그타르트,1,5500,5500
OTW-260813-042,2026-08-13,목,14:26,포장,OTW-E01,강릉 옥수수 에그타르트,에그타르트,1,4800,4800
OTW-260813-043,2026-08-13,목,14:27,포장,OTW-E01,강릉 옥수수 에그타르트,에그타르트,1,4800,4800
OTW-260813-043,2026-08-13,목,14:27,포장,OTW-E04,피스타치오 에그타르트,에그타르트,1,5800,5800
OTW-260813-043,2026-08-13,목,14:27,포장,OTW-T03,말차 타르트,타르트,2,9100,18200
OTW-260813-044,2026-08-13,목,14:31,포장,OTW-T01,옥수수 타르트,타르트,1,8500,8500
OTW-260813-044,2026-08-13,목,14:31,포장,OTW-C01,오프더월 x 풀노리 옥수수 아이스크림,협업상품,1,6500,6500
OTW-260813-044,2026-08-13,목,14:31,포장,OTW-E02,강릉 감자&잠봉 에그타르트,에그타르트,2,5200,10400
OTW-260813-045,2026-08-13,목,14:33,매장,OTW-E03,흑임자&산딸기 에그타르트,에그타르트,1,5500,5500
OTW-260813-046,2026-08-13,목,14:39,매장,OTW-T03,말차 타르트,타르트,1,9100,9100
OTW-260813-046,2026-08-13,목,14:39,매장,OTW-T01,옥수수 타르트,타르트,1,8500,8500
OTW-260813-047,2026-08-13,목,14:46,포장,OTW-P01,아이스크림 파르페,디저트,1,8500,8500
OTW-260813-048,2026-08-13,목,14:50,포장,OTW-E02,강릉 감자&잠봉 에그타르트,에그타르트,2,5200,10400
OTW-260813-049,2026-08-13,목,14:52,포장,OTW-T03,말차 타르트,타르트,2,9100,18200
OTW-260813-049,2026-08-13,목,14:52,포장,OTW-D01,옥수수 밀크티,음료,1,6500,6500
OTW-260813-050,2026-08-13,목,15:08,포장,OTW-T01,옥수수 타르트,타르트,1,8500,8500
OTW-260813-051,2026-08-13,목,15:12,포장,OTW-T01,옥수수 타르트,타르트,1,8500,8500
OTW-260813-052,2026-08-13,목,15:13,포장,OTW-C01,오프더월 x 풀노리 옥수수 아이스크림,협업상품,1,6500,6500
OTW-260813-052,2026-08-13,목,15:13,포장,OTW-C01,오프더월 x 풀노리 옥수수 아이스크림,협업상품,1,6500,6500
OTW-260813-053,2026-08-13,목,15:14,포장,OTW-C01,오프더월 x 풀노리 옥수수 아이스크림,협업상품,1,6500,6500
OTW-260813-053,2026-08-13,목,15:14,포장,OTW-T02,보늬밤 타르트,타르트,1,8500,8500
OTW-260813-053,2026-08-13,목,15:14,포장,OTW-C01,오프더월 x 풀노리 옥수수 아이스크림,협업상품,1,6500,6500
OTW-260813-054,2026-08-13,목,15:16,포장,OTW-T03,말차 타르트,타르트,1,9100,9100
OTW-260813-054,2026-08-13,목,15:16,포장,OTW-C01,오프더월 x 풀노리 옥수수 아이스크림,협업상품,1,6500,6500
OTW-260813-055,2026-08-13,목,15:18,포장,OTW-C01,오프더월 x 풀노리 옥수수 아이스크림,협업상품,2,6500,13000
OTW-260813-055,2026-08-13,목,15:18,포장,OTW-E01,강릉 옥수수 에그타르트,에그타르트,1,4800,4800
OTW-260813-056,2026-08-13,목,15:25,매장,OTW-D01,옥수수 밀크티,음료,1,6500,6500
OTW-260813-056,2026-08-13,목,15:25,매장,OTW-T04,자몽 망고 요거트 타르트,타르트,1,9600,9600
OTW-260813-057,2026-08-13,목,15:26,포장,OTW-D01,옥수수 밀크티,음료,1,6500,6500
OTW-260813-058,2026-08-13,목,15:28,포장,OTW-T01,옥수수 타르트,타르트,1,8500,8500
OTW-260813-059,2026-08-13,목,15:29,포장,OTW-E02,강릉 감자&잠봉 에그타르트,에그타르트,1,5200,5200
OTW-260813-059,2026-08-13,목,15:29,포장,OTW-T01,옥수수 타르트,타르트,1,8500,8500
OTW-260813-060,2026-08-13,목,15:41,포장,OTW-T02,보늬밤 타르트,타르트,2,8500,17000
OTW-260813-060,2026-08-13,목,15:41,포장,OTW-E01,강릉 옥수수 에그타르트,에그타르트,2,4800,9600
OTW-260813-061,2026-08-13,목,15:43,포장,OTW-P01,아이스크림 파르페,디저트,1,8500,8500
OTW-260813-062,2026-08-13,목,15:43,매장,OTW-E04,피스타치오 에그타르트,에그타르트,1,5800,5800
OTW-260813-063,2026-08-13,목,15:51,매장,OTW-T01,옥수수 타르트,타르트,1,8500,8500
OTW-260813-063,2026-08-13,목,15:51,매장,OTW-E02,강릉 감자&잠봉 에그타르트,에그타르트,1,5200,5200
OTW-260813-064,2026-08-13,목,15:55,매장,OTW-T04,자몽 망고 요거트 타르트,타르트,1,9600,9600
OTW-260813-065,2026-08-13,목,15:55,매장,OTW-D01,옥수수 밀크티,음료,1,6500,6500
OTW-260813-065,2026-08-13,목,15:55,매장,OTW-D01,옥수수 밀크티,음료,2,6500,13000
OTW-260813-066,2026-08-13,목,15:57,포장,OTW-T01,옥수수 타르트,타르트,2,8500,17000
OTW-260813-067,2026-08-13,목,15:58,포장,OTW-T01,옥수수 타르트,타르트,1,8500,8500
OTW-260813-067,2026-08-13,목,15:58,포장,OTW-E01,강릉 옥수수 에그타르트,에그타르트,1,4800,4800
OTW-260814-001,2026-08-14,금,12:05,포장,OTW-C01,오프더월 x 풀노리 옥수수 아이스크림,협업상품,1,6500,6500
OTW-260814-001,2026-08-14,금,12:05,포장,OTW-T04,자몽 망고 요거트 타르트,타르트,1,9600,9600
OTW-260814-002,2026-08-14,금,12:10,매장,OTW-T01,옥수수 타르트,타르트,1,8500,8500
OTW-260814-002,2026-08-14,금,12:10,매장,OTW-E01,강릉 옥수수 에그타르트,에그타르트,1,4800,4800
OTW-260814-003,2026-08-14,금,12:13,포장,OTW-T04,자몽 망고 요거트 타르트,타르트,1,9600,9600
OTW-260814-003,2026-08-14,금,12:13,포장,OTW-T03,말차 타르트,타르트,1,9100,9100
OTW-260814-003,2026-08-14,금,12:13,포장,OTW-T03,말차 타르트,타르트,2,9100,18200
OTW-260814-004,2026-08-14,금,12:23,매장,OTW-E01,강릉 옥수수 에그타르트,에그타르트,1,4800,4800
OTW-260814-004,2026-08-14,금,12:23,매장,OTW-C01,오프더월 x 풀노리 옥수수 아이스크림,협업상품,1,6500,6500
OTW-260814-005,2026-08-14,금,12:34,포장,OTW-T01,옥수수 타르트,타르트,1,8500,8500
OTW-260814-005,2026-08-14,금,12:34,포장,OTW-T04,자몽 망고 요거트 타르트,타르트,1,9600,9600
OTW-260814-005,2026-08-14,금,12:34,포장,OTW-D01,옥수수 밀크티,음료,1,6500,6500
OTW-260814-006,2026-08-14,금,12:35,포장,OTW-E02,강릉 감자&잠봉 에그타르트,에그타르트,1,5200,5200
OTW-260814-006,2026-08-14,금,12:35,포장,OTW-C01,오프더월 x 풀노리 옥수수 아이스크림,협업상품,1,6500,6500
OTW-260814-007,2026-08-14,금,12:37,포장,OTW-E02,강릉 감자&잠봉 에그타르트,에그타르트,1,5200,5200
OTW-260814-008,2026-08-14,금,12:37,매장,OTW-C01,오프더월 x 풀노리 옥수수 아이스크림,협업상품,1,6500,6500
OTW-260814-008,2026-08-14,금,12:37,매장,OTW-C01,오프더월 x 풀노리 옥수수 아이스크림,협업상품,1,6500,6500
OTW-260814-009,2026-08-14,금,12:38,매장,OTW-T01,옥수수 타르트,타르트,1,8500,8500
OTW-260814-010,2026-08-14,금,12:40,매장,OTW-E02,강릉 감자&잠봉 에그타르트,에그타르트,1,5200,5200
OTW-260814-011,2026-08-14,금,12:43,포장,OTW-E03,흑임자&산딸기 에그타르트,에그타르트,1,5500,5500
OTW-260814-012,2026-08-14,금,13:07,매장,OTW-T01,옥수수 타르트,타르트,1,8500,8500
OTW-260814-012,2026-08-14,금,13:07,매장,OTW-C01,오프더월 x 풀노리 옥수수 아이스크림,협업상품,1,6500,6500
OTW-260814-013,2026-08-14,금,13:10,포장,OTW-P01,아이스크림 파르페,디저트,1,8500,8500
OTW-260814-014,2026-08-14,금,13:12,포장,OTW-P01,아이스크림 파르페,디저트,1,8500,8500
OTW-260814-015,2026-08-14,금,13:27,포장,OTW-C01,오프더월 x 풀노리 옥수수 아이스크림,협업상품,1,6500,6500
OTW-260814-015,2026-08-14,금,13:27,포장,OTW-E02,강릉 감자&잠봉 에그타르트,에그타르트,1,5200,5200
OTW-260814-016,2026-08-14,금,13:30,포장,OTW-D01,옥수수 밀크티,음료,1,6500,6500
OTW-260814-017,2026-08-14,금,13:31,포장,OTW-D01,옥수수 밀크티,음료,1,6500,6500
OTW-260814-018,2026-08-14,금,13:37,포장,OTW-P01,아이스크림 파르페,디저트,1,8500,8500
OTW-260814-019,2026-08-14,금,13:47,매장,OTW-T03,말차 타르트,타르트,1,9100,9100
OTW-260814-020,2026-08-14,금,13:48,포장,OTW-D01,옥수수 밀크티,음료,1,6500,6500
OTW-260814-020,2026-08-14,금,13:48,포장,OTW-E01,강릉 옥수수 에그타르트,에그타르트,1,4800,4800
OTW-260814-020,2026-08-14,금,13:48,포장,OTW-T03,말차 타르트,타르트,2,9100,18200
OTW-260814-021,2026-08-14,금,13:50,포장,OTW-D01,옥수수 밀크티,음료,1,6500,6500
OTW-260814-021,2026-08-14,금,13:50,포장,OTW-D01,옥수수 밀크티,음료,1,6500,6500
OTW-260814-021,2026-08-14,금,13:50,포장,OTW-T03,말차 타르트,타르트,1,9100,9100
OTW-260814-022,2026-08-14,금,13:51,매장,OTW-E02,강릉 감자&잠봉 에그타르트,에그타르트,1,5200,5200
OTW-260814-022,2026-08-14,금,13:51,매장,OTW-E04,피스타치오 에그타르트,에그타르트,1,5800,5800
OTW-260814-023,2026-08-14,금,13:51,포장,OTW-T02,보늬밤 타르트,타르트,2,8500,17000
OTW-260814-024,2026-08-14,금,13:58,매장,OTW-D01,옥수수 밀크티,음료,1,6500,6500
OTW-260814-024,2026-08-14,금,13:58,매장,OTW-D01,옥수수 밀크티,음료,1,6500,6500
OTW-260814-025,2026-08-14,금,14:02,매장,OTW-C01,오프더월 x 풀노리 옥수수 아이스크림,협업상품,1,6500,6500
OTW-260814-026,2026-08-14,금,14:05,매장,OTW-E02,강릉 감자&잠봉 에그타르트,에그타르트,2,5200,10400
OTW-260814-026,2026-08-14,금,14:05,매장,OTW-T01,옥수수 타르트,타르트,1,8500,8500
OTW-260814-026,2026-08-14,금,14:05,매장,OTW-T01,옥수수 타르트,타르트,1,8500,8500
OTW-260814-027,2026-08-14,금,14:05,포장,OTW-T03,말차 타르트,타르트,2,9100,18200
OTW-260814-028,2026-08-14,금,14:11,매장,OTW-D01,옥수수 밀크티,음료,1,6500,6500
OTW-260814-028,2026-08-14,금,14:11,매장,OTW-E04,피스타치오 에그타르트,에그타르트,1,5800,5800
OTW-260814-029,2026-08-14,금,14:12,매장,OTW-T01,옥수수 타르트,타르트,1,8500,8500
OTW-260814-029,2026-08-14,금,14:12,매장,OTW-E04,피스타치오 에그타르트,에그타르트,1,5800,5800
OTW-260814-030,2026-08-14,금,14:12,매장,OTW-T01,옥수수 타르트,타르트,1,8500,8500
OTW-260814-031,2026-08-14,금,14:12,포장,OTW-D01,옥수수 밀크티,음료,1,6500,6500
OTW-260814-032,2026-08-14,금,14:15,매장,OTW-D01,옥수수 밀크티,음료,1,6500,6500
OTW-260814-033,2026-08-14,금,14:18,매장,OTW-E01,강릉 옥수수 에그타르트,에그타르트,1,4800,4800
OTW-260814-033,2026-08-14,금,14:18,매장,OTW-T01,옥수수 타르트,타르트,1,8500,8500
OTW-260814-034,2026-08-14,금,14:21,포장,OTW-D01,옥수수 밀크티,음료,2,6500,13000
OTW-260814-034,2026-08-14,금,14:21,포장,OTW-T03,말차 타르트,타르트,1,9100,9100
OTW-260814-035,2026-08-14,금,14:30,포장,OTW-T02,보늬밤 타르트,타르트,1,8500,8500
OTW-260814-035,2026-08-14,금,14:30,포장,OTW-D01,옥수수 밀크티,음료,2,6500,13000
OTW-260814-036,2026-08-14,금,14:50,매장,OTW-E03,흑임자&산딸기 에그타르트,에그타르트,1,5500,5500
OTW-260814-036,2026-08-14,금,14:50,매장,OTW-D01,옥수수 밀크티,음료,1,6500,6500
OTW-260814-036,2026-08-14,금,14:50,매장,OTW-T02,보늬밤 타르트,타르트,1,8500,8500
OTW-260814-037,2026-08-14,금,14:52,포장,OTW-E03,흑임자&산딸기 에그타르트,에그타르트,1,5500,5500
OTW-260814-038,2026-08-14,금,14:54,포장,OTW-T01,옥수수 타르트,타르트,2,8500,17000
OTW-260814-039,2026-08-14,금,14:54,매장,OTW-T01,옥수수 타르트,타르트,1,8500,8500
OTW-260814-040,2026-08-14,금,14:57,포장,OTW-T02,보늬밤 타르트,타르트,1,8500,8500
OTW-260814-040,2026-08-14,금,14:57,포장,OTW-D01,옥수수 밀크티,음료,1,6500,6500
OTW-260814-041,2026-08-14,금,15:04,포장,OTW-D01,옥수수 밀크티,음료,1,6500,6500
OTW-260814-042,2026-08-14,금,15:09,포장,OTW-T03,말차 타르트,타르트,1,9100,9100
OTW-260814-042,2026-08-14,금,15:09,포장,OTW-E01,강릉 옥수수 에그타르트,에그타르트,1,4800,4800
OTW-260814-043,2026-08-14,금,15:09,포장,OTW-E02,강릉 감자&잠봉 에그타르트,에그타르트,1,5200,5200
OTW-260814-043,2026-08-14,금,15:09,포장,OTW-D01,옥수수 밀크티,음료,1,6500,6500
OTW-260814-044,2026-08-14,금,15:10,포장,OTW-E03,흑임자&산딸기 에그타르트,에그타르트,1,5500,5500
OTW-260814-044,2026-08-14,금,15:10,포장,OTW-T01,옥수수 타르트,타르트,2,8500,17000
OTW-260814-045,2026-08-14,금,15:20,매장,OTW-T01,옥수수 타르트,타르트,1,8500,8500
OTW-260814-045,2026-08-14,금,15:20,매장,OTW-E01,강릉 옥수수 에그타르트,에그타르트,1,4800,4800
OTW-260814-045,2026-08-14,금,15:20,매장,OTW-T01,옥수수 타르트,타르트,1,8500,8500
OTW-260814-046,2026-08-14,금,15:21,매장,OTW-T01,옥수수 타르트,타르트,1,8500,8500
OTW-260814-047,2026-08-14,금,15:24,포장,OTW-D01,옥수수 밀크티,음료,1,6500,6500
OTW-260814-047,2026-08-14,금,15:24,포장,OTW-P01,아이스크림 파르페,디저트,1,8500,8500
OTW-260814-048,2026-08-14,금,15:33,매장,OTW-D01,옥수수 밀크티,음료,1,6500,6500
OTW-260814-048,2026-08-14,금,15:33,매장,OTW-T01,옥수수 타르트,타르트,1,8500,8500
OTW-260814-049,2026-08-14,금,15:33,매장,OTW-T01,옥수수 타르트,타르트,1,8500,8500
OTW-260814-049,2026-08-14,금,15:33,매장,OTW-E02,강릉 감자&잠봉 에그타르트,에그타르트,2,5200,10400
OTW-260814-050,2026-08-14,금,15:33,매장,OTW-T02,보늬밤 타르트,타르트,1,8500,8500
OTW-260814-051,2026-08-14,금,15:39,매장,OTW-T04,자몽 망고 요거트 타르트,타르트,1,9600,9600
OTW-260814-051,2026-08-14,금,15:39,매장,OTW-E03,흑임자&산딸기 에그타르트,에그타르트,2,5500,11000
OTW-260814-052,2026-08-14,금,15:40,포장,OTW-E03,흑임자&산딸기 에그타르트,에그타르트,2,5500,11000
OTW-260814-052,2026-08-14,금,15:40,포장,OTW-E01,강릉 옥수수 에그타르트,에그타르트,1,4800,4800
OTW-260814-053,2026-08-14,금,15:43,매장,OTW-T04,자몽 망고 요거트 타르트,타르트,1,9600,9600
OTW-260814-053,2026-08-14,금,15:43,매장,OTW-P01,아이스크림 파르페,디저트,1,8500,8500
OTW-260814-054,2026-08-14,금,15:52,매장,OTW-E02,강릉 감자&잠봉 에그타르트,에그타르트,1,5200,5200
OTW-260814-054,2026-08-14,금,15:52,매장,OTW-T03,말차 타르트,타르트,1,9100,9100
OTW-260814-054,2026-08-14,금,15:52,매장,OTW-E03,흑임자&산딸기 에그타르트,에그타르트,1,5500,5500
OTW-260814-055,2026-08-14,금,15:56,포장,OTW-D01,옥수수 밀크티,음료,2,6500,13000
OTW-260814-055,2026-08-14,금,15:56,포장,OTW-T03,말차 타르트,타르트,1,9100,9100
OTW-260814-056,2026-08-14,금,15:59,매장,OTW-T03,말차 타르트,타르트,1,9100,9100
OTW-260814-057,2026-08-14,금,16:02,포장,OTW-D01,옥수수 밀크티,음료,1,6500,6500
OTW-260814-058,2026-08-14,금,16:04,포장,OTW-T01,옥수수 타르트,타르트,2,8500,17000
OTW-260814-058,2026-08-14,금,16:04,포장,OTW-T02,보늬밤 타르트,타르트,2,8500,17000
OTW-260814-058,2026-08-14,금,16:04,포장,OTW-E01,강릉 옥수수 에그타르트,에그타르트,1,4800,4800
OTW-260814-059,2026-08-14,금,16:09,포장,OTW-T01,옥수수 타르트,타르트,1,8500,8500
OTW-260814-059,2026-08-14,금,16:09,포장,OTW-D01,옥수수 밀크티,음료,1,6500,6500
OTW-260814-060,2026-08-14,금,16:10,포장,OTW-T02,보늬밤 타르트,타르트,1,8500,8500
OTW-260814-060,2026-08-14,금,16:10,포장,OTW-P01,아이스크림 파르페,디저트,1,8500,8500
OTW-260814-061,2026-08-14,금,16:15,매장,OTW-T02,보늬밤 타르트,타르트,1,8500,8500
OTW-260814-061,2026-08-14,금,16:15,매장,OTW-P01,아이스크림 파르페,디저트,1,8500,8500
OTW-260814-062,2026-08-14,금,16:20,매장,OTW-T03,말차 타르트,타르트,1,9100,9100
OTW-260814-062,2026-08-14,금,16:20,매장,OTW-T02,보늬밤 타르트,타르트,2,8500,17000
OTW-260814-062,2026-08-14,금,16:20,매장,OTW-T02,보늬밤 타르트,타르트,1,8500,8500
OTW-260814-063,2026-08-14,금,16:21,매장,OTW-E03,흑임자&산딸기 에그타르트,에그타르트,1,5500,5500
OTW-260814-063,2026-08-14,금,16:21,매장,OTW-E02,강릉 감자&잠봉 에그타르트,에그타르트,1,5200,5200
OTW-260814-063,2026-08-14,금,16:21,매장,OTW-E01,강릉 옥수수 에그타르트,에그타르트,1,4800,4800
OTW-260814-064,2026-08-14,금,16:21,포장,OTW-E03,흑임자&산딸기 에그타르트,에그타르트,1,5500,5500
OTW-260814-065,2026-08-14,금,16:22,매장,OTW-E02,강릉 감자&잠봉 에그타르트,에그타르트,1,5200,5200
OTW-260814-066,2026-08-14,금,16:23,매장,OTW-T01,옥수수 타르트,타르트,1,8500,8500
OTW-260814-066,2026-08-14,금,16:23,매장,OTW-D01,옥수수 밀크티,음료,1,6500,6500
OTW-260814-067,2026-08-14,금,16:24,매장,OTW-T01,옥수수 타르트,타르트,2,8500,17000
OTW-260814-067,2026-08-14,금,16:24,매장,OTW-E04,피스타치오 에그타르트,에그타르트,1,5800,5800
OTW-260814-068,2026-08-14,금,16:26,포장,OTW-E01,강릉 옥수수 에그타르트,에그타르트,1,4800,4800
OTW-260814-068,2026-08-14,금,16:26,포장,OTW-T01,옥수수 타르트,타르트,1,8500,8500
OTW-260814-069,2026-08-14,금,16:55,매장,OTW-D01,옥수수 밀크티,음료,1,6500,6500
OTW-260814-070,2026-08-14,금,16:57,포장,OTW-E01,강릉 옥수수 에그타르트,에그타르트,1,4800,4800
OTW-260814-070,2026-08-14,금,16:57,포장,OTW-E03,흑임자&산딸기 에그타르트,에그타르트,1,5500,5500
OTW-260814-071,2026-08-14,금,17:01,매장,OTW-E01,강릉 옥수수 에그타르트,에그타르트,1,4800,4800
OTW-260814-071,2026-08-14,금,17:01,매장,OTW-E02,강릉 감자&잠봉 에그타르트,에그타르트,1,5200,5200
OTW-260814-072,2026-08-14,금,17:11,포장,OTW-T01,옥수수 타르트,타르트,1,8500,8500
OTW-260814-073,2026-08-14,금,17:17,포장,OTW-D01,옥수수 밀크티,음료,1,6500,6500
OTW-260814-074,2026-08-14,금,17:29,매장,OTW-T01,옥수수 타르트,타르트,1,8500,8500
OTW-260814-074,2026-08-14,금,17:29,매장,OTW-T02,보늬밤 타르트,타르트,1,8500,8500
OTW-260814-074,2026-08-14,금,17:29,매장,OTW-E01,강릉 옥수수 에그타르트,에그타르트,2,4800,9600
OTW-260815-001,2026-08-15,토,12:00,포장,OTW-E04,피스타치오 에그타르트,에그타르트,1,5800,5800
OTW-260815-001,2026-08-15,토,12:00,포장,OTW-C01,오프더월 x 풀노리 옥수수 아이스크림,협업상품,1,6500,6500
OTW-260815-002,2026-08-15,토,12:05,포장,OTW-C01,오프더월 x 풀노리 옥수수 아이스크림,협업상품,1,6500,6500
OTW-260815-002,2026-08-15,토,12:05,포장,OTW-T04,자몽 망고 요거트 타르트,타르트,1,9600,9600
OTW-260815-002,2026-08-15,토,12:05,포장,OTW-C01,오프더월 x 풀노리 옥수수 아이스크림,협업상품,1,6500,6500
OTW-260815-003,2026-08-15,토,12:06,포장,OTW-E01,강릉 옥수수 에그타르트,에그타르트,1,4800,4800
OTW-260815-004,2026-08-15,토,12:09,매장,OTW-C01,오프더월 x 풀노리 옥수수 아이스크림,협업상품,1,6500,6500
OTW-260815-004,2026-08-15,토,12:09,매장,OTW-T02,보늬밤 타르트,타르트,1,8500,8500
OTW-260815-004,2026-08-15,토,12:09,매장,OTW-D01,옥수수 밀크티,음료,1,6500,6500
OTW-260815-005,2026-08-15,토,12:12,포장,OTW-T01,옥수수 타르트,타르트,1,8500,8500
OTW-260815-005,2026-08-15,토,12:12,포장,OTW-C01,오프더월 x 풀노리 옥수수 아이스크림,협업상품,1,6500,6500
OTW-260815-006,2026-08-15,토,12:15,매장,OTW-D01,옥수수 밀크티,음료,1,6500,6500
OTW-260815-006,2026-08-15,토,12:15,매장,OTW-T04,자몽 망고 요거트 타르트,타르트,1,9600,9600
OTW-260815-006,2026-08-15,토,12:15,매장,OTW-E02,강릉 감자&잠봉 에그타르트,에그타르트,1,5200,5200
OTW-260815-007,2026-08-15,토,12:18,포장,OTW-T03,말차 타르트,타르트,1,9100,9100
OTW-260815-007,2026-08-15,토,12:18,포장,OTW-P01,아이스크림 파르페,디저트,1,8500,8500
OTW-260815-007,2026-08-15,토,12:18,포장,OTW-C01,오프더월 x 풀노리 옥수수 아이스크림,협업상품,1,6500,6500
OTW-260815-008,2026-08-15,토,12:18,매장,OTW-E04,피스타치오 에그타르트,에그타르트,1,5800,5800
OTW-260815-009,2026-08-15,토,12:20,포장,OTW-T04,자몽 망고 요거트 타르트,타르트,1,9600,9600
OTW-260815-010,2026-08-15,토,12:27,매장,OTW-C01,오프더월 x 풀노리 옥수수 아이스크림,협업상품,1,6500,6500
OTW-260815-011,2026-08-15,토,12:27,포장,OTW-E02,강릉 감자&잠봉 에그타르트,에그타르트,1,5200,5200
OTW-260815-012,2026-08-15,토,12:28,포장,OTW-E03,흑임자&산딸기 에그타르트,에그타르트,1,5500,5500
OTW-260815-012,2026-08-15,토,12:28,포장,OTW-D01,옥수수 밀크티,음료,2,6500,13000
OTW-260815-013,2026-08-15,토,12:35,매장,OTW-T03,말차 타르트,타르트,1,9100,9100
OTW-260815-013,2026-08-15,토,12:35,매장,OTW-T04,자몽 망고 요거트 타르트,타르트,1,9600,9600
OTW-260815-014,2026-08-15,토,12:38,포장,OTW-C01,오프더월 x 풀노리 옥수수 아이스크림,협업상품,1,6500,6500
OTW-260815-015,2026-08-15,토,12:46,포장,OTW-T02,보늬밤 타르트,타르트,1,8500,8500
OTW-260815-016,2026-08-15,토,12:54,포장,OTW-C01,오프더월 x 풀노리 옥수수 아이스크림,협업상품,1,6500,6500
OTW-260815-016,2026-08-15,토,12:54,포장,OTW-E04,피스타치오 에그타르트,에그타르트,1,5800,5800
OTW-260815-016,2026-08-15,토,12:54,포장,OTW-T04,자몽 망고 요거트 타르트,타르트,1,9600,9600
OTW-260815-017,2026-08-15,토,13:05,매장,OTW-T02,보늬밤 타르트,타르트,1,8500,8500
OTW-260815-017,2026-08-15,토,13:05,매장,OTW-C01,오프더월 x 풀노리 옥수수 아이스크림,협업상품,1,6500,6500
OTW-260815-018,2026-08-15,토,13:06,포장,OTW-E01,강릉 옥수수 에그타르트,에그타르트,2,4800,9600
OTW-260815-019,2026-08-15,토,13:09,포장,OTW-D01,옥수수 밀크티,음료,1,6500,6500
OTW-260815-019,2026-08-15,토,13:09,포장,OTW-D01,옥수수 밀크티,음료,2,6500,13000
OTW-260815-019,2026-08-15,토,13:09,포장,OTW-T03,말차 타르트,타르트,1,9100,9100
OTW-260815-020,2026-08-15,토,13:10,매장,OTW-C01,오프더월 x 풀노리 옥수수 아이스크림,협업상품,1,6500,6500
OTW-260815-020,2026-08-15,토,13:10,매장,OTW-P01,아이스크림 파르페,디저트,1,8500,8500
OTW-260815-021,2026-08-15,토,13:13,포장,OTW-D01,옥수수 밀크티,음료,1,6500,6500
OTW-260815-021,2026-08-15,토,13:13,포장,OTW-C01,오프더월 x 풀노리 옥수수 아이스크림,협업상품,1,6500,6500
OTW-260815-022,2026-08-15,토,13:19,매장,OTW-T03,말차 타르트,타르트,2,9100,18200
OTW-260815-022,2026-08-15,토,13:19,매장,OTW-E03,흑임자&산딸기 에그타르트,에그타르트,1,5500,5500
OTW-260815-023,2026-08-15,토,13:20,포장,OTW-C01,오프더월 x 풀노리 옥수수 아이스크림,협업상품,1,6500,6500
OTW-260815-023,2026-08-15,토,13:20,포장,OTW-T02,보늬밤 타르트,타르트,1,8500,8500
OTW-260815-024,2026-08-15,토,13:23,포장,OTW-E04,피스타치오 에그타르트,에그타르트,2,5800,11600
OTW-260815-024,2026-08-15,토,13:23,포장,OTW-E01,강릉 옥수수 에그타르트,에그타르트,1,4800,4800
OTW-260815-025,2026-08-15,토,13:26,포장,OTW-C01,오프더월 x 풀노리 옥수수 아이스크림,협업상품,1,6500,6500
OTW-260815-026,2026-08-15,토,13:31,포장,OTW-T01,옥수수 타르트,타르트,1,8500,8500
OTW-260815-027,2026-08-15,토,13:40,매장,OTW-E03,흑임자&산딸기 에그타르트,에그타르트,1,5500,5500
OTW-260815-028,2026-08-15,토,13:41,매장,OTW-D01,옥수수 밀크티,음료,1,6500,6500
OTW-260815-028,2026-08-15,토,13:41,매장,OTW-C01,오프더월 x 풀노리 옥수수 아이스크림,협업상품,1,6500,6500
OTW-260815-029,2026-08-15,토,13:46,매장,OTW-C01,오프더월 x 풀노리 옥수수 아이스크림,협업상품,1,6500,6500
OTW-260815-029,2026-08-15,토,13:46,매장,OTW-D01,옥수수 밀크티,음료,1,6500,6500
OTW-260815-030,2026-08-15,토,13:51,포장,OTW-P01,아이스크림 파르페,디저트,1,8500,8500
OTW-260815-030,2026-08-15,토,13:51,포장,OTW-T01,옥수수 타르트,타르트,2,8500,17000
OTW-260815-031,2026-08-15,토,13:52,포장,OTW-C01,오프더월 x 풀노리 옥수수 아이스크림,협업상품,1,6500,6500
OTW-260815-031,2026-08-15,토,13:52,포장,OTW-P01,아이스크림 파르페,디저트,2,8500,17000
OTW-260815-031,2026-08-15,토,13:52,포장,OTW-C01,오프더월 x 풀노리 옥수수 아이스크림,협업상품,1,6500,6500
OTW-260815-032,2026-08-15,토,13:57,포장,OTW-C01,오프더월 x 풀노리 옥수수 아이스크림,협업상품,1,6500,6500
OTW-260815-033,2026-08-15,토,14:05,포장,OTW-E04,피스타치오 에그타르트,에그타르트,2,5800,11600
OTW-260815-033,2026-08-15,토,14:05,포장,OTW-T02,보늬밤 타르트,타르트,1,8500,8500
OTW-260815-033,2026-08-15,토,14:05,포장,OTW-T01,옥수수 타르트,타르트,1,8500,8500
OTW-260815-034,2026-08-15,토,14:06,포장,OTW-C01,오프더월 x 풀노리 옥수수 아이스크림,협업상품,1,6500,6500
OTW-260815-035,2026-08-15,토,14:10,포장,OTW-D01,옥수수 밀크티,음료,1,6500,6500
OTW-260815-035,2026-08-15,토,14:10,포장,OTW-E03,흑임자&산딸기 에그타르트,에그타르트,1,5500,5500
OTW-260815-035,2026-08-15,토,14:10,포장,OTW-T02,보늬밤 타르트,타르트,1,8500,8500
OTW-260815-036,2026-08-15,토,14:15,포장,OTW-E02,강릉 감자&잠봉 에그타르트,에그타르트,1,5200,5200
OTW-260815-036,2026-08-15,토,14:15,포장,OTW-E01,강릉 옥수수 에그타르트,에그타르트,1,4800,4800
OTW-260815-037,2026-08-15,토,14:15,포장,OTW-T04,자몽 망고 요거트 타르트,타르트,1,9600,9600
OTW-260815-037,2026-08-15,토,14:15,포장,OTW-E03,흑임자&산딸기 에그타르트,에그타르트,2,5500,11000
OTW-260815-037,2026-08-15,토,14:15,포장,OTW-E04,피스타치오 에그타르트,에그타르트,1,5800,5800
OTW-260815-038,2026-08-15,토,14:17,매장,OTW-T02,보늬밤 타르트,타르트,1,8500,8500
OTW-260815-038,2026-08-15,토,14:17,매장,OTW-C01,오프더월 x 풀노리 옥수수 아이스크림,협업상품,1,6500,6500
OTW-260815-038,2026-08-15,토,14:17,매장,OTW-C01,오프더월 x 풀노리 옥수수 아이스크림,협업상품,1,6500,6500
OTW-260815-039,2026-08-15,토,14:23,포장,OTW-T01,옥수수 타르트,타르트,1,8500,8500
OTW-260815-039,2026-08-15,토,14:23,포장,OTW-T04,자몽 망고 요거트 타르트,타르트,1,9600,9600
OTW-260815-040,2026-08-15,토,14:27,포장,OTW-P01,아이스크림 파르페,디저트,1,8500,8500
OTW-260815-040,2026-08-15,토,14:27,포장,OTW-T02,보늬밤 타르트,타르트,1,8500,8500
OTW-260815-040,2026-08-15,토,14:27,포장,OTW-E01,강릉 옥수수 에그타르트,에그타르트,1,4800,4800
OTW-260815-041,2026-08-15,토,14:32,매장,OTW-E02,강릉 감자&잠봉 에그타르트,에그타르트,1,5200,5200
OTW-260815-042,2026-08-15,토,14:33,포장,OTW-E03,흑임자&산딸기 에그타르트,에그타르트,2,5500,11000
OTW-260815-042,2026-08-15,토,14:33,포장,OTW-P01,아이스크림 파르페,디저트,1,8500,8500
OTW-260815-042,2026-08-15,토,14:33,포장,OTW-T02,보늬밤 타르트,타르트,2,8500,17000
OTW-260815-043,2026-08-15,토,14:35,포장,OTW-T01,옥수수 타르트,타르트,1,8500,8500
OTW-260815-043,2026-08-15,토,14:35,포장,OTW-E03,흑임자&산딸기 에그타르트,에그타르트,1,5500,5500
OTW-260815-044,2026-08-15,토,14:44,포장,OTW-T01,옥수수 타르트,타르트,1,8500,8500
OTW-260815-044,2026-08-15,토,14:44,포장,OTW-D01,옥수수 밀크티,음료,1,6500,6500
OTW-260815-045,2026-08-15,토,14:48,포장,OTW-E04,피스타치오 에그타르트,에그타르트,1,5800,5800
OTW-260815-045,2026-08-15,토,14:48,포장,OTW-E01,강릉 옥수수 에그타르트,에그타르트,1,4800,4800
OTW-260815-046,2026-08-15,토,14:48,포장,OTW-E01,강릉 옥수수 에그타르트,에그타르트,1,4800,4800
OTW-260815-046,2026-08-15,토,14:48,포장,OTW-E02,강릉 감자&잠봉 에그타르트,에그타르트,1,5200,5200
OTW-260815-046,2026-08-15,토,14:48,포장,OTW-E01,강릉 옥수수 에그타르트,에그타르트,1,4800,4800
OTW-260815-047,2026-08-15,토,14:50,매장,OTW-E02,강릉 감자&잠봉 에그타르트,에그타르트,1,5200,5200
OTW-260815-048,2026-08-15,토,14:52,포장,OTW-E02,강릉 감자&잠봉 에그타르트,에그타르트,1,5200,5200
OTW-260815-048,2026-08-15,토,14:52,포장,OTW-E03,흑임자&산딸기 에그타르트,에그타르트,1,5500,5500
OTW-260815-048,2026-08-15,토,14:52,포장,OTW-T03,말차 타르트,타르트,1,9100,9100
OTW-260815-049,2026-08-15,토,14:54,매장,OTW-T01,옥수수 타르트,타르트,1,8500,8500
OTW-260815-049,2026-08-15,토,14:54,매장,OTW-T02,보늬밤 타르트,타르트,1,8500,8500
OTW-260815-050,2026-08-15,토,14:59,포장,OTW-D01,옥수수 밀크티,음료,1,6500,6500
OTW-260815-050,2026-08-15,토,14:59,포장,OTW-D01,옥수수 밀크티,음료,1,6500,6500
OTW-260815-051,2026-08-15,토,15:02,포장,OTW-E01,강릉 옥수수 에그타르트,에그타르트,1,4800,4800
OTW-260815-051,2026-08-15,토,15:02,포장,OTW-T01,옥수수 타르트,타르트,1,8500,8500
OTW-260815-051,2026-08-15,토,15:02,포장,OTW-P01,아이스크림 파르페,디저트,2,8500,17000
OTW-260815-052,2026-08-15,토,15:04,포장,OTW-T02,보늬밤 타르트,타르트,1,8500,8500
OTW-260815-053,2026-08-15,토,15:07,포장,OTW-E02,강릉 감자&잠봉 에그타르트,에그타르트,1,5200,5200
OTW-260815-053,2026-08-15,토,15:07,포장,OTW-E01,강릉 옥수수 에그타르트,에그타르트,1,4800,4800
OTW-260815-053,2026-08-15,토,15:07,포장,OTW-D01,옥수수 밀크티,음료,1,6500,6500
OTW-260815-054,2026-08-15,토,15:09,포장,OTW-T02,보늬밤 타르트,타르트,1,8500,8500
OTW-260815-054,2026-08-15,토,15:09,포장,OTW-T03,말차 타르트,타르트,1,9100,9100
OTW-260815-054,2026-08-15,토,15:09,포장,OTW-E02,강릉 감자&잠봉 에그타르트,에그타르트,1,5200,5200
OTW-260815-055,2026-08-15,토,15:13,포장,OTW-D01,옥수수 밀크티,음료,1,6500,6500
OTW-260815-055,2026-08-15,토,15:13,포장,OTW-P01,아이스크림 파르페,디저트,1,8500,8500
OTW-260815-055,2026-08-15,토,15:13,포장,OTW-T03,말차 타르트,타르트,1,9100,9100
OTW-260815-056,2026-08-15,토,15:15,매장,OTW-T03,말차 타르트,타르트,1,9100,9100
OTW-260815-057,2026-08-15,토,15:15,포장,OTW-D01,옥수수 밀크티,음료,1,6500,6500
OTW-260815-057,2026-08-15,토,15:15,포장,OTW-D01,옥수수 밀크티,음료,1,6500,6500
OTW-260815-057,2026-08-15,토,15:15,포장,OTW-E04,피스타치오 에그타르트,에그타르트,1,5800,5800
OTW-260815-058,2026-08-15,토,15:17,포장,OTW-D01,옥수수 밀크티,음료,1,6500,6500
OTW-260815-059,2026-08-15,토,15:17,포장,OTW-D01,옥수수 밀크티,음료,1,6500,6500
OTW-260815-059,2026-08-15,토,15:17,포장,OTW-T01,옥수수 타르트,타르트,1,8500,8500
OTW-260815-059,2026-08-15,토,15:17,포장,OTW-E01,강릉 옥수수 에그타르트,에그타르트,1,4800,4800
OTW-260815-060,2026-08-15,토,15:22,매장,OTW-D01,옥수수 밀크티,음료,1,6500,6500
OTW-260815-060,2026-08-15,토,15:22,매장,OTW-T02,보늬밤 타르트,타르트,1,8500,8500
OTW-260815-061,2026-08-15,토,15:22,매장,OTW-T04,자몽 망고 요거트 타르트,타르트,1,9600,9600
OTW-260815-062,2026-08-15,토,15:23,포장,OTW-E04,피스타치오 에그타르트,에그타르트,1,5800,5800
OTW-260815-063,2026-08-15,토,15:25,포장,OTW-T02,보늬밤 타르트,타르트,1,8500,8500
OTW-260815-064,2026-08-15,토,15:25,포장,OTW-T01,옥수수 타르트,타르트,1,8500,8500
OTW-260815-065,2026-08-15,토,15:42,매장,OTW-D01,옥수수 밀크티,음료,1,6500,6500
OTW-260815-065,2026-08-15,토,15:42,매장,OTW-T01,옥수수 타르트,타르트,1,8500,8500
OTW-260815-066,2026-08-15,토,15:44,매장,OTW-E04,피스타치오 에그타르트,에그타르트,1,5800,5800
OTW-260815-067,2026-08-15,토,15:45,포장,OTW-D01,옥수수 밀크티,음료,1,6500,6500
OTW-260815-067,2026-08-15,토,15:45,포장,OTW-P01,아이스크림 파르페,디저트,1,8500,8500
OTW-260815-068,2026-08-15,토,15:45,매장,OTW-T01,옥수수 타르트,타르트,1,8500,8500
OTW-260815-068,2026-08-15,토,15:45,매장,OTW-D01,옥수수 밀크티,음료,1,6500,6500
OTW-260815-068,2026-08-15,토,15:45,매장,OTW-T03,말차 타르트,타르트,1,9100,9100
OTW-260815-069,2026-08-15,토,15:48,매장,OTW-E02,강릉 감자&잠봉 에그타르트,에그타르트,1,5200,5200
OTW-260815-070,2026-08-15,토,15:48,포장,OTW-E03,흑임자&산딸기 에그타르트,에그타르트,1,5500,5500
OTW-260815-070,2026-08-15,토,15:48,포장,OTW-T01,옥수수 타르트,타르트,1,8500,8500
OTW-260815-071,2026-08-15,토,15:52,포장,OTW-E02,강릉 감자&잠봉 에그타르트,에그타르트,1,5200,5200
OTW-260815-071,2026-08-15,토,15:52,포장,OTW-D01,옥수수 밀크티,음료,1,6500,6500
OTW-260815-071,2026-08-15,토,15:52,포장,OTW-T01,옥수수 타르트,타르트,1,8500,8500
OTW-260815-072,2026-08-15,토,15:54,매장,OTW-E02,강릉 감자&잠봉 에그타르트,에그타르트,1,5200,5200
OTW-260815-073,2026-08-15,토,16:08,포장,OTW-P01,아이스크림 파르페,디저트,1,8500,8500
OTW-260815-073,2026-08-15,토,16:08,포장,OTW-T01,옥수수 타르트,타르트,2,8500,17000
OTW-260815-073,2026-08-15,토,16:08,포장,OTW-D01,옥수수 밀크티,음료,1,6500,6500
OTW-260815-074,2026-08-15,토,16:10,포장,OTW-T01,옥수수 타르트,타르트,2,8500,17000
OTW-260815-075,2026-08-15,토,16:12,포장,OTW-D01,옥수수 밀크티,음료,1,6500,6500
OTW-260815-075,2026-08-15,토,16:12,포장,OTW-E04,피스타치오 에그타르트,에그타르트,1,5800,5800
OTW-260815-075,2026-08-15,토,16:12,포장,OTW-T01,옥수수 타르트,타르트,1,8500,8500
OTW-260815-076,2026-08-15,토,16:13,포장,OTW-T03,말차 타르트,타르트,1,9100,9100
OTW-260815-077,2026-08-15,토,16:14,매장,OTW-E03,흑임자&산딸기 에그타르트,에그타르트,1,5500,5500
OTW-260815-077,2026-08-15,토,16:14,매장,OTW-T01,옥수수 타르트,타르트,1,8500,8500
OTW-260815-078,2026-08-15,토,16:14,포장,OTW-T01,옥수수 타르트,타르트,2,8500,17000
OTW-260815-078,2026-08-15,토,16:14,포장,OTW-T03,말차 타르트,타르트,2,9100,18200
OTW-260815-079,2026-08-15,토,16:15,포장,OTW-D01,옥수수 밀크티,음료,1,6500,6500
OTW-260815-079,2026-08-15,토,16:15,포장,OTW-E02,강릉 감자&잠봉 에그타르트,에그타르트,1,5200,5200
OTW-260815-080,2026-08-15,토,16:16,포장,OTW-T02,보늬밤 타르트,타르트,1,8500,8500
OTW-260815-080,2026-08-15,토,16:16,포장,OTW-E04,피스타치오 에그타르트,에그타르트,1,5800,5800
OTW-260815-080,2026-08-15,토,16:16,포장,OTW-T03,말차 타르트,타르트,1,9100,9100
OTW-260815-081,2026-08-15,토,16:18,포장,OTW-E02,강릉 감자&잠봉 에그타르트,에그타르트,1,5200,5200
OTW-260815-082,2026-08-15,토,16:18,매장,OTW-D01,옥수수 밀크티,음료,1,6500,6500
OTW-260815-082,2026-08-15,토,16:18,매장,OTW-E04,피스타치오 에그타르트,에그타르트,1,5800,5800
OTW-260815-083,2026-08-15,토,16:21,포장,OTW-D01,옥수수 밀크티,음료,1,6500,6500
OTW-260815-083,2026-08-15,토,16:21,포장,OTW-P01,아이스크림 파르페,디저트,2,8500,17000
OTW-260815-084,2026-08-15,토,16:23,매장,OTW-T01,옥수수 타르트,타르트,2,8500,17000
OTW-260815-085,2026-08-15,토,16:26,포장,OTW-E04,피스타치오 에그타르트,에그타르트,2,5800,11600
OTW-260815-085,2026-08-15,토,16:26,포장,OTW-T01,옥수수 타르트,타르트,1,8500,8500
OTW-260815-086,2026-08-15,토,16:34,포장,OTW-T03,말차 타르트,타르트,1,9100,9100
OTW-260815-086,2026-08-15,토,16:34,포장,OTW-P01,아이스크림 파르페,디저트,1,8500,8500
OTW-260815-086,2026-08-15,토,16:34,포장,OTW-E01,강릉 옥수수 에그타르트,에그타르트,1,4800,4800
OTW-260815-087,2026-08-15,토,16:34,매장,OTW-P01,아이스크림 파르페,디저트,1,8500,8500
OTW-260815-087,2026-08-15,토,16:34,매장,OTW-T04,자몽 망고 요거트 타르트,타르트,2,9600,19200
OTW-260815-088,2026-08-15,토,16:43,포장,OTW-T01,옥수수 타르트,타르트,1,8500,8500
OTW-260815-088,2026-08-15,토,16:43,포장,OTW-T03,말차 타르트,타르트,1,9100,9100
OTW-260815-089,2026-08-15,토,16:47,매장,OTW-D01,옥수수 밀크티,음료,2,6500,13000
OTW-260815-090,2026-08-15,토,16:49,매장,OTW-E01,강릉 옥수수 에그타르트,에그타르트,1,4800,4800
OTW-260815-091,2026-08-15,토,16:54,매장,OTW-P01,아이스크림 파르페,디저트,1,8500,8500
OTW-260815-092,2026-08-15,토,16:59,포장,OTW-E01,강릉 옥수수 에그타르트,에그타르트,1,4800,4800
OTW-260815-093,2026-08-15,토,16:59,포장,OTW-E03,흑임자&산딸기 에그타르트,에그타르트,1,5500,5500
OTW-260815-093,2026-08-15,토,16:59,포장,OTW-T02,보늬밤 타르트,타르트,1,8500,8500
OTW-260815-094,2026-08-15,토,17:00,포장,OTW-T03,말차 타르트,타르트,1,9100,9100
OTW-260815-094,2026-08-15,토,17:00,포장,OTW-E02,강릉 감자&잠봉 에그타르트,에그타르트,1,5200,5200
OTW-260815-095,2026-08-15,토,17:06,포장,OTW-E02,강릉 감자&잠봉 에그타르트,에그타르트,1,5200,5200
OTW-260815-095,2026-08-15,토,17:06,포장,OTW-E01,강릉 옥수수 에그타르트,에그타르트,1,4800,4800
OTW-260815-096,2026-08-15,토,17:06,매장,OTW-E02,강릉 감자&잠봉 에그타르트,에그타르트,1,5200,5200
OTW-260815-097,2026-08-15,토,17:07,포장,OTW-T03,말차 타르트,타르트,1,9100,9100
OTW-260815-098,2026-08-15,토,17:12,포장,OTW-T03,말차 타르트,타르트,2,9100,18200
OTW-260815-098,2026-08-15,토,17:12,포장,OTW-T01,옥수수 타르트,타르트,1,8500,8500
OTW-260815-098,2026-08-15,토,17:12,포장,OTW-D01,옥수수 밀크티,음료,1,6500,6500
OTW-260815-099,2026-08-15,토,17:23,포장,OTW-T04,자몽 망고 요거트 타르트,타르트,1,9600,9600
OTW-260815-100,2026-08-15,토,17:25,매장,OTW-T03,말차 타르트,타르트,1,9100,9100
OTW-260815-100,2026-08-15,토,17:25,매장,OTW-T01,옥수수 타르트,타르트,2,8500,17000
OTW-260816-001,2026-08-16,일,12:06,포장,OTW-T01,옥수수 타르트,타르트,1,8500,8500
OTW-260816-002,2026-08-16,일,12:07,매장,OTW-T01,옥수수 타르트,타르트,1,8500,8500
OTW-260816-002,2026-08-16,일,12:07,매장,OTW-E01,강릉 옥수수 에그타르트,에그타르트,1,4800,4800
OTW-260816-002,2026-08-16,일,12:07,매장,OTW-D01,옥수수 밀크티,음료,1,6500,6500
OTW-260816-003,2026-08-16,일,12:09,매장,OTW-E01,강릉 옥수수 에그타르트,에그타르트,1,4800,4800
OTW-260816-003,2026-08-16,일,12:09,매장,OTW-C01,오프더월 x 풀노리 옥수수 아이스크림,협업상품,1,6500,6500
OTW-260816-004,2026-08-16,일,12:12,포장,OTW-P01,아이스크림 파르페,디저트,1,8500,8500
OTW-260816-005,2026-08-16,일,12:22,매장,OTW-E01,강릉 옥수수 에그타르트,에그타르트,1,4800,4800
OTW-260816-005,2026-08-16,일,12:22,매장,OTW-C01,오프더월 x 풀노리 옥수수 아이스크림,협업상품,1,6500,6500
OTW-260816-006,2026-08-16,일,12:22,포장,OTW-T02,보늬밤 타르트,타르트,1,8500,8500
OTW-260816-006,2026-08-16,일,12:22,포장,OTW-T03,말차 타르트,타르트,1,9100,9100
OTW-260816-007,2026-08-16,일,12:24,매장,OTW-C01,오프더월 x 풀노리 옥수수 아이스크림,협업상품,1,6500,6500
OTW-260816-007,2026-08-16,일,12:24,매장,OTW-T03,말차 타르트,타르트,1,9100,9100
OTW-260816-007,2026-08-16,일,12:24,매장,OTW-T03,말차 타르트,타르트,1,9100,9100
OTW-260816-008,2026-08-16,일,12:26,매장,OTW-C01,오프더월 x 풀노리 옥수수 아이스크림,협업상품,1,6500,6500
OTW-260816-009,2026-08-16,일,12:33,포장,OTW-T01,옥수수 타르트,타르트,1,8500,8500
OTW-260816-009,2026-08-16,일,12:33,포장,OTW-E01,강릉 옥수수 에그타르트,에그타르트,1,4800,4800
OTW-260816-010,2026-08-16,일,12:36,매장,OTW-T03,말차 타르트,타르트,1,9100,9100
OTW-260816-010,2026-08-16,일,12:36,매장,OTW-C01,오프더월 x 풀노리 옥수수 아이스크림,협업상품,1,6500,6500
OTW-260816-010,2026-08-16,일,12:36,매장,OTW-E04,피스타치오 에그타르트,에그타르트,1,5800,5800
OTW-260816-011,2026-08-16,일,12:42,포장,OTW-T01,옥수수 타르트,타르트,2,8500,17000
OTW-260816-012,2026-08-16,일,12:42,포장,OTW-D01,옥수수 밀크티,음료,1,6500,6500
OTW-260816-013,2026-08-16,일,12:44,포장,OTW-E03,흑임자&산딸기 에그타르트,에그타르트,1,5500,5500
OTW-260816-013,2026-08-16,일,12:44,포장,OTW-D01,옥수수 밀크티,음료,1,6500,6500
OTW-260816-013,2026-08-16,일,12:44,포장,OTW-T02,보늬밤 타르트,타르트,1,8500,8500
OTW-260816-014,2026-08-16,일,12:48,매장,OTW-C01,오프더월 x 풀노리 옥수수 아이스크림,협업상품,1,6500,6500
OTW-260816-015,2026-08-16,일,12:51,포장,OTW-E03,흑임자&산딸기 에그타르트,에그타르트,2,5500,11000
OTW-260816-016,2026-08-16,일,13:01,포장,OTW-D01,옥수수 밀크티,음료,1,6500,6500
OTW-260816-017,2026-08-16,일,13:07,포장,OTW-T01,옥수수 타르트,타르트,1,8500,8500
OTW-260816-017,2026-08-16,일,13:07,포장,OTW-T02,보늬밤 타르트,타르트,1,8500,8500
OTW-260816-017,2026-08-16,일,13:07,포장,OTW-D01,옥수수 밀크티,음료,1,6500,6500
OTW-260816-018,2026-08-16,일,13:13,매장,OTW-T01,옥수수 타르트,타르트,1,8500,8500
OTW-260816-018,2026-08-16,일,13:13,매장,OTW-C01,오프더월 x 풀노리 옥수수 아이스크림,협업상품,1,6500,6500
OTW-260816-018,2026-08-16,일,13:13,매장,OTW-T04,자몽 망고 요거트 타르트,타르트,1,9600,9600
OTW-260816-019,2026-08-16,일,13:14,매장,OTW-C01,오프더월 x 풀노리 옥수수 아이스크림,협업상품,1,6500,6500
OTW-260816-020,2026-08-16,일,13:15,포장,OTW-D01,옥수수 밀크티,음료,1,6500,6500
OTW-260816-020,2026-08-16,일,13:15,포장,OTW-C01,오프더월 x 풀노리 옥수수 아이스크림,협업상품,1,6500,6500
OTW-260816-021,2026-08-16,일,13:17,매장,OTW-E01,강릉 옥수수 에그타르트,에그타르트,1,4800,4800
OTW-260816-022,2026-08-16,일,13:20,포장,OTW-T01,옥수수 타르트,타르트,1,8500,8500
OTW-260816-022,2026-08-16,일,13:20,포장,OTW-D01,옥수수 밀크티,음료,2,6500,13000
OTW-260816-023,2026-08-16,일,13:24,포장,OTW-C01,오프더월 x 풀노리 옥수수 아이스크림,협업상품,1,6500,6500
OTW-260816-023,2026-08-16,일,13:24,포장,OTW-E02,강릉 감자&잠봉 에그타르트,에그타르트,1,5200,5200
OTW-260816-024,2026-08-16,일,13:34,포장,OTW-T01,옥수수 타르트,타르트,1,8500,8500
OTW-260816-024,2026-08-16,일,13:34,포장,OTW-D01,옥수수 밀크티,음료,1,6500,6500
OTW-260816-024,2026-08-16,일,13:34,포장,OTW-P01,아이스크림 파르페,디저트,1,8500,8500
OTW-260816-025,2026-08-16,일,13:37,포장,OTW-E03,흑임자&산딸기 에그타르트,에그타르트,1,5500,5500
OTW-260816-025,2026-08-16,일,13:37,포장,OTW-C01,오프더월 x 풀노리 옥수수 아이스크림,협업상품,1,6500,6500
OTW-260816-026,2026-08-16,일,13:39,포장,OTW-T01,옥수수 타르트,타르트,1,8500,8500
OTW-260816-026,2026-08-16,일,13:39,포장,OTW-C01,오프더월 x 풀노리 옥수수 아이스크림,협업상품,1,6500,6500
OTW-260816-027,2026-08-16,일,13:40,포장,OTW-D01,옥수수 밀크티,음료,1,6500,6500
OTW-260816-028,2026-08-16,일,13:41,매장,OTW-C01,오프더월 x 풀노리 옥수수 아이스크림,협업상품,1,6500,6500
OTW-260816-028,2026-08-16,일,13:41,매장,OTW-T02,보늬밤 타르트,타르트,2,8500,17000
OTW-260816-028,2026-08-16,일,13:41,매장,OTW-D01,옥수수 밀크티,음료,1,6500,6500
OTW-260816-029,2026-08-16,일,13:41,포장,OTW-D01,옥수수 밀크티,음료,1,6500,6500
OTW-260816-030,2026-08-16,일,13:42,포장,OTW-D01,옥수수 밀크티,음료,1,6500,6500
OTW-260816-030,2026-08-16,일,13:42,포장,OTW-E02,강릉 감자&잠봉 에그타르트,에그타르트,1,5200,5200
OTW-260816-031,2026-08-16,일,13:47,포장,OTW-T02,보늬밤 타르트,타르트,1,8500,8500
OTW-260816-031,2026-08-16,일,13:47,포장,OTW-D01,옥수수 밀크티,음료,1,6500,6500
OTW-260816-032,2026-08-16,일,13:53,매장,OTW-D01,옥수수 밀크티,음료,2,6500,13000
OTW-260816-032,2026-08-16,일,13:53,매장,OTW-P01,아이스크림 파르페,디저트,1,8500,8500
OTW-260816-033,2026-08-16,일,13:55,포장,OTW-E03,흑임자&산딸기 에그타르트,에그타르트,2,5500,11000
OTW-260816-034,2026-08-16,일,14:06,포장,OTW-D01,옥수수 밀크티,음료,1,6500,6500
OTW-260816-034,2026-08-16,일,14:06,포장,OTW-C01,오프더월 x 풀노리 옥수수 아이스크림,협업상품,1,6500,6500
OTW-260816-035,2026-08-16,일,14:12,매장,OTW-C01,오프더월 x 풀노리 옥수수 아이스크림,협업상품,1,6500,6500
OTW-260816-036,2026-08-16,일,14:13,포장,OTW-C01,오프더월 x 풀노리 옥수수 아이스크림,협업상품,1,6500,6500
OTW-260816-036,2026-08-16,일,14:13,포장,OTW-T01,옥수수 타르트,타르트,2,8500,17000
OTW-260816-036,2026-08-16,일,14:13,포장,OTW-T01,옥수수 타르트,타르트,1,8500,8500
OTW-260816-037,2026-08-16,일,14:15,포장,OTW-T01,옥수수 타르트,타르트,1,8500,8500
OTW-260816-038,2026-08-16,일,14:17,매장,OTW-T02,보늬밤 타르트,타르트,1,8500,8500
OTW-260816-038,2026-08-16,일,14:17,매장,OTW-E04,피스타치오 에그타르트,에그타르트,1,5800,5800
OTW-260816-038,2026-08-16,일,14:17,매장,OTW-D01,옥수수 밀크티,음료,2,6500,13000
OTW-260816-039,2026-08-16,일,14:20,포장,OTW-C01,오프더월 x 풀노리 옥수수 아이스크림,협업상품,1,6500,6500
OTW-260816-040,2026-08-16,일,14:26,포장,OTW-E03,흑임자&산딸기 에그타르트,에그타르트,2,5500,11000
OTW-260816-041,2026-08-16,일,14:29,포장,OTW-D01,옥수수 밀크티,음료,1,6500,6500
OTW-260816-041,2026-08-16,일,14:29,포장,OTW-T04,자몽 망고 요거트 타르트,타르트,1,9600,9600
OTW-260816-041,2026-08-16,일,14:29,포장,OTW-C01,오프더월 x 풀노리 옥수수 아이스크림,협업상품,1,6500,6500
OTW-260816-042,2026-08-16,일,14:30,포장,OTW-E01,강릉 옥수수 에그타르트,에그타르트,2,4800,9600
OTW-260816-043,2026-08-16,일,14:31,포장,OTW-C01,오프더월 x 풀노리 옥수수 아이스크림,협업상품,2,6500,13000
OTW-260816-043,2026-08-16,일,14:31,포장,OTW-C01,오프더월 x 풀노리 옥수수 아이스크림,협업상품,1,6500,6500
OTW-260816-044,2026-08-16,일,14:40,매장,OTW-E04,피스타치오 에그타르트,에그타르트,1,5800,5800
OTW-260816-045,2026-08-16,일,14:41,포장,OTW-E01,강릉 옥수수 에그타르트,에그타르트,1,4800,4800
OTW-260816-045,2026-08-16,일,14:41,포장,OTW-E01,강릉 옥수수 에그타르트,에그타르트,1,4800,4800
OTW-260816-046,2026-08-16,일,14:44,매장,OTW-E02,강릉 감자&잠봉 에그타르트,에그타르트,1,5200,5200
OTW-260816-047,2026-08-16,일,14:49,포장,OTW-E01,강릉 옥수수 에그타르트,에그타르트,1,4800,4800
OTW-260816-047,2026-08-16,일,14:49,포장,OTW-E02,강릉 감자&잠봉 에그타르트,에그타르트,1,5200,5200
OTW-260816-048,2026-08-16,일,14:59,포장,OTW-C01,오프더월 x 풀노리 옥수수 아이스크림,협업상품,1,6500,6500
OTW-260816-048,2026-08-16,일,14:59,포장,OTW-T04,자몽 망고 요거트 타르트,타르트,1,9600,9600
OTW-260816-049,2026-08-16,일,14:59,매장,OTW-T03,말차 타르트,타르트,1,9100,9100
OTW-260816-049,2026-08-16,일,14:59,매장,OTW-T01,옥수수 타르트,타르트,1,8500,8500
OTW-260816-050,2026-08-16,일,15:00,포장,OTW-T02,보늬밤 타르트,타르트,1,8500,8500
OTW-260816-051,2026-08-16,일,15:02,매장,OTW-E01,강릉 옥수수 에그타르트,에그타르트,1,4800,4800
OTW-260816-052,2026-08-16,일,15:03,포장,OTW-E03,흑임자&산딸기 에그타르트,에그타르트,1,5500,5500
OTW-260816-053,2026-08-16,일,15:11,포장,OTW-T01,옥수수 타르트,타르트,1,8500,8500
OTW-260816-054,2026-08-16,일,15:13,매장,OTW-E02,강릉 감자&잠봉 에그타르트,에그타르트,1,5200,5200
OTW-260816-054,2026-08-16,일,15:13,매장,OTW-T01,옥수수 타르트,타르트,1,8500,8500
OTW-260816-054,2026-08-16,일,15:13,매장,OTW-T01,옥수수 타르트,타르트,1,8500,8500
OTW-260816-055,2026-08-16,일,15:16,매장,OTW-E01,강릉 옥수수 에그타르트,에그타르트,1,4800,4800
OTW-260816-055,2026-08-16,일,15:16,매장,OTW-T01,옥수수 타르트,타르트,1,8500,8500
OTW-260816-056,2026-08-16,일,15:17,매장,OTW-E01,강릉 옥수수 에그타르트,에그타르트,1,4800,4800
OTW-260816-056,2026-08-16,일,15:17,매장,OTW-T01,옥수수 타르트,타르트,1,8500,8500
OTW-260816-057,2026-08-16,일,15:21,포장,OTW-T03,말차 타르트,타르트,1,9100,9100
OTW-260816-057,2026-08-16,일,15:21,포장,OTW-P01,아이스크림 파르페,디저트,1,8500,8500
OTW-260816-057,2026-08-16,일,15:21,포장,OTW-P01,아이스크림 파르페,디저트,1,8500,8500
OTW-260816-058,2026-08-16,일,15:22,포장,OTW-E01,강릉 옥수수 에그타르트,에그타르트,1,4800,4800
OTW-260816-058,2026-08-16,일,15:22,포장,OTW-T03,말차 타르트,타르트,1,9100,9100
OTW-260816-059,2026-08-16,일,15:29,매장,OTW-E01,강릉 옥수수 에그타르트,에그타르트,1,4800,4800
OTW-260816-060,2026-08-16,일,15:33,포장,OTW-E01,강릉 옥수수 에그타르트,에그타르트,1,4800,4800
OTW-260816-061,2026-08-16,일,15:36,포장,OTW-T02,보늬밤 타르트,타르트,1,8500,8500
OTW-260816-061,2026-08-16,일,15:36,포장,OTW-T04,자몽 망고 요거트 타르트,타르트,1,9600,9600
OTW-260816-061,2026-08-16,일,15:36,포장,OTW-D01,옥수수 밀크티,음료,1,6500,6500
OTW-260816-062,2026-08-16,일,15:41,포장,OTW-T02,보늬밤 타르트,타르트,1,8500,8500
OTW-260816-062,2026-08-16,일,15:41,포장,OTW-T02,보늬밤 타르트,타르트,1,8500,8500
OTW-260816-063,2026-08-16,일,15:42,포장,OTW-D01,옥수수 밀크티,음료,1,6500,6500
OTW-260816-064,2026-08-16,일,15:43,매장,OTW-T01,옥수수 타르트,타르트,1,8500,8500
OTW-260816-064,2026-08-16,일,15:43,매장,OTW-T03,말차 타르트,타르트,1,9100,9100
OTW-260816-064,2026-08-16,일,15:43,매장,OTW-T04,자몽 망고 요거트 타르트,타르트,1,9600,9600
OTW-260816-065,2026-08-16,일,15:45,매장,OTW-D01,옥수수 밀크티,음료,1,6500,6500
OTW-260816-065,2026-08-16,일,15:45,매장,OTW-D01,옥수수 밀크티,음료,2,6500,13000
OTW-260816-066,2026-08-16,일,15:48,포장,OTW-T01,옥수수 타르트,타르트,1,8500,8500
OTW-260816-067,2026-08-16,일,15:51,포장,OTW-T04,자몽 망고 요거트 타르트,타르트,2,9600,19200
OTW-260816-067,2026-08-16,일,15:51,포장,OTW-P01,아이스크림 파르페,디저트,1,8500,8500
OTW-260816-068,2026-08-16,일,15:55,포장,OTW-P01,아이스크림 파르페,디저트,1,8500,8500
OTW-260816-068,2026-08-16,일,15:55,포장,OTW-P01,아이스크림 파르페,디저트,1,8500,8500
OTW-260816-069,2026-08-16,일,15:56,매장,OTW-E04,피스타치오 에그타르트,에그타르트,1,5800,5800
OTW-260816-069,2026-08-16,일,15:56,매장,OTW-E03,흑임자&산딸기 에그타르트,에그타르트,1,5500,5500
OTW-260816-070,2026-08-16,일,15:58,포장,OTW-D01,옥수수 밀크티,음료,1,6500,6500
OTW-260816-070,2026-08-16,일,15:58,포장,OTW-T03,말차 타르트,타르트,2,9100,18200
OTW-260817-001,2026-08-17,월,12:05,매장,OTW-C01,오프더월 x 풀노리 옥수수 아이스크림,협업상품,1,6500,6500
OTW-260817-001,2026-08-17,월,12:05,매장,OTW-D01,옥수수 밀크티,음료,1,6500,6500
OTW-260817-002,2026-08-17,월,12:09,포장,OTW-D01,옥수수 밀크티,음료,2,6500,13000
OTW-260817-003,2026-08-17,월,12:10,매장,OTW-T01,옥수수 타르트,타르트,1,8500,8500
OTW-260817-004,2026-08-17,월,12:13,매장,OTW-C01,오프더월 x 풀노리 옥수수 아이스크림,협업상품,1,6500,6500
OTW-260817-004,2026-08-17,월,12:13,매장,OTW-E04,피스타치오 에그타르트,에그타르트,1,5800,5800
OTW-260817-005,2026-08-17,월,12:14,포장,OTW-D01,옥수수 밀크티,음료,1,6500,6500
OTW-260817-005,2026-08-17,월,12:14,포장,OTW-D01,옥수수 밀크티,음료,2,6500,13000
OTW-260817-006,2026-08-17,월,12:17,매장,OTW-T01,옥수수 타르트,타르트,1,8500,8500
OTW-260817-006,2026-08-17,월,12:17,매장,OTW-T03,말차 타르트,타르트,1,9100,9100
OTW-260817-007,2026-08-17,월,12:20,포장,OTW-E04,피스타치오 에그타르트,에그타르트,2,5800,11600
OTW-260817-007,2026-08-17,월,12:20,포장,OTW-E02,강릉 감자&잠봉 에그타르트,에그타르트,1,5200,5200
OTW-260817-008,2026-08-17,월,12:35,매장,OTW-E01,강릉 옥수수 에그타르트,에그타르트,1,4800,4800
OTW-260817-009,2026-08-17,월,12:44,매장,OTW-D01,옥수수 밀크티,음료,1,6500,6500
OTW-260817-009,2026-08-17,월,12:44,매장,OTW-T02,보늬밤 타르트,타르트,1,8500,8500
OTW-260817-010,2026-08-17,월,12:49,포장,OTW-E01,강릉 옥수수 에그타르트,에그타르트,1,4800,4800
OTW-260817-011,2026-08-17,월,12:57,포장,OTW-E03,흑임자&산딸기 에그타르트,에그타르트,1,5500,5500
OTW-260817-012,2026-08-17,월,13:10,매장,OTW-C01,오프더월 x 풀노리 옥수수 아이스크림,협업상품,1,6500,6500
OTW-260817-013,2026-08-17,월,13:18,포장,OTW-C01,오프더월 x 풀노리 옥수수 아이스크림,협업상품,1,6500,6500
OTW-260817-014,2026-08-17,월,13:18,매장,OTW-T03,말차 타르트,타르트,1,9100,9100
OTW-260817-014,2026-08-17,월,13:18,매장,OTW-T01,옥수수 타르트,타르트,2,8500,17000
OTW-260817-015,2026-08-17,월,13:24,매장,OTW-C01,오프더월 x 풀노리 옥수수 아이스크림,협업상품,1,6500,6500
OTW-260817-015,2026-08-17,월,13:24,매장,OTW-E02,강릉 감자&잠봉 에그타르트,에그타르트,1,5200,5200
OTW-260817-016,2026-08-17,월,13:25,포장,OTW-T02,보늬밤 타르트,타르트,1,8500,8500
OTW-260817-017,2026-08-17,월,13:25,매장,OTW-T01,옥수수 타르트,타르트,1,8500,8500
OTW-260817-018,2026-08-17,월,13:31,포장,OTW-T01,옥수수 타르트,타르트,1,8500,8500
OTW-260817-018,2026-08-17,월,13:31,포장,OTW-E02,강릉 감자&잠봉 에그타르트,에그타르트,1,5200,5200
OTW-260817-019,2026-08-17,월,13:31,매장,OTW-T04,자몽 망고 요거트 타르트,타르트,2,9600,19200
OTW-260817-020,2026-08-17,월,13:38,매장,OTW-E04,피스타치오 에그타르트,에그타르트,2,5800,11600
OTW-260817-021,2026-08-17,월,13:38,매장,OTW-E02,강릉 감자&잠봉 에그타르트,에그타르트,1,5200,5200
OTW-260817-021,2026-08-17,월,13:38,매장,OTW-E02,강릉 감자&잠봉 에그타르트,에그타르트,1,5200,5200
OTW-260817-022,2026-08-17,월,13:42,포장,OTW-E02,강릉 감자&잠봉 에그타르트,에그타르트,1,5200,5200
OTW-260817-022,2026-08-17,월,13:42,포장,OTW-T01,옥수수 타르트,타르트,1,8500,8500
OTW-260817-023,2026-08-17,월,13:43,포장,OTW-T02,보늬밤 타르트,타르트,1,8500,8500
OTW-260817-024,2026-08-17,월,13:51,포장,OTW-E01,강릉 옥수수 에그타르트,에그타르트,1,4800,4800
OTW-260817-024,2026-08-17,월,13:51,포장,OTW-P01,아이스크림 파르페,디저트,1,8500,8500
OTW-260817-024,2026-08-17,월,13:51,포장,OTW-E02,강릉 감자&잠봉 에그타르트,에그타르트,1,5200,5200
OTW-260817-025,2026-08-17,월,13:51,포장,OTW-E04,피스타치오 에그타르트,에그타르트,1,5800,5800
OTW-260817-025,2026-08-17,월,13:51,포장,OTW-T02,보늬밤 타르트,타르트,1,8500,8500
OTW-260817-026,2026-08-17,월,13:52,매장,OTW-T01,옥수수 타르트,타르트,1,8500,8500
OTW-260817-026,2026-08-17,월,13:52,매장,OTW-E02,강릉 감자&잠봉 에그타르트,에그타르트,1,5200,5200
OTW-260817-026,2026-08-17,월,13:52,매장,OTW-E01,강릉 옥수수 에그타르트,에그타르트,1,4800,4800
OTW-260817-027,2026-08-17,월,13:53,매장,OTW-T04,자몽 망고 요거트 타르트,타르트,1,9600,9600
OTW-260817-027,2026-08-17,월,13:53,매장,OTW-E01,강릉 옥수수 에그타르트,에그타르트,1,4800,4800
OTW-260817-027,2026-08-17,월,13:53,매장,OTW-D01,옥수수 밀크티,음료,1,6500,6500
OTW-260817-028,2026-08-17,월,13:54,매장,OTW-D01,옥수수 밀크티,음료,1,6500,6500
OTW-260817-029,2026-08-17,월,14:03,포장,OTW-E02,강릉 감자&잠봉 에그타르트,에그타르트,1,5200,5200
OTW-260817-029,2026-08-17,월,14:03,포장,OTW-T01,옥수수 타르트,타르트,2,8500,17000
OTW-260817-030,2026-08-17,월,14:06,포장,OTW-E03,흑임자&산딸기 에그타르트,에그타르트,1,5500,5500
OTW-260817-030,2026-08-17,월,14:06,포장,OTW-E02,강릉 감자&잠봉 에그타르트,에그타르트,1,5200,5200
OTW-260817-031,2026-08-17,월,14:14,매장,OTW-T01,옥수수 타르트,타르트,1,8500,8500
OTW-260817-031,2026-08-17,월,14:14,매장,OTW-D01,옥수수 밀크티,음료,2,6500,13000
OTW-260817-031,2026-08-17,월,14:14,매장,OTW-E01,강릉 옥수수 에그타르트,에그타르트,1,4800,4800
OTW-260817-032,2026-08-17,월,14:17,포장,OTW-T03,말차 타르트,타르트,1,9100,9100
OTW-260817-033,2026-08-17,월,14:27,포장,OTW-E03,흑임자&산딸기 에그타르트,에그타르트,1,5500,5500
OTW-260817-034,2026-08-17,월,14:36,포장,OTW-D01,옥수수 밀크티,음료,1,6500,6500
OTW-260817-034,2026-08-17,월,14:36,포장,OTW-E01,강릉 옥수수 에그타르트,에그타르트,1,4800,4800
OTW-260817-035,2026-08-17,월,14:37,매장,OTW-T01,옥수수 타르트,타르트,1,8500,8500
OTW-260817-035,2026-08-17,월,14:37,매장,OTW-D01,옥수수 밀크티,음료,1,6500,6500
OTW-260817-036,2026-08-17,월,14:40,매장,OTW-T01,옥수수 타르트,타르트,1,8500,8500
OTW-260817-037,2026-08-17,월,14:46,포장,OTW-T04,자몽 망고 요거트 타르트,타르트,1,9600,9600
OTW-260817-038,2026-08-17,월,14:50,포장,OTW-D01,옥수수 밀크티,음료,1,6500,6500
OTW-260817-038,2026-08-17,월,14:50,포장,OTW-D01,옥수수 밀크티,음료,1,6500,6500
OTW-260817-039,2026-08-17,월,14:57,매장,OTW-P01,아이스크림 파르페,디저트,1,8500,8500
OTW-260817-039,2026-08-17,월,14:57,매장,OTW-T01,옥수수 타르트,타르트,1,8500,8500
OTW-260817-040,2026-08-17,월,14:58,포장,OTW-E02,강릉 감자&잠봉 에그타르트,에그타르트,1,5200,5200
OTW-260817-040,2026-08-17,월,14:58,포장,OTW-T01,옥수수 타르트,타르트,1,8500,8500
OTW-260817-040,2026-08-17,월,14:58,포장,OTW-E04,피스타치오 에그타르트,에그타르트,1,5800,5800
OTW-260817-041,2026-08-17,월,15:01,매장,OTW-E01,강릉 옥수수 에그타르트,에그타르트,2,4800,9600
OTW-260817-041,2026-08-17,월,15:01,매장,OTW-D01,옥수수 밀크티,음료,1,6500,6500
OTW-260817-042,2026-08-17,월,15:06,매장,OTW-D01,옥수수 밀크티,음료,1,6500,6500
OTW-260817-043,2026-08-17,월,15:12,포장,OTW-E03,흑임자&산딸기 에그타르트,에그타르트,1,5500,5500
OTW-260817-044,2026-08-17,월,15:17,매장,OTW-E01,강릉 옥수수 에그타르트,에그타르트,1,4800,4800
OTW-260817-044,2026-08-17,월,15:17,매장,OTW-E01,강릉 옥수수 에그타르트,에그타르트,1,4800,4800
OTW-260817-045,2026-08-17,월,15:22,매장,OTW-T01,옥수수 타르트,타르트,1,8500,8500
OTW-260817-045,2026-08-17,월,15:22,매장,OTW-E02,강릉 감자&잠봉 에그타르트,에그타르트,1,5200,5200
OTW-260817-045,2026-08-17,월,15:22,매장,OTW-E02,강릉 감자&잠봉 에그타르트,에그타르트,2,5200,10400
OTW-260817-046,2026-08-17,월,15:25,포장,OTW-D01,옥수수 밀크티,음료,1,6500,6500
OTW-260817-046,2026-08-17,월,15:25,포장,OTW-E01,강릉 옥수수 에그타르트,에그타르트,1,4800,4800
OTW-260817-046,2026-08-17,월,15:25,포장,OTW-E02,강릉 감자&잠봉 에그타르트,에그타르트,2,5200,10400
OTW-260817-047,2026-08-17,월,15:29,포장,OTW-E01,강릉 옥수수 에그타르트,에그타르트,1,4800,4800
OTW-260817-047,2026-08-17,월,15:29,포장,OTW-E03,흑임자&산딸기 에그타르트,에그타르트,1,5500,5500
OTW-260817-048,2026-08-17,월,15:39,매장,OTW-T02,보늬밤 타르트,타르트,1,8500,8500
OTW-260817-048,2026-08-17,월,15:39,매장,OTW-T01,옥수수 타르트,타르트,1,8500,8500
OTW-260817-049,2026-08-17,월,15:40,포장,OTW-P01,아이스크림 파르페,디저트,1,8500,8500
OTW-260817-050,2026-08-17,월,15:40,포장,OTW-E01,강릉 옥수수 에그타르트,에그타르트,1,4800,4800
OTW-260817-051,2026-08-17,월,15:45,포장,OTW-E01,강릉 옥수수 에그타르트,에그타르트,1,4800,4800
OTW-260817-051,2026-08-17,월,15:45,포장,OTW-P01,아이스크림 파르페,디저트,1,8500,8500
OTW-260817-052,2026-08-17,월,15:48,포장,OTW-D01,옥수수 밀크티,음료,1,6500,6500
OTW-260817-052,2026-08-17,월,15:48,포장,OTW-T01,옥수수 타르트,타르트,1,8500,8500
OTW-260817-053,2026-08-17,월,15:57,포장,OTW-E02,강릉 감자&잠봉 에그타르트,에그타르트,1,5200,5200
OTW-260817-053,2026-08-17,월,15:57,포장,OTW-E02,강릉 감자&잠봉 에그타르트,에그타르트,1,5200,5200
OTW-260817-054,2026-08-17,월,16:01,포장,OTW-D01,옥수수 밀크티,음료,1,6500,6500
OTW-260817-054,2026-08-17,월,16:01,포장,OTW-D01,옥수수 밀크티,음료,1,6500,6500
OTW-260817-055,2026-08-17,월,16:13,포장,OTW-P01,아이스크림 파르페,디저트,1,8500,8500
OTW-260817-056,2026-08-17,월,16:18,포장,OTW-D01,옥수수 밀크티,음료,1,6500,6500
OTW-260817-057,2026-08-17,월,16:31,포장,OTW-E01,강릉 옥수수 에그타르트,에그타르트,2,4800,9600
OTW-260817-058,2026-08-17,월,16:33,포장,OTW-T01,옥수수 타르트,타르트,1,8500,8500
OTW-260817-058,2026-08-17,월,16:33,포장,OTW-D01,옥수수 밀크티,음료,1,6500,6500
OTW-260817-059,2026-08-17,월,16:34,포장,OTW-T01,옥수수 타르트,타르트,1,8500,8500
OTW-260817-059,2026-08-17,월,16:34,포장,OTW-T02,보늬밤 타르트,타르트,1,8500,8500
OTW-260817-060,2026-08-17,월,16:50,포장,OTW-E03,흑임자&산딸기 에그타르트,에그타르트,1,5500,5500
OTW-260817-061,2026-08-17,월,16:51,포장,OTW-E01,강릉 옥수수 에그타르트,에그타르트,1,4800,4800
OTW-260817-062,2026-08-17,월,16:51,포장,OTW-E03,흑임자&산딸기 에그타르트,에그타르트,1,5500,5500
OTW-260817-062,2026-08-17,월,16:51,포장,OTW-P01,아이스크림 파르페,디저트,1,8500,8500
OTW-260817-062,2026-08-17,월,16:51,포장,OTW-T01,옥수수 타르트,타르트,2,8500,17000
OTW-260817-063,2026-08-17,월,16:53,매장,OTW-E02,강릉 감자&잠봉 에그타르트,에그타르트,2,5200,10400
OTW-260817-063,2026-08-17,월,16:53,매장,OTW-P01,아이스크림 파르페,디저트,1,8500,8500
OTW-260817-064,2026-08-17,월,16:54,매장,OTW-E01,강릉 옥수수 에그타르트,에그타르트,1,4800,4800
OTW-260817-064,2026-08-17,월,16:54,매장,OTW-E02,강릉 감자&잠봉 에그타르트,에그타르트,1,5200,5200
OTW-260817-065,2026-08-17,월,17:00,매장,OTW-T03,말차 타르트,타르트,1,9100,9100
OTW-260817-066,2026-08-17,월,17:01,매장,OTW-E01,강릉 옥수수 에그타르트,에그타르트,2,4800,9600
OTW-260817-067,2026-08-17,월,17:07,포장,OTW-E02,강릉 감자&잠봉 에그타르트,에그타르트,1,5200,5200
OTW-260817-067,2026-08-17,월,17:07,포장,OTW-E01,강릉 옥수수 에그타르트,에그타르트,1,4800,4800
OTW-260817-068,2026-08-17,월,17:15,매장,OTW-P01,아이스크림 파르페,디저트,1,8500,8500
OTW-260817-069,2026-08-17,월,17:16,포장,OTW-E02,강릉 감자&잠봉 에그타르트,에그타르트,1,5200,5200
OTW-260817-069,2026-08-17,월,17:16,포장,OTW-E03,흑임자&산딸기 에그타르트,에그타르트,1,5500,5500
OTW-260817-070,2026-08-17,월,17:19,포장,OTW-D01,옥수수 밀크티,음료,1,6500,6500
OTW-260817-071,2026-08-17,월,17:23,포장,OTW-T04,자몽 망고 요거트 타르트,타르트,1,9600,9600
OTW-260817-071,2026-08-17,월,17:23,포장,OTW-E02,강릉 감자&잠봉 에그타르트,에그타르트,1,5200,5200
OTW-260817-071,2026-08-17,월,17:23,포장,OTW-D01,옥수수 밀크티,음료,1,6500,6500
OTW-260817-072,2026-08-17,월,17:27,포장,OTW-D01,옥수수 밀크티,음료,1,6500,6500
OTW-260817-072,2026-08-17,월,17:27,포장,OTW-D01,옥수수 밀크티,음료,1,6500,6500
OTW-260817-073,2026-08-17,월,17:29,포장,OTW-E01,강릉 옥수수 에그타르트,에그타르트,1,4800,4800
OTW-260817-073,2026-08-17,월,17:29,포장,OTW-P01,아이스크림 파르페,디저트,1,8500,8500
OTW-260820-001,2026-08-20,목,12:05,포장,OTW-T01,옥수수 타르트,타르트,1,8500,8500
OTW-260820-002,2026-08-20,목,12:06,포장,OTW-C01,오프더월 x 풀노리 옥수수 아이스크림,협업상품,1,6500,6500
OTW-260820-002,2026-08-20,목,12:06,포장,OTW-E01,강릉 옥수수 에그타르트,에그타르트,1,4800,4800
OTW-260820-002,2026-08-20,목,12:06,포장,OTW-E01,강릉 옥수수 에그타르트,에그타르트,1,4800,4800
OTW-260820-003,2026-08-20,목,12:06,포장,OTW-C01,오프더월 x 풀노리 옥수수 아이스크림,협업상품,1,6500,6500
OTW-260820-004,2026-08-20,목,12:10,포장,OTW-C01,오프더월 x 풀노리 옥수수 아이스크림,협업상품,1,6500,6500
OTW-260820-004,2026-08-20,목,12:10,포장,OTW-E03,흑임자&산딸기 에그타르트,에그타르트,1,5500,5500
OTW-260820-004,2026-08-20,목,12:10,포장,OTW-E04,피스타치오 에그타르트,에그타르트,1,5800,5800
OTW-260820-005,2026-08-20,목,12:23,매장,OTW-C01,오프더월 x 풀노리 옥수수 아이스크림,협업상품,1,6500,6500
OTW-260820-005,2026-08-20,목,12:23,매장,OTW-D01,옥수수 밀크티,음료,1,6500,6500
OTW-260820-006,2026-08-20,목,12:23,매장,OTW-T01,옥수수 타르트,타르트,1,8500,8500
OTW-260820-006,2026-08-20,목,12:23,매장,OTW-E04,피스타치오 에그타르트,에그타르트,1,5800,5800
OTW-260820-007,2026-08-20,목,12:27,포장,OTW-D01,옥수수 밀크티,음료,1,6500,6500
OTW-260820-008,2026-08-20,목,12:29,포장,OTW-C01,오프더월 x 풀노리 옥수수 아이스크림,협업상품,1,6500,6500
OTW-260820-009,2026-08-20,목,12:29,포장,OTW-E01,강릉 옥수수 에그타르트,에그타르트,1,4800,4800
OTW-260820-009,2026-08-20,목,12:29,포장,OTW-E01,강릉 옥수수 에그타르트,에그타르트,1,4800,4800
OTW-260820-010,2026-08-20,목,12:32,포장,OTW-E02,강릉 감자&잠봉 에그타르트,에그타르트,1,5200,5200
OTW-260820-011,2026-08-20,목,12:34,포장,OTW-E01,강릉 옥수수 에그타르트,에그타르트,2,4800,9600
OTW-260820-011,2026-08-20,목,12:34,포장,OTW-T01,옥수수 타르트,타르트,1,8500,8500
OTW-260820-011,2026-08-20,목,12:34,포장,OTW-D01,옥수수 밀크티,음료,1,6500,6500
OTW-260820-012,2026-08-20,목,12:36,포장,OTW-E02,강릉 감자&잠봉 에그타르트,에그타르트,1,5200,5200
OTW-260820-012,2026-08-20,목,12:36,포장,OTW-T02,보늬밤 타르트,타르트,1,8500,8500
OTW-260820-013,2026-08-20,목,12:41,포장,OTW-C01,오프더월 x 풀노리 옥수수 아이스크림,협업상품,1,6500,6500
OTW-260820-014,2026-08-20,목,12:48,포장,OTW-P01,아이스크림 파르페,디저트,2,8500,17000
OTW-260820-014,2026-08-20,목,12:48,포장,OTW-C01,오프더월 x 풀노리 옥수수 아이스크림,협업상품,1,6500,6500
OTW-260820-014,2026-08-20,목,12:48,포장,OTW-T01,옥수수 타르트,타르트,2,8500,17000
OTW-260820-015,2026-08-20,목,12:50,포장,OTW-E01,강릉 옥수수 에그타르트,에그타르트,2,4800,9600
OTW-260820-015,2026-08-20,목,12:50,포장,OTW-T02,보늬밤 타르트,타르트,2,8500,17000
OTW-260820-016,2026-08-20,목,12:51,포장,OTW-T03,말차 타르트,타르트,1,9100,9100
OTW-260820-017,2026-08-20,목,12:51,매장,OTW-D01,옥수수 밀크티,음료,1,6500,6500
OTW-260820-017,2026-08-20,목,12:51,매장,OTW-E01,강릉 옥수수 에그타르트,에그타르트,1,4800,4800
OTW-260820-018,2026-08-20,목,12:58,포장,OTW-T03,말차 타르트,타르트,2,9100,18200
OTW-260820-019,2026-08-20,목,12:58,포장,OTW-E03,흑임자&산딸기 에그타르트,에그타르트,1,5500,5500
OTW-260820-020,2026-08-20,목,13:01,포장,OTW-C01,오프더월 x 풀노리 옥수수 아이스크림,협업상품,1,6500,6500
OTW-260820-021,2026-08-20,목,13:01,매장,OTW-T01,옥수수 타르트,타르트,2,8500,17000
OTW-260820-022,2026-08-20,목,13:04,포장,OTW-E01,강릉 옥수수 에그타르트,에그타르트,1,4800,4800
OTW-260820-022,2026-08-20,목,13:04,포장,OTW-T04,자몽 망고 요거트 타르트,타르트,2,9600,19200
OTW-260820-023,2026-08-20,목,13:09,매장,OTW-D01,옥수수 밀크티,음료,1,6500,6500
OTW-260820-023,2026-08-20,목,13:09,매장,OTW-E02,강릉 감자&잠봉 에그타르트,에그타르트,1,5200,5200
OTW-260820-023,2026-08-20,목,13:09,매장,OTW-E02,강릉 감자&잠봉 에그타르트,에그타르트,1,5200,5200
OTW-260820-024,2026-08-20,목,13:16,매장,OTW-E02,강릉 감자&잠봉 에그타르트,에그타르트,1,5200,5200
OTW-260820-025,2026-08-20,목,13:19,포장,OTW-C01,오프더월 x 풀노리 옥수수 아이스크림,협업상품,2,6500,13000
OTW-260820-025,2026-08-20,목,13:19,포장,OTW-D01,옥수수 밀크티,음료,1,6500,6500
OTW-260820-026,2026-08-20,목,13:20,매장,OTW-C01,오프더월 x 풀노리 옥수수 아이스크림,협업상품,1,6500,6500
OTW-260820-027,2026-08-20,목,13:23,매장,OTW-C01,오프더월 x 풀노리 옥수수 아이스크림,협업상품,1,6500,6500
OTW-260820-028,2026-08-20,목,13:29,포장,OTW-E01,강릉 옥수수 에그타르트,에그타르트,1,4800,4800
OTW-260820-028,2026-08-20,목,13:29,포장,OTW-C01,오프더월 x 풀노리 옥수수 아이스크림,협업상품,1,6500,6500
OTW-260820-029,2026-08-20,목,13:38,포장,OTW-E01,강릉 옥수수 에그타르트,에그타르트,1,4800,4800
OTW-260820-030,2026-08-20,목,13:40,포장,OTW-C01,오프더월 x 풀노리 옥수수 아이스크림,협업상품,1,6500,6500
OTW-260820-030,2026-08-20,목,13:40,포장,OTW-E02,강릉 감자&잠봉 에그타르트,에그타르트,1,5200,5200
OTW-260820-031,2026-08-20,목,13:42,포장,OTW-C01,오프더월 x 풀노리 옥수수 아이스크림,협업상품,2,6500,13000
OTW-260820-032,2026-08-20,목,13:43,매장,OTW-P01,아이스크림 파르페,디저트,1,8500,8500
OTW-260820-032,2026-08-20,목,13:43,매장,OTW-T01,옥수수 타르트,타르트,1,8500,8500
OTW-260820-033,2026-08-20,목,13:47,포장,OTW-C01,오프더월 x 풀노리 옥수수 아이스크림,협업상품,1,6500,6500
OTW-260820-033,2026-08-20,목,13:47,포장,OTW-C01,오프더월 x 풀노리 옥수수 아이스크림,협업상품,2,6500,13000
OTW-260820-034,2026-08-20,목,13:50,매장,OTW-E01,강릉 옥수수 에그타르트,에그타르트,1,4800,4800
OTW-260820-035,2026-08-20,목,14:04,매장,OTW-E01,강릉 옥수수 에그타르트,에그타르트,1,4800,4800
OTW-260820-036,2026-08-20,목,14:08,매장,OTW-E01,강릉 옥수수 에그타르트,에그타르트,1,4800,4800
OTW-260820-037,2026-08-20,목,14:12,매장,OTW-E03,흑임자&산딸기 에그타르트,에그타르트,1,5500,5500
OTW-260820-037,2026-08-20,목,14:12,매장,OTW-E01,강릉 옥수수 에그타르트,에그타르트,1,4800,4800
OTW-260820-038,2026-08-20,목,14:12,포장,OTW-E02,강릉 감자&잠봉 에그타르트,에그타르트,1,5200,5200
OTW-260820-038,2026-08-20,목,14:12,포장,OTW-E01,강릉 옥수수 에그타르트,에그타르트,1,4800,4800
OTW-260820-039,2026-08-20,목,14:14,포장,OTW-T01,옥수수 타르트,타르트,1,8500,8500
OTW-260820-039,2026-08-20,목,14:14,포장,OTW-E02,강릉 감자&잠봉 에그타르트,에그타르트,1,5200,5200
OTW-260820-040,2026-08-20,목,14:25,포장,OTW-D01,옥수수 밀크티,음료,2,6500,13000
OTW-260820-040,2026-08-20,목,14:25,포장,OTW-D01,옥수수 밀크티,음료,1,6500,6500
OTW-260820-041,2026-08-20,목,14:27,포장,OTW-E04,피스타치오 에그타르트,에그타르트,1,5800,5800
OTW-260820-041,2026-08-20,목,14:27,포장,OTW-D01,옥수수 밀크티,음료,1,6500,6500
OTW-260820-042,2026-08-20,목,14:27,포장,OTW-D01,옥수수 밀크티,음료,1,6500,6500
OTW-260820-042,2026-08-20,목,14:27,포장,OTW-D01,옥수수 밀크티,음료,2,6500,13000
OTW-260820-043,2026-08-20,목,14:28,포장,OTW-T02,보늬밤 타르트,타르트,1,8500,8500
OTW-260820-043,2026-08-20,목,14:28,포장,OTW-E01,강릉 옥수수 에그타르트,에그타르트,1,4800,4800
OTW-260820-044,2026-08-20,목,14:29,매장,OTW-T04,자몽 망고 요거트 타르트,타르트,1,9600,9600
OTW-260820-044,2026-08-20,목,14:29,매장,OTW-E01,강릉 옥수수 에그타르트,에그타르트,1,4800,4800
OTW-260820-045,2026-08-20,목,14:38,포장,OTW-E01,강릉 옥수수 에그타르트,에그타르트,1,4800,4800
OTW-260820-045,2026-08-20,목,14:38,포장,OTW-D01,옥수수 밀크티,음료,1,6500,6500
OTW-260820-046,2026-08-20,목,14:39,매장,OTW-E02,강릉 감자&잠봉 에그타르트,에그타르트,2,5200,10400
OTW-260820-046,2026-08-20,목,14:39,매장,OTW-T01,옥수수 타르트,타르트,1,8500,8500
OTW-260820-047,2026-08-20,목,14:44,매장,OTW-E01,강릉 옥수수 에그타르트,에그타르트,1,4800,4800
OTW-260820-048,2026-08-20,목,14:48,포장,OTW-D01,옥수수 밀크티,음료,1,6500,6500
OTW-260820-048,2026-08-20,목,14:48,포장,OTW-D01,옥수수 밀크티,음료,1,6500,6500
OTW-260820-049,2026-08-20,목,14:50,포장,OTW-E02,강릉 감자&잠봉 에그타르트,에그타르트,1,5200,5200
OTW-260820-049,2026-08-20,목,14:50,포장,OTW-T02,보늬밤 타르트,타르트,1,8500,8500
OTW-260820-050,2026-08-20,목,14:52,매장,OTW-T02,보늬밤 타르트,타르트,1,8500,8500
OTW-260820-050,2026-08-20,목,14:52,매장,OTW-E03,흑임자&산딸기 에그타르트,에그타르트,2,5500,11000
OTW-260820-051,2026-08-20,목,14:52,포장,OTW-T04,자몽 망고 요거트 타르트,타르트,1,9600,9600
OTW-260820-051,2026-08-20,목,14:52,포장,OTW-T03,말차 타르트,타르트,1,9100,9100
OTW-260820-052,2026-08-20,목,14:56,포장,OTW-T01,옥수수 타르트,타르트,1,8500,8500
OTW-260820-053,2026-08-20,목,14:57,포장,OTW-E02,강릉 감자&잠봉 에그타르트,에그타르트,2,5200,10400
OTW-260820-054,2026-08-20,목,14:59,매장,OTW-E01,강릉 옥수수 에그타르트,에그타르트,1,4800,4800
OTW-260820-054,2026-08-20,목,14:59,매장,OTW-E01,강릉 옥수수 에그타르트,에그타르트,1,4800,4800
OTW-260820-055,2026-08-20,목,15:01,포장,OTW-E03,흑임자&산딸기 에그타르트,에그타르트,1,5500,5500
OTW-260820-055,2026-08-20,목,15:01,포장,OTW-D01,옥수수 밀크티,음료,1,6500,6500
OTW-260820-056,2026-08-20,목,15:01,매장,OTW-E02,강릉 감자&잠봉 에그타르트,에그타르트,1,5200,5200
OTW-260820-057,2026-08-20,목,15:02,매장,OTW-T01,옥수수 타르트,타르트,1,8500,8500
OTW-260820-058,2026-08-20,목,15:05,매장,OTW-E01,강릉 옥수수 에그타르트,에그타르트,1,4800,4800
OTW-260820-058,2026-08-20,목,15:05,매장,OTW-E01,강릉 옥수수 에그타르트,에그타르트,1,4800,4800
OTW-260820-059,2026-08-20,목,15:13,매장,OTW-T01,옥수수 타르트,타르트,1,8500,8500
OTW-260820-060,2026-08-20,목,15:17,포장,OTW-E04,피스타치오 에그타르트,에그타르트,1,5800,5800
OTW-260820-061,2026-08-20,목,15:22,포장,OTW-E02,강릉 감자&잠봉 에그타르트,에그타르트,2,5200,10400
OTW-260820-061,2026-08-20,목,15:22,포장,OTW-T01,옥수수 타르트,타르트,1,8500,8500
OTW-260820-062,2026-08-20,목,15:23,포장,OTW-E01,강릉 옥수수 에그타르트,에그타르트,1,4800,4800
OTW-260820-062,2026-08-20,목,15:23,포장,OTW-T01,옥수수 타르트,타르트,1,8500,8500
OTW-260820-063,2026-08-20,목,15:42,포장,OTW-E01,강릉 옥수수 에그타르트,에그타르트,1,4800,4800
OTW-260820-063,2026-08-20,목,15:42,포장,OTW-E04,피스타치오 에그타르트,에그타르트,2,5800,11600
OTW-260820-064,2026-08-20,목,15:43,포장,OTW-T01,옥수수 타르트,타르트,1,8500,8500
OTW-260820-065,2026-08-20,목,15:44,포장,OTW-T01,옥수수 타르트,타르트,1,8500,8500
OTW-260820-065,2026-08-20,목,15:44,포장,OTW-E04,피스타치오 에그타르트,에그타르트,1,5800,5800
OTW-260820-066,2026-08-20,목,15:46,포장,OTW-E04,피스타치오 에그타르트,에그타르트,1,5800,5800
OTW-260820-066,2026-08-20,목,15:46,포장,OTW-E03,흑임자&산딸기 에그타르트,에그타르트,1,5500,5500
OTW-260820-066,2026-08-20,목,15:46,포장,OTW-T02,보늬밤 타르트,타르트,1,8500,8500
OTW-260820-067,2026-08-20,목,15:50,포장,OTW-D01,옥수수 밀크티,음료,2,6500,13000
OTW-260820-068,2026-08-20,목,15:51,포장,OTW-E02,강릉 감자&잠봉 에그타르트,에그타르트,2,5200,10400
OTW-260820-068,2026-08-20,목,15:51,포장,OTW-D01,옥수수 밀크티,음료,1,6500,6500
OTW-260820-069,2026-08-20,목,15:55,포장,OTW-T03,말차 타르트,타르트,2,9100,18200
OTW-260820-070,2026-08-20,목,16:12,포장,OTW-D01,옥수수 밀크티,음료,2,6500,13000
OTW-260820-070,2026-08-20,목,16:12,포장,OTW-E01,강릉 옥수수 에그타르트,에그타르트,1,4800,4800
OTW-260820-070,2026-08-20,목,16:12,포장,OTW-T01,옥수수 타르트,타르트,1,8500,8500
OTW-260820-071,2026-08-20,목,16:12,매장,OTW-T01,옥수수 타르트,타르트,1,8500,8500
OTW-260820-071,2026-08-20,목,16:12,매장,OTW-T04,자몽 망고 요거트 타르트,타르트,1,9600,9600
OTW-260820-072,2026-08-20,목,16:13,포장,OTW-E02,강릉 감자&잠봉 에그타르트,에그타르트,1,5200,5200
OTW-260820-073,2026-08-20,목,16:14,매장,OTW-E01,강릉 옥수수 에그타르트,에그타르트,1,4800,4800
OTW-260820-074,2026-08-20,목,16:15,포장,OTW-P01,아이스크림 파르페,디저트,1,8500,8500
OTW-260820-074,2026-08-20,목,16:15,포장,OTW-D01,옥수수 밀크티,음료,1,6500,6500
OTW-260820-074,2026-08-20,목,16:15,포장,OTW-E04,피스타치오 에그타르트,에그타르트,1,5800,5800
OTW-260821-001,2026-08-21,금,12:08,포장,OTW-E01,강릉 옥수수 에그타르트,에그타르트,1,4800,4800
OTW-260821-002,2026-08-21,금,12:09,포장,OTW-C01,오프더월 x 풀노리 옥수수 아이스크림,협업상품,1,6500,6500
OTW-260821-002,2026-08-21,금,12:09,포장,OTW-E01,강릉 옥수수 에그타르트,에그타르트,1,4800,4800
OTW-260821-003,2026-08-21,금,12:09,포장,OTW-E02,강릉 감자&잠봉 에그타르트,에그타르트,1,5200,5200
OTW-260821-003,2026-08-21,금,12:09,포장,OTW-C01,오프더월 x 풀노리 옥수수 아이스크림,협업상품,2,6500,13000
OTW-260821-004,2026-08-21,금,12:13,매장,OTW-E04,피스타치오 에그타르트,에그타르트,2,5800,11600
OTW-260821-005,2026-08-21,금,12:17,포장,OTW-T02,보늬밤 타르트,타르트,1,8500,8500
OTW-260821-006,2026-08-21,금,12:22,포장,OTW-E02,강릉 감자&잠봉 에그타르트,에그타르트,1,5200,5200
OTW-260821-007,2026-08-21,금,12:28,포장,OTW-C01,오프더월 x 풀노리 옥수수 아이스크림,협업상품,1,6500,6500
OTW-260821-008,2026-08-21,금,12:29,매장,OTW-E02,강릉 감자&잠봉 에그타르트,에그타르트,1,5200,5200
OTW-260821-009,2026-08-21,금,12:31,포장,OTW-C01,오프더월 x 풀노리 옥수수 아이스크림,협업상품,2,6500,13000
OTW-260821-009,2026-08-21,금,12:31,포장,OTW-E01,강릉 옥수수 에그타르트,에그타르트,1,4800,4800
OTW-260821-010,2026-08-21,금,12:32,포장,OTW-E01,강릉 옥수수 에그타르트,에그타르트,1,4800,4800
OTW-260821-010,2026-08-21,금,12:32,포장,OTW-T03,말차 타르트,타르트,1,9100,9100
OTW-260821-011,2026-08-21,금,12:36,포장,OTW-P01,아이스크림 파르페,디저트,1,8500,8500
OTW-260821-012,2026-08-21,금,12:37,매장,OTW-E03,흑임자&산딸기 에그타르트,에그타르트,1,5500,5500
OTW-260821-012,2026-08-21,금,12:37,매장,OTW-E03,흑임자&산딸기 에그타르트,에그타르트,1,5500,5500
OTW-260821-013,2026-08-21,금,12:45,포장,OTW-T03,말차 타르트,타르트,2,9100,18200
OTW-260821-014,2026-08-21,금,12:46,포장,OTW-E01,강릉 옥수수 에그타르트,에그타르트,1,4800,4800
OTW-260821-014,2026-08-21,금,12:46,포장,OTW-E01,강릉 옥수수 에그타르트,에그타르트,1,4800,4800
OTW-260821-015,2026-08-21,금,12:46,포장,OTW-C01,오프더월 x 풀노리 옥수수 아이스크림,협업상품,1,6500,6500
OTW-260821-016,2026-08-21,금,12:51,포장,OTW-C01,오프더월 x 풀노리 옥수수 아이스크림,협업상품,1,6500,6500
OTW-260821-017,2026-08-21,금,12:56,포장,OTW-T01,옥수수 타르트,타르트,1,8500,8500
OTW-260821-018,2026-08-21,금,12:58,포장,OTW-E01,강릉 옥수수 에그타르트,에그타르트,1,4800,4800
OTW-260821-018,2026-08-21,금,12:58,포장,OTW-C01,오프더월 x 풀노리 옥수수 아이스크림,협업상품,1,6500,6500
OTW-260821-019,2026-08-21,금,13:09,매장,OTW-T02,보늬밤 타르트,타르트,1,8500,8500
OTW-260821-020,2026-08-21,금,13:12,포장,OTW-T01,옥수수 타르트,타르트,1,8500,8500
OTW-260821-021,2026-08-21,금,13:13,포장,OTW-T04,자몽 망고 요거트 타르트,타르트,1,9600,9600
OTW-260821-022,2026-08-21,금,13:13,매장,OTW-C01,오프더월 x 풀노리 옥수수 아이스크림,협업상품,1,6500,6500
OTW-260821-022,2026-08-21,금,13:13,매장,OTW-D01,옥수수 밀크티,음료,1,6500,6500
OTW-260821-022,2026-08-21,금,13:13,매장,OTW-E04,피스타치오 에그타르트,에그타르트,2,5800,11600
OTW-260821-023,2026-08-21,금,13:19,매장,OTW-D01,옥수수 밀크티,음료,1,6500,6500
OTW-260821-024,2026-08-21,금,13:32,포장,OTW-T01,옥수수 타르트,타르트,1,8500,8500
OTW-260821-025,2026-08-21,금,13:33,포장,OTW-C01,오프더월 x 풀노리 옥수수 아이스크림,협업상품,1,6500,6500
OTW-260821-026,2026-08-21,금,13:34,포장,OTW-E04,피스타치오 에그타르트,에그타르트,1,5800,5800
OTW-260821-027,2026-08-21,금,13:36,포장,OTW-E01,강릉 옥수수 에그타르트,에그타르트,1,4800,4800
OTW-260821-028,2026-08-21,금,13:48,포장,OTW-D01,옥수수 밀크티,음료,1,6500,6500
OTW-260821-028,2026-08-21,금,13:48,포장,OTW-C01,오프더월 x 풀노리 옥수수 아이스크림,협업상품,1,6500,6500
OTW-260821-029,2026-08-21,금,13:51,포장,OTW-C01,오프더월 x 풀노리 옥수수 아이스크림,협업상품,1,6500,6500
OTW-260821-030,2026-08-21,금,13:51,포장,OTW-T04,자몽 망고 요거트 타르트,타르트,1,9600,9600
OTW-260821-031,2026-08-21,금,13:55,포장,OTW-E02,강릉 감자&잠봉 에그타르트,에그타르트,1,5200,5200
OTW-260821-031,2026-08-21,금,13:55,포장,OTW-E02,강릉 감자&잠봉 에그타르트,에그타르트,1,5200,5200
OTW-260821-032,2026-08-21,금,14:02,포장,OTW-C01,오프더월 x 풀노리 옥수수 아이스크림,협업상품,1,6500,6500
OTW-260821-033,2026-08-21,금,14:07,포장,OTW-T02,보늬밤 타르트,타르트,1,8500,8500
OTW-260821-034,2026-08-21,금,14:12,매장,OTW-E01,강릉 옥수수 에그타르트,에그타르트,1,4800,4800
OTW-260821-034,2026-08-21,금,14:12,매장,OTW-T01,옥수수 타르트,타르트,1,8500,8500
OTW-260821-035,2026-08-21,금,14:12,포장,OTW-C01,오프더월 x 풀노리 옥수수 아이스크림,협업상품,1,6500,6500
OTW-260821-035,2026-08-21,금,14:12,포장,OTW-P01,아이스크림 파르페,디저트,1,8500,8500
OTW-260821-036,2026-08-21,금,14:13,포장,OTW-E04,피스타치오 에그타르트,에그타르트,1,5800,5800
OTW-260821-037,2026-08-21,금,14:16,포장,OTW-T02,보늬밤 타르트,타르트,1,8500,8500
OTW-260821-038,2026-08-21,금,14:16,매장,OTW-C01,오프더월 x 풀노리 옥수수 아이스크림,협업상품,1,6500,6500
OTW-260821-039,2026-08-21,금,14:17,포장,OTW-E01,강릉 옥수수 에그타르트,에그타르트,1,4800,4800
OTW-260821-040,2026-08-21,금,14:17,포장,OTW-T01,옥수수 타르트,타르트,1,8500,8500
OTW-260821-041,2026-08-21,금,14:18,포장,OTW-C01,오프더월 x 풀노리 옥수수 아이스크림,협업상품,1,6500,6500
OTW-260821-041,2026-08-21,금,14:18,포장,OTW-E03,흑임자&산딸기 에그타르트,에그타르트,1,5500,5500
OTW-260821-042,2026-08-21,금,14:22,포장,OTW-P01,아이스크림 파르페,디저트,1,8500,8500
OTW-260821-043,2026-08-21,금,14:32,포장,OTW-D01,옥수수 밀크티,음료,1,6500,6500
OTW-260821-043,2026-08-21,금,14:32,포장,OTW-E01,강릉 옥수수 에그타르트,에그타르트,1,4800,4800
OTW-260821-043,2026-08-21,금,14:32,포장,OTW-D01,옥수수 밀크티,음료,1,6500,6500
OTW-260821-044,2026-08-21,금,14:32,포장,OTW-E01,강릉 옥수수 에그타르트,에그타르트,1,4800,4800
OTW-260821-045,2026-08-21,금,14:35,매장,OTW-E04,피스타치오 에그타르트,에그타르트,2,5800,11600
OTW-260821-046,2026-08-21,금,14:41,포장,OTW-T03,말차 타르트,타르트,2,9100,18200
OTW-260821-046,2026-08-21,금,14:41,포장,OTW-E02,강릉 감자&잠봉 에그타르트,에그타르트,1,5200,5200
OTW-260821-047,2026-08-21,금,14:41,포장,OTW-C01,오프더월 x 풀노리 옥수수 아이스크림,협업상품,1,6500,6500
OTW-260821-047,2026-08-21,금,14:41,포장,OTW-E01,강릉 옥수수 에그타르트,에그타르트,1,4800,4800
OTW-260821-048,2026-08-21,금,14:46,포장,OTW-C01,오프더월 x 풀노리 옥수수 아이스크림,협업상품,1,6500,6500
OTW-260821-049,2026-08-21,금,14:46,포장,OTW-C01,오프더월 x 풀노리 옥수수 아이스크림,협업상품,1,6500,6500
OTW-260821-049,2026-08-21,금,14:46,포장,OTW-T04,자몽 망고 요거트 타르트,타르트,1,9600,9600
OTW-260821-050,2026-08-21,금,14:48,매장,OTW-C01,오프더월 x 풀노리 옥수수 아이스크림,협업상품,1,6500,6500
OTW-260821-051,2026-08-21,금,14:50,포장,OTW-C01,오프더월 x 풀노리 옥수수 아이스크림,협업상품,1,6500,6500
OTW-260821-052,2026-08-21,금,14:54,포장,OTW-E04,피스타치오 에그타르트,에그타르트,1,5800,5800
OTW-260821-053,2026-08-21,금,14:55,포장,OTW-C01,오프더월 x 풀노리 옥수수 아이스크림,협업상품,1,6500,6500
OTW-260821-053,2026-08-21,금,14:55,포장,OTW-C01,오프더월 x 풀노리 옥수수 아이스크림,협업상품,1,6500,6500
OTW-260821-053,2026-08-21,금,14:55,포장,OTW-D01,옥수수 밀크티,음료,2,6500,13000
OTW-260821-054,2026-08-21,금,15:08,포장,OTW-D01,옥수수 밀크티,음료,1,6500,6500
OTW-260821-055,2026-08-21,금,15:09,매장,OTW-T02,보늬밤 타르트,타르트,1,8500,8500
OTW-260821-055,2026-08-21,금,15:09,매장,OTW-E02,강릉 감자&잠봉 에그타르트,에그타르트,1,5200,5200
OTW-260821-056,2026-08-21,금,15:14,포장,OTW-T02,보늬밤 타르트,타르트,1,8500,8500
OTW-260821-056,2026-08-21,금,15:14,포장,OTW-T01,옥수수 타르트,타르트,1,8500,8500
OTW-260821-057,2026-08-21,금,15:17,포장,OTW-D01,옥수수 밀크티,음료,1,6500,6500
OTW-260821-058,2026-08-21,금,15:19,포장,OTW-E03,흑임자&산딸기 에그타르트,에그타르트,1,5500,5500
OTW-260821-058,2026-08-21,금,15:19,포장,OTW-P01,아이스크림 파르페,디저트,1,8500,8500
OTW-260821-059,2026-08-21,금,15:22,포장,OTW-E01,강릉 옥수수 에그타르트,에그타르트,2,4800,9600
OTW-260821-060,2026-08-21,금,15:28,포장,OTW-E04,피스타치오 에그타르트,에그타르트,1,5800,5800
OTW-260821-061,2026-08-21,금,15:29,포장,OTW-D01,옥수수 밀크티,음료,1,6500,6500
OTW-260821-062,2026-08-21,금,15:31,포장,OTW-E02,강릉 감자&잠봉 에그타르트,에그타르트,1,5200,5200
OTW-260821-063,2026-08-21,금,15:35,포장,OTW-P01,아이스크림 파르페,디저트,1,8500,8500
OTW-260821-063,2026-08-21,금,15:35,포장,OTW-D01,옥수수 밀크티,음료,1,6500,6500
OTW-260821-064,2026-08-21,금,15:44,포장,OTW-E01,강릉 옥수수 에그타르트,에그타르트,1,4800,4800
OTW-260821-064,2026-08-21,금,15:44,포장,OTW-T01,옥수수 타르트,타르트,1,8500,8500
OTW-260821-064,2026-08-21,금,15:44,포장,OTW-P01,아이스크림 파르페,디저트,1,8500,8500
OTW-260821-065,2026-08-21,금,15:46,포장,OTW-E01,강릉 옥수수 에그타르트,에그타르트,1,4800,4800
OTW-260821-065,2026-08-21,금,15:46,포장,OTW-D01,옥수수 밀크티,음료,1,6500,6500
OTW-260821-066,2026-08-21,금,15:46,매장,OTW-T04,자몽 망고 요거트 타르트,타르트,1,9600,9600
OTW-260821-066,2026-08-21,금,15:46,매장,OTW-P01,아이스크림 파르페,디저트,1,8500,8500
OTW-260821-066,2026-08-21,금,15:46,매장,OTW-E02,강릉 감자&잠봉 에그타르트,에그타르트,1,5200,5200
OTW-260821-067,2026-08-21,금,15:50,매장,OTW-E02,강릉 감자&잠봉 에그타르트,에그타르트,1,5200,5200
OTW-260821-067,2026-08-21,금,15:50,매장,OTW-P01,아이스크림 파르페,디저트,2,8500,17000
OTW-260821-068,2026-08-21,금,15:56,포장,OTW-E04,피스타치오 에그타르트,에그타르트,1,5800,5800
OTW-260821-068,2026-08-21,금,15:56,포장,OTW-T01,옥수수 타르트,타르트,1,8500,8500
OTW-260821-069,2026-08-21,금,16:09,포장,OTW-E02,강릉 감자&잠봉 에그타르트,에그타르트,1,5200,5200
OTW-260821-070,2026-08-21,금,16:25,매장,OTW-E01,강릉 옥수수 에그타르트,에그타르트,1,4800,4800
OTW-260821-071,2026-08-21,금,16:29,포장,OTW-T03,말차 타르트,타르트,1,9100,9100
OTW-260821-072,2026-08-21,금,16:40,매장,OTW-E04,피스타치오 에그타르트,에그타르트,1,5800,5800
OTW-260821-073,2026-08-21,금,16:44,포장,OTW-E02,강릉 감자&잠봉 에그타르트,에그타르트,1,5200,5200
OTW-260821-073,2026-08-21,금,16:44,포장,OTW-E01,강릉 옥수수 에그타르트,에그타르트,1,4800,4800
OTW-260821-073,2026-08-21,금,16:44,포장,OTW-T04,자몽 망고 요거트 타르트,타르트,1,9600,9600
OTW-260821-074,2026-08-21,금,16:44,매장,OTW-T04,자몽 망고 요거트 타르트,타르트,1,9600,9600
OTW-260821-074,2026-08-21,금,16:44,매장,OTW-D01,옥수수 밀크티,음료,2,6500,13000
OTW-260821-074,2026-08-21,금,16:44,매장,OTW-E02,강릉 감자&잠봉 에그타르트,에그타르트,1,5200,5200
OTW-260821-075,2026-08-21,금,16:45,포장,OTW-E02,강릉 감자&잠봉 에그타르트,에그타르트,1,5200,5200
OTW-260821-075,2026-08-21,금,16:45,포장,OTW-E01,강릉 옥수수 에그타르트,에그타르트,1,4800,4800
OTW-260821-076,2026-08-21,금,16:46,포장,OTW-T02,보늬밤 타르트,타르트,1,8500,8500
OTW-260821-076,2026-08-21,금,16:46,포장,OTW-E04,피스타치오 에그타르트,에그타르트,1,5800,5800
OTW-260821-077,2026-08-21,금,16:49,포장,OTW-E01,강릉 옥수수 에그타르트,에그타르트,1,4800,4800
OTW-260821-078,2026-08-21,금,16:52,포장,OTW-E01,강릉 옥수수 에그타르트,에그타르트,1,4800,4800
OTW-260821-079,2026-08-21,금,16:57,매장,OTW-D01,옥수수 밀크티,음료,1,6500,6500
OTW-260821-079,2026-08-21,금,16:57,매장,OTW-T03,말차 타르트,타르트,2,9100,18200
OTW-260821-080,2026-08-21,금,16:58,매장,OTW-E03,흑임자&산딸기 에그타르트,에그타르트,1,5500,5500
OTW-260821-080,2026-08-21,금,16:58,매장,OTW-P01,아이스크림 파르페,디저트,1,8500,8500
OTW-260821-081,2026-08-21,금,17:03,포장,OTW-E01,강릉 옥수수 에그타르트,에그타르트,2,4800,9600
OTW-260821-081,2026-08-21,금,17:03,포장,OTW-T01,옥수수 타르트,타르트,1,8500,8500
OTW-260821-081,2026-08-21,금,17:03,포장,OTW-E03,흑임자&산딸기 에그타르트,에그타르트,1,5500,5500
OTW-260821-082,2026-08-21,금,17:09,포장,OTW-T01,옥수수 타르트,타르트,1,8500,8500
OTW-260821-082,2026-08-21,금,17:09,포장,OTW-E02,강릉 감자&잠봉 에그타르트,에그타르트,1,5200,5200
OTW-260821-083,2026-08-21,금,17:18,포장,OTW-E01,강릉 옥수수 에그타르트,에그타르트,2,4800,9600
OTW-260821-083,2026-08-21,금,17:18,포장,OTW-E01,강릉 옥수수 에그타르트,에그타르트,1,4800,4800
OTW-260822-001,2026-08-22,토,12:04,포장,OTW-C01,오프더월 x 풀노리 옥수수 아이스크림,협업상품,1,6500,6500
OTW-260822-002,2026-08-22,토,12:04,매장,OTW-D01,옥수수 밀크티,음료,1,6500,6500
OTW-260822-003,2026-08-22,토,12:04,포장,OTW-C01,오프더월 x 풀노리 옥수수 아이스크림,협업상품,1,6500,6500
OTW-260822-004,2026-08-22,토,12:08,매장,OTW-C01,오프더월 x 풀노리 옥수수 아이스크림,협업상품,2,6500,13000
OTW-260822-005,2026-08-22,토,12:09,포장,OTW-C01,오프더월 x 풀노리 옥수수 아이스크림,협업상품,1,6500,6500
OTW-260822-005,2026-08-22,토,12:09,포장,OTW-E01,강릉 옥수수 에그타르트,에그타르트,1,4800,4800
OTW-260822-006,2026-08-22,토,12:11,포장,OTW-T01,옥수수 타르트,타르트,1,8500,8500
OTW-260822-006,2026-08-22,토,12:11,포장,OTW-D01,옥수수 밀크티,음료,1,6500,6500
OTW-260822-006,2026-08-22,토,12:11,포장,OTW-C01,오프더월 x 풀노리 옥수수 아이스크림,협업상품,1,6500,6500
OTW-260822-007,2026-08-22,토,12:13,포장,OTW-C01,오프더월 x 풀노리 옥수수 아이스크림,협업상품,2,6500,13000
OTW-260822-008,2026-08-22,토,12:16,매장,OTW-T01,옥수수 타르트,타르트,1,8500,8500
OTW-260822-008,2026-08-22,토,12:16,매장,OTW-T03,말차 타르트,타르트,1,9100,9100
OTW-260822-009,2026-08-22,토,12:17,포장,OTW-T03,말차 타르트,타르트,2,9100,18200
OTW-260822-009,2026-08-22,토,12:17,포장,OTW-T02,보늬밤 타르트,타르트,1,8500,8500
OTW-260822-010,2026-08-22,토,12:17,포장,OTW-E01,강릉 옥수수 에그타르트,에그타르트,2,4800,9600
OTW-260822-010,2026-08-22,토,12:17,포장,OTW-E02,강릉 감자&잠봉 에그타르트,에그타르트,1,5200,5200
OTW-260822-010,2026-08-22,토,12:17,포장,OTW-T02,보늬밤 타르트,타르트,1,8500,8500
OTW-260822-011,2026-08-22,토,12:22,매장,OTW-T01,옥수수 타르트,타르트,1,8500,8500
OTW-260822-012,2026-08-22,토,12:24,포장,OTW-C01,오프더월 x 풀노리 옥수수 아이스크림,협업상품,1,6500,6500
OTW-260822-013,2026-08-22,토,12:26,매장,OTW-D01,옥수수 밀크티,음료,1,6500,6500
OTW-260822-014,2026-08-22,토,12:27,매장,OTW-E01,강릉 옥수수 에그타르트,에그타르트,1,4800,4800
OTW-260822-015,2026-08-22,토,12:27,포장,OTW-E04,피스타치오 에그타르트,에그타르트,1,5800,5800
OTW-260822-016,2026-08-22,토,12:28,매장,OTW-C01,오프더월 x 풀노리 옥수수 아이스크림,협업상품,1,6500,6500
OTW-260822-017,2026-08-22,토,12:38,포장,OTW-E01,강릉 옥수수 에그타르트,에그타르트,1,4800,4800
OTW-260822-017,2026-08-22,토,12:38,포장,OTW-E01,강릉 옥수수 에그타르트,에그타르트,1,4800,4800
OTW-260822-017,2026-08-22,토,12:38,포장,OTW-T04,자몽 망고 요거트 타르트,타르트,1,9600,9600
OTW-260822-018,2026-08-22,토,12:40,매장,OTW-C01,오프더월 x 풀노리 옥수수 아이스크림,협업상품,1,6500,6500
OTW-260822-018,2026-08-22,토,12:40,매장,OTW-C01,오프더월 x 풀노리 옥수수 아이스크림,협업상품,1,6500,6500
OTW-260822-019,2026-08-22,토,12:45,포장,OTW-E04,피스타치오 에그타르트,에그타르트,1,5800,5800
OTW-260822-019,2026-08-22,토,12:45,포장,OTW-E01,강릉 옥수수 에그타르트,에그타르트,1,4800,4800
OTW-260822-020,2026-08-22,토,12:46,매장,OTW-T04,자몽 망고 요거트 타르트,타르트,1,9600,9600
OTW-260822-020,2026-08-22,토,12:46,매장,OTW-P01,아이스크림 파르페,디저트,1,8500,8500
OTW-260822-021,2026-08-22,토,12:57,매장,OTW-C01,오프더월 x 풀노리 옥수수 아이스크림,협업상품,1,6500,6500
OTW-260822-022,2026-08-22,토,12:57,포장,OTW-E01,강릉 옥수수 에그타르트,에그타르트,1,4800,4800
OTW-260822-023,2026-08-22,토,12:58,매장,OTW-E01,강릉 옥수수 에그타르트,에그타르트,1,4800,4800
OTW-260822-024,2026-08-22,토,12:58,포장,OTW-E02,강릉 감자&잠봉 에그타르트,에그타르트,1,5200,5200
OTW-260822-024,2026-08-22,토,12:58,포장,OTW-D01,옥수수 밀크티,음료,1,6500,6500
OTW-260822-025,2026-08-22,토,13:04,포장,OTW-D01,옥수수 밀크티,음료,1,6500,6500
OTW-260822-025,2026-08-22,토,13:04,포장,OTW-C01,오프더월 x 풀노리 옥수수 아이스크림,협업상품,1,6500,6500
OTW-260822-026,2026-08-22,토,13:05,매장,OTW-T01,옥수수 타르트,타르트,1,8500,8500
OTW-260822-027,2026-08-22,토,13:06,매장,OTW-C01,오프더월 x 풀노리 옥수수 아이스크림,협업상품,1,6500,6500
OTW-260822-027,2026-08-22,토,13:06,매장,OTW-C01,오프더월 x 풀노리 옥수수 아이스크림,협업상품,1,6500,6500
OTW-260822-028,2026-08-22,토,13:08,포장,OTW-C01,오프더월 x 풀노리 옥수수 아이스크림,협업상품,1,6500,6500
OTW-260822-028,2026-08-22,토,13:08,포장,OTW-E04,피스타치오 에그타르트,에그타르트,1,5800,5800
OTW-260822-029,2026-08-22,토,13:09,포장,OTW-C01,오프더월 x 풀노리 옥수수 아이스크림,협업상품,1,6500,6500
OTW-260822-030,2026-08-22,토,13:09,포장,OTW-E04,피스타치오 에그타르트,에그타르트,1,5800,5800
OTW-260822-031,2026-08-22,토,13:13,포장,OTW-E01,강릉 옥수수 에그타르트,에그타르트,1,4800,4800
OTW-260822-031,2026-08-22,토,13:13,포장,OTW-D01,옥수수 밀크티,음료,1,6500,6500
OTW-260822-032,2026-08-22,토,13:14,포장,OTW-T01,옥수수 타르트,타르트,1,8500,8500
OTW-260822-033,2026-08-22,토,13:16,포장,OTW-T01,옥수수 타르트,타르트,1,8500,8500
OTW-260822-033,2026-08-22,토,13:16,포장,OTW-E02,강릉 감자&잠봉 에그타르트,에그타르트,1,5200,5200
OTW-260822-034,2026-08-22,토,13:16,포장,OTW-T01,옥수수 타르트,타르트,1,8500,8500
OTW-260822-034,2026-08-22,토,13:16,포장,OTW-E03,흑임자&산딸기 에그타르트,에그타르트,1,5500,5500
OTW-260822-035,2026-08-22,토,13:17,포장,OTW-E04,피스타치오 에그타르트,에그타르트,1,5800,5800
OTW-260822-036,2026-08-22,토,13:23,매장,OTW-T01,옥수수 타르트,타르트,1,8500,8500
OTW-260822-037,2026-08-22,토,13:24,포장,OTW-E01,강릉 옥수수 에그타르트,에그타르트,1,4800,4800
OTW-260822-037,2026-08-22,토,13:24,포장,OTW-E02,강릉 감자&잠봉 에그타르트,에그타르트,1,5200,5200
OTW-260822-038,2026-08-22,토,13:25,매장,OTW-E04,피스타치오 에그타르트,에그타르트,1,5800,5800
OTW-260822-038,2026-08-22,토,13:25,매장,OTW-E04,피스타치오 에그타르트,에그타르트,2,5800,11600
OTW-260822-039,2026-08-22,토,13:28,포장,OTW-P01,아이스크림 파르페,디저트,1,8500,8500
OTW-260822-040,2026-08-22,토,13:28,매장,OTW-E01,강릉 옥수수 에그타르트,에그타르트,1,4800,4800
OTW-260822-040,2026-08-22,토,13:28,매장,OTW-T04,자몽 망고 요거트 타르트,타르트,1,9600,9600
OTW-260822-040,2026-08-22,토,13:28,매장,OTW-T02,보늬밤 타르트,타르트,1,8500,8500
OTW-260822-041,2026-08-22,토,13:30,포장,OTW-E02,강릉 감자&잠봉 에그타르트,에그타르트,1,5200,5200
OTW-260822-041,2026-08-22,토,13:30,포장,OTW-E03,흑임자&산딸기 에그타르트,에그타르트,1,5500,5500
OTW-260822-042,2026-08-22,토,13:31,포장,OTW-D01,옥수수 밀크티,음료,1,6500,6500
OTW-260822-043,2026-08-22,토,13:33,포장,OTW-T02,보늬밤 타르트,타르트,2,8500,17000
OTW-260822-043,2026-08-22,토,13:33,포장,OTW-T02,보늬밤 타르트,타르트,2,8500,17000
OTW-260822-043,2026-08-22,토,13:33,포장,OTW-T02,보늬밤 타르트,타르트,1,8500,8500
OTW-260822-044,2026-08-22,토,13:33,포장,OTW-E03,흑임자&산딸기 에그타르트,에그타르트,1,5500,5500
OTW-260822-045,2026-08-22,토,13:34,포장,OTW-T02,보늬밤 타르트,타르트,1,8500,8500
OTW-260822-045,2026-08-22,토,13:34,포장,OTW-E02,강릉 감자&잠봉 에그타르트,에그타르트,1,5200,5200
OTW-260822-045,2026-08-22,토,13:34,포장,OTW-T03,말차 타르트,타르트,1,9100,9100
OTW-260822-046,2026-08-22,토,13:38,포장,OTW-E04,피스타치오 에그타르트,에그타르트,1,5800,5800
OTW-260822-047,2026-08-22,토,13:46,포장,OTW-T03,말차 타르트,타르트,2,9100,18200
OTW-260822-048,2026-08-22,토,13:51,포장,OTW-E04,피스타치오 에그타르트,에그타르트,1,5800,5800
OTW-260822-048,2026-08-22,토,13:51,포장,OTW-T02,보늬밤 타르트,타르트,1,8500,8500
OTW-260822-048,2026-08-22,토,13:51,포장,OTW-E01,강릉 옥수수 에그타르트,에그타르트,1,4800,4800
OTW-260822-049,2026-08-22,토,13:55,포장,OTW-E02,강릉 감자&잠봉 에그타르트,에그타르트,1,5200,5200
OTW-260822-049,2026-08-22,토,13:55,포장,OTW-E04,피스타치오 에그타르트,에그타르트,2,5800,11600
OTW-260822-049,2026-08-22,토,13:55,포장,OTW-D01,옥수수 밀크티,음료,1,6500,6500
OTW-260822-050,2026-08-22,토,13:57,매장,OTW-E02,강릉 감자&잠봉 에그타르트,에그타르트,1,5200,5200
OTW-260822-050,2026-08-22,토,13:57,매장,OTW-D01,옥수수 밀크티,음료,1,6500,6500
OTW-260822-051,2026-08-22,토,13:57,매장,OTW-T02,보늬밤 타르트,타르트,1,8500,8500
OTW-260822-052,2026-08-22,토,13:59,매장,OTW-E01,강릉 옥수수 에그타르트,에그타르트,1,4800,4800
OTW-260822-052,2026-08-22,토,13:59,매장,OTW-T01,옥수수 타르트,타르트,2,8500,17000
OTW-260822-053,2026-08-22,토,14:01,포장,OTW-E03,흑임자&산딸기 에그타르트,에그타르트,2,5500,11000
OTW-260822-054,2026-08-22,토,14:03,포장,OTW-T04,자몽 망고 요거트 타르트,타르트,2,9600,19200
OTW-260822-055,2026-08-22,토,14:05,포장,OTW-D01,옥수수 밀크티,음료,2,6500,13000
OTW-260822-056,2026-08-22,토,14:10,포장,OTW-D01,옥수수 밀크티,음료,1,6500,6500
OTW-260822-057,2026-08-22,토,14:12,포장,OTW-E04,피스타치오 에그타르트,에그타르트,2,5800,11600
OTW-260822-058,2026-08-22,토,14:16,매장,OTW-E01,강릉 옥수수 에그타르트,에그타르트,1,4800,4800
OTW-260822-059,2026-08-22,토,14:17,매장,OTW-T01,옥수수 타르트,타르트,1,8500,8500
OTW-260822-059,2026-08-22,토,14:17,매장,OTW-T04,자몽 망고 요거트 타르트,타르트,1,9600,9600
OTW-260822-059,2026-08-22,토,14:17,매장,OTW-E01,강릉 옥수수 에그타르트,에그타르트,1,4800,4800
OTW-260822-060,2026-08-22,토,14:19,포장,OTW-T04,자몽 망고 요거트 타르트,타르트,2,9600,19200
OTW-260822-060,2026-08-22,토,14:19,포장,OTW-P01,아이스크림 파르페,디저트,1,8500,8500
OTW-260822-061,2026-08-22,토,14:24,포장,OTW-E02,강릉 감자&잠봉 에그타르트,에그타르트,1,5200,5200
OTW-260822-061,2026-08-22,토,14:24,포장,OTW-T01,옥수수 타르트,타르트,1,8500,8500
OTW-260822-062,2026-08-22,토,14:31,매장,OTW-D01,옥수수 밀크티,음료,2,6500,13000
OTW-260822-062,2026-08-22,토,14:31,매장,OTW-E01,강릉 옥수수 에그타르트,에그타르트,1,4800,4800
OTW-260822-063,2026-08-22,토,14:33,포장,OTW-E01,강릉 옥수수 에그타르트,에그타르트,1,4800,4800
OTW-260822-063,2026-08-22,토,14:33,포장,OTW-E01,강릉 옥수수 에그타르트,에그타르트,1,4800,4800
OTW-260822-064,2026-08-22,토,14:34,매장,OTW-E03,흑임자&산딸기 에그타르트,에그타르트,1,5500,5500
OTW-260822-064,2026-08-22,토,14:34,매장,OTW-P01,아이스크림 파르페,디저트,1,8500,8500
OTW-260822-065,2026-08-22,토,14:38,포장,OTW-E01,강릉 옥수수 에그타르트,에그타르트,1,4800,4800
OTW-260822-065,2026-08-22,토,14:38,포장,OTW-T01,옥수수 타르트,타르트,1,8500,8500
OTW-260822-066,2026-08-22,토,14:40,포장,OTW-E01,강릉 옥수수 에그타르트,에그타르트,1,4800,4800
OTW-260822-066,2026-08-22,토,14:40,포장,OTW-T02,보늬밤 타르트,타르트,1,8500,8500
OTW-260822-067,2026-08-22,토,14:41,매장,OTW-T01,옥수수 타르트,타르트,1,8500,8500
OTW-260822-068,2026-08-22,토,14:42,포장,OTW-E03,흑임자&산딸기 에그타르트,에그타르트,1,5500,5500
OTW-260822-068,2026-08-22,토,14:42,포장,OTW-T02,보늬밤 타르트,타르트,1,8500,8500
OTW-260822-068,2026-08-22,토,14:42,포장,OTW-T01,옥수수 타르트,타르트,1,8500,8500
OTW-260822-069,2026-08-22,토,14:44,포장,OTW-T02,보늬밤 타르트,타르트,1,8500,8500
OTW-260822-069,2026-08-22,토,14:44,포장,OTW-T03,말차 타르트,타르트,2,9100,18200
OTW-260822-070,2026-08-22,토,14:45,포장,OTW-E02,강릉 감자&잠봉 에그타르트,에그타르트,1,5200,5200
OTW-260822-070,2026-08-22,토,14:45,포장,OTW-E01,강릉 옥수수 에그타르트,에그타르트,1,4800,4800
OTW-260822-071,2026-08-22,토,14:46,포장,OTW-E02,강릉 감자&잠봉 에그타르트,에그타르트,2,5200,10400
OTW-260822-072,2026-08-22,토,14:49,매장,OTW-E02,강릉 감자&잠봉 에그타르트,에그타르트,1,5200,5200
OTW-260822-072,2026-08-22,토,14:49,매장,OTW-E01,강릉 옥수수 에그타르트,에그타르트,1,4800,4800
OTW-260822-073,2026-08-22,토,15:02,매장,OTW-P01,아이스크림 파르페,디저트,1,8500,8500
OTW-260822-074,2026-08-22,토,15:03,포장,OTW-D01,옥수수 밀크티,음료,1,6500,6500
OTW-260822-074,2026-08-22,토,15:03,포장,OTW-T01,옥수수 타르트,타르트,1,8500,8500
OTW-260822-075,2026-08-22,토,15:04,포장,OTW-T04,자몽 망고 요거트 타르트,타르트,1,9600,9600
OTW-260822-076,2026-08-22,토,15:06,포장,OTW-D01,옥수수 밀크티,음료,1,6500,6500
OTW-260822-076,2026-08-22,토,15:06,포장,OTW-T04,자몽 망고 요거트 타르트,타르트,1,9600,9600
OTW-260822-077,2026-08-22,토,15:06,포장,OTW-E02,강릉 감자&잠봉 에그타르트,에그타르트,1,5200,5200
OTW-260822-078,2026-08-22,토,15:08,매장,OTW-T03,말차 타르트,타르트,1,9100,9100
OTW-260822-078,2026-08-22,토,15:08,매장,OTW-E02,강릉 감자&잠봉 에그타르트,에그타르트,1,5200,5200
OTW-260822-079,2026-08-22,토,15:13,포장,OTW-E04,피스타치오 에그타르트,에그타르트,1,5800,5800
OTW-260822-079,2026-08-22,토,15:13,포장,OTW-P01,아이스크림 파르페,디저트,1,8500,8500
OTW-260822-080,2026-08-22,토,15:14,포장,OTW-T01,옥수수 타르트,타르트,1,8500,8500
OTW-260822-080,2026-08-22,토,15:14,포장,OTW-E02,강릉 감자&잠봉 에그타르트,에그타르트,1,5200,5200
OTW-260822-081,2026-08-22,토,15:15,포장,OTW-P01,아이스크림 파르페,디저트,1,8500,8500
OTW-260822-081,2026-08-22,토,15:15,포장,OTW-D01,옥수수 밀크티,음료,1,6500,6500
OTW-260822-081,2026-08-22,토,15:15,포장,OTW-E01,강릉 옥수수 에그타르트,에그타르트,1,4800,4800
OTW-260822-082,2026-08-22,토,15:15,포장,OTW-E01,강릉 옥수수 에그타르트,에그타르트,1,4800,4800
OTW-260822-082,2026-08-22,토,15:15,포장,OTW-E04,피스타치오 에그타르트,에그타르트,1,5800,5800
OTW-260822-083,2026-08-22,토,15:17,포장,OTW-T04,자몽 망고 요거트 타르트,타르트,1,9600,9600
OTW-260822-084,2026-08-22,토,15:22,포장,OTW-P01,아이스크림 파르페,디저트,1,8500,8500
OTW-260822-085,2026-08-22,토,15:22,포장,OTW-T01,옥수수 타르트,타르트,1,8500,8500
OTW-260822-086,2026-08-22,토,15:26,포장,OTW-E03,흑임자&산딸기 에그타르트,에그타르트,2,5500,11000
OTW-260822-086,2026-08-22,토,15:26,포장,OTW-P01,아이스크림 파르페,디저트,1,8500,8500
OTW-260822-087,2026-08-22,토,15:36,포장,OTW-E03,흑임자&산딸기 에그타르트,에그타르트,1,5500,5500
OTW-260822-087,2026-08-22,토,15:36,포장,OTW-E02,강릉 감자&잠봉 에그타르트,에그타르트,2,5200,10400
OTW-260822-088,2026-08-22,토,15:36,포장,OTW-D01,옥수수 밀크티,음료,1,6500,6500
OTW-260822-089,2026-08-22,토,15:37,포장,OTW-T04,자몽 망고 요거트 타르트,타르트,1,9600,9600
OTW-260822-089,2026-08-22,토,15:37,포장,OTW-E04,피스타치오 에그타르트,에그타르트,1,5800,5800
OTW-260822-090,2026-08-22,토,15:39,포장,OTW-T03,말차 타르트,타르트,1,9100,9100
OTW-260822-091,2026-08-22,토,15:39,포장,OTW-E01,강릉 옥수수 에그타르트,에그타르트,1,4800,4800
OTW-260822-091,2026-08-22,토,15:39,포장,OTW-E01,강릉 옥수수 에그타르트,에그타르트,1,4800,4800
OTW-260822-092,2026-08-22,토,15:39,포장,OTW-T04,자몽 망고 요거트 타르트,타르트,1,9600,9600
OTW-260822-092,2026-08-22,토,15:39,포장,OTW-E01,강릉 옥수수 에그타르트,에그타르트,1,4800,4800
OTW-260822-093,2026-08-22,토,15:43,포장,OTW-T04,자몽 망고 요거트 타르트,타르트,1,9600,9600
OTW-260822-093,2026-08-22,토,15:43,포장,OTW-E01,강릉 옥수수 에그타르트,에그타르트,1,4800,4800
OTW-260822-094,2026-08-22,토,15:46,매장,OTW-E03,흑임자&산딸기 에그타르트,에그타르트,1,5500,5500
OTW-260822-095,2026-08-22,토,15:50,매장,OTW-T04,자몽 망고 요거트 타르트,타르트,1,9600,9600
OTW-260822-095,2026-08-22,토,15:50,매장,OTW-E03,흑임자&산딸기 에그타르트,에그타르트,1,5500,5500
OTW-260822-095,2026-08-22,토,15:50,매장,OTW-E01,강릉 옥수수 에그타르트,에그타르트,1,4800,4800
OTW-260822-096,2026-08-22,토,15:51,포장,OTW-E02,강릉 감자&잠봉 에그타르트,에그타르트,1,5200,5200
OTW-260822-097,2026-08-22,토,15:58,포장,OTW-T01,옥수수 타르트,타르트,1,8500,8500
OTW-260822-097,2026-08-22,토,15:58,포장,OTW-E01,강릉 옥수수 에그타르트,에그타르트,1,4800,4800
OTW-260822-098,2026-08-22,토,16:01,포장,OTW-E01,강릉 옥수수 에그타르트,에그타르트,2,4800,9600
OTW-260822-099,2026-08-22,토,16:01,매장,OTW-E01,강릉 옥수수 에그타르트,에그타르트,2,4800,9600
OTW-260822-099,2026-08-22,토,16:01,매장,OTW-E01,강릉 옥수수 에그타르트,에그타르트,2,4800,9600
OTW-260822-099,2026-08-22,토,16:01,매장,OTW-E01,강릉 옥수수 에그타르트,에그타르트,2,4800,9600
OTW-260822-100,2026-08-22,토,16:01,매장,OTW-E03,흑임자&산딸기 에그타르트,에그타르트,1,5500,5500
OTW-260822-101,2026-08-22,토,16:06,포장,OTW-D01,옥수수 밀크티,음료,1,6500,6500
OTW-260822-102,2026-08-22,토,16:14,포장,OTW-E04,피스타치오 에그타르트,에그타르트,1,5800,5800
OTW-260822-103,2026-08-22,토,16:19,포장,OTW-E04,피스타치오 에그타르트,에그타르트,1,5800,5800
OTW-260822-103,2026-08-22,토,16:19,포장,OTW-E02,강릉 감자&잠봉 에그타르트,에그타르트,1,5200,5200
OTW-260822-103,2026-08-22,토,16:19,포장,OTW-T01,옥수수 타르트,타르트,1,8500,8500
OTW-260822-104,2026-08-22,토,16:26,포장,OTW-D01,옥수수 밀크티,음료,1,6500,6500
OTW-260822-105,2026-08-22,토,16:27,포장,OTW-E02,강릉 감자&잠봉 에그타르트,에그타르트,1,5200,5200
OTW-260822-106,2026-08-22,토,16:29,포장,OTW-E01,강릉 옥수수 에그타르트,에그타르트,1,4800,4800
OTW-260822-106,2026-08-22,토,16:29,포장,OTW-T01,옥수수 타르트,타르트,1,8500,8500
OTW-260822-107,2026-08-22,토,16:30,포장,OTW-D01,옥수수 밀크티,음료,1,6500,6500
OTW-260822-107,2026-08-22,토,16:30,포장,OTW-T04,자몽 망고 요거트 타르트,타르트,1,9600,9600
OTW-260822-108,2026-08-22,토,16:31,매장,OTW-E03,흑임자&산딸기 에그타르트,에그타르트,1,5500,5500
OTW-260822-109,2026-08-22,토,16:31,포장,OTW-E03,흑임자&산딸기 에그타르트,에그타르트,1,5500,5500
OTW-260822-109,2026-08-22,토,16:31,포장,OTW-T01,옥수수 타르트,타르트,1,8500,8500
OTW-260822-110,2026-08-22,토,16:32,포장,OTW-T04,자몽 망고 요거트 타르트,타르트,1,9600,9600
OTW-260822-111,2026-08-22,토,16:34,포장,OTW-D01,옥수수 밀크티,음료,1,6500,6500
OTW-260822-112,2026-08-22,토,16:38,매장,OTW-T01,옥수수 타르트,타르트,1,8500,8500
OTW-260822-112,2026-08-22,토,16:38,매장,OTW-E04,피스타치오 에그타르트,에그타르트,1,5800,5800
OTW-260822-113,2026-08-22,토,16:41,포장,OTW-E02,강릉 감자&잠봉 에그타르트,에그타르트,2,5200,10400
OTW-260822-114,2026-08-22,토,16:42,포장,OTW-T01,옥수수 타르트,타르트,1,8500,8500
OTW-260822-115,2026-08-22,토,16:42,포장,OTW-E03,흑임자&산딸기 에그타르트,에그타르트,1,5500,5500
OTW-260822-116,2026-08-22,토,16:42,포장,OTW-E01,강릉 옥수수 에그타르트,에그타르트,1,4800,4800
OTW-260822-116,2026-08-22,토,16:42,포장,OTW-P01,아이스크림 파르페,디저트,1,8500,8500
OTW-260822-117,2026-08-22,토,16:42,매장,OTW-E01,강릉 옥수수 에그타르트,에그타르트,1,4800,4800
OTW-260822-117,2026-08-22,토,16:42,매장,OTW-E02,강릉 감자&잠봉 에그타르트,에그타르트,1,5200,5200
OTW-260822-118,2026-08-22,토,16:45,포장,OTW-E01,강릉 옥수수 에그타르트,에그타르트,1,4800,4800
OTW-260822-119,2026-08-22,토,16:46,매장,OTW-E02,강릉 감자&잠봉 에그타르트,에그타르트,2,5200,10400
OTW-260822-119,2026-08-22,토,16:46,매장,OTW-T02,보늬밤 타르트,타르트,1,8500,8500
OTW-260822-120,2026-08-22,토,16:48,포장,OTW-T04,자몽 망고 요거트 타르트,타르트,2,9600,19200
OTW-260822-120,2026-08-22,토,16:48,포장,OTW-E01,강릉 옥수수 에그타르트,에그타르트,1,4800,4800
OTW-260822-121,2026-08-22,토,16:53,매장,OTW-E04,피스타치오 에그타르트,에그타르트,1,5800,5800
OTW-260822-121,2026-08-22,토,16:53,매장,OTW-E02,강릉 감자&잠봉 에그타르트,에그타르트,1,5200,5200
OTW-260822-121,2026-08-22,토,16:53,매장,OTW-T04,자몽 망고 요거트 타르트,타르트,2,9600,19200
OTW-260822-122,2026-08-22,토,16:54,매장,OTW-T02,보늬밤 타르트,타르트,1,8500,8500
OTW-260822-123,2026-08-22,토,16:57,매장,OTW-E01,강릉 옥수수 에그타르트,에그타르트,2,4800,9600
OTW-260822-123,2026-08-22,토,16:57,매장,OTW-T01,옥수수 타르트,타르트,1,8500,8500
OTW-260822-123,2026-08-22,토,16:57,매장,OTW-D01,옥수수 밀크티,음료,1,6500,6500
OTW-260822-124,2026-08-22,토,16:59,포장,OTW-E02,강릉 감자&잠봉 에그타르트,에그타르트,1,5200,5200
OTW-260823-001,2026-08-23,일,12:07,포장,OTW-T03,말차 타르트,타르트,1,9100,9100
OTW-260823-002,2026-08-23,일,12:10,포장,OTW-E01,강릉 옥수수 에그타르트,에그타르트,1,4800,4800
OTW-260823-003,2026-08-23,일,12:16,포장,OTW-T01,옥수수 타르트,타르트,1,8500,8500
OTW-260823-004,2026-08-23,일,12:20,매장,OTW-E02,강릉 감자&잠봉 에그타르트,에그타르트,1,5200,5200
OTW-260823-005,2026-08-23,일,12:25,포장,OTW-E01,강릉 옥수수 에그타르트,에그타르트,1,4800,4800
OTW-260823-006,2026-08-23,일,12:27,포장,OTW-E01,강릉 옥수수 에그타르트,에그타르트,1,4800,4800
OTW-260823-007,2026-08-23,일,12:27,포장,OTW-E03,흑임자&산딸기 에그타르트,에그타르트,1,5500,5500
OTW-260823-007,2026-08-23,일,12:27,포장,OTW-T02,보늬밤 타르트,타르트,1,8500,8500
OTW-260823-008,2026-08-23,일,12:28,매장,OTW-E03,흑임자&산딸기 에그타르트,에그타르트,1,5500,5500
OTW-260823-009,2026-08-23,일,12:34,매장,OTW-D01,옥수수 밀크티,음료,1,6500,6500
OTW-260823-010,2026-08-23,일,12:35,포장,OTW-T01,옥수수 타르트,타르트,1,8500,8500
OTW-260823-010,2026-08-23,일,12:35,포장,OTW-D01,옥수수 밀크티,음료,1,6500,6500
OTW-260823-011,2026-08-23,일,12:43,매장,OTW-C01,오프더월 x 풀노리 옥수수 아이스크림,협업상품,1,6500,6500
OTW-260823-011,2026-08-23,일,12:43,매장,OTW-E02,강릉 감자&잠봉 에그타르트,에그타르트,1,5200,5200
OTW-260823-011,2026-08-23,일,12:43,매장,OTW-T01,옥수수 타르트,타르트,1,8500,8500
OTW-260823-012,2026-08-23,일,12:44,포장,OTW-D01,옥수수 밀크티,음료,1,6500,6500
OTW-260823-012,2026-08-23,일,12:44,포장,OTW-E01,강릉 옥수수 에그타르트,에그타르트,1,4800,4800
OTW-260823-013,2026-08-23,일,12:49,매장,OTW-D01,옥수수 밀크티,음료,1,6500,6500
OTW-260823-013,2026-08-23,일,12:49,매장,OTW-E01,강릉 옥수수 에그타르트,에그타르트,1,4800,4800
OTW-260823-014,2026-08-23,일,12:51,포장,OTW-E01,강릉 옥수수 에그타르트,에그타르트,1,4800,4800
OTW-260823-014,2026-08-23,일,12:51,포장,OTW-E01,강릉 옥수수 에그타르트,에그타르트,1,4800,4800
OTW-260823-015,2026-08-23,일,12:52,포장,OTW-T01,옥수수 타르트,타르트,2,8500,17000
OTW-260823-015,2026-08-23,일,12:52,포장,OTW-D01,옥수수 밀크티,음료,1,6500,6500
OTW-260823-016,2026-08-23,일,12:52,포장,OTW-T02,보늬밤 타르트,타르트,1,8500,8500
OTW-260823-017,2026-08-23,일,12:54,포장,OTW-D01,옥수수 밀크티,음료,1,6500,6500
OTW-260823-018,2026-08-23,일,12:54,포장,OTW-E02,강릉 감자&잠봉 에그타르트,에그타르트,1,5200,5200
OTW-260823-019,2026-08-23,일,13:04,포장,OTW-E02,강릉 감자&잠봉 에그타르트,에그타르트,1,5200,5200
OTW-260823-019,2026-08-23,일,13:04,포장,OTW-P01,아이스크림 파르페,디저트,1,8500,8500
OTW-260823-020,2026-08-23,일,13:04,매장,OTW-C01,오프더월 x 풀노리 옥수수 아이스크림,협업상품,1,6500,6500
OTW-260823-020,2026-08-23,일,13:04,매장,OTW-T01,옥수수 타르트,타르트,2,8500,17000
OTW-260823-021,2026-08-23,일,13:05,포장,OTW-D01,옥수수 밀크티,음료,1,6500,6500
OTW-260823-021,2026-08-23,일,13:05,포장,OTW-E01,강릉 옥수수 에그타르트,에그타르트,1,4800,4800
OTW-260823-022,2026-08-23,일,13:06,매장,OTW-D01,옥수수 밀크티,음료,1,6500,6500
OTW-260823-022,2026-08-23,일,13:06,매장,OTW-C01,오프더월 x 풀노리 옥수수 아이스크림,협업상품,1,6500,6500
OTW-260823-022,2026-08-23,일,13:06,매장,OTW-E01,강릉 옥수수 에그타르트,에그타르트,1,4800,4800
OTW-260823-023,2026-08-23,일,13:08,매장,OTW-T01,옥수수 타르트,타르트,2,8500,17000
OTW-260823-024,2026-08-23,일,13:15,매장,OTW-P01,아이스크림 파르페,디저트,1,8500,8500
OTW-260823-025,2026-08-23,일,13:16,포장,OTW-D01,옥수수 밀크티,음료,1,6500,6500
OTW-260823-025,2026-08-23,일,13:16,포장,OTW-T01,옥수수 타르트,타르트,1,8500,8500
OTW-260823-026,2026-08-23,일,13:18,포장,OTW-E01,강릉 옥수수 에그타르트,에그타르트,1,4800,4800
OTW-260823-026,2026-08-23,일,13:18,포장,OTW-P01,아이스크림 파르페,디저트,2,8500,17000
OTW-260823-027,2026-08-23,일,13:20,포장,OTW-E02,강릉 감자&잠봉 에그타르트,에그타르트,1,5200,5200
OTW-260823-027,2026-08-23,일,13:20,포장,OTW-E02,강릉 감자&잠봉 에그타르트,에그타르트,1,5200,5200
OTW-260823-027,2026-08-23,일,13:20,포장,OTW-C01,오프더월 x 풀노리 옥수수 아이스크림,협업상품,1,6500,6500
OTW-260823-028,2026-08-23,일,13:21,포장,OTW-T01,옥수수 타르트,타르트,1,8500,8500
OTW-260823-029,2026-08-23,일,13:21,포장,OTW-C01,오프더월 x 풀노리 옥수수 아이스크림,협업상품,1,6500,6500
OTW-260823-029,2026-08-23,일,13:21,포장,OTW-C01,오프더월 x 풀노리 옥수수 아이스크림,협업상품,2,6500,13000
OTW-260823-029,2026-08-23,일,13:21,포장,OTW-T01,옥수수 타르트,타르트,1,8500,8500
OTW-260823-030,2026-08-23,일,13:23,포장,OTW-C01,오프더월 x 풀노리 옥수수 아이스크림,협업상품,1,6500,6500
OTW-260823-031,2026-08-23,일,13:27,매장,OTW-E02,강릉 감자&잠봉 에그타르트,에그타르트,1,5200,5200
OTW-260823-032,2026-08-23,일,13:30,매장,OTW-E02,강릉 감자&잠봉 에그타르트,에그타르트,2,5200,10400
OTW-260823-033,2026-08-23,일,13:30,포장,OTW-E01,강릉 옥수수 에그타르트,에그타르트,1,4800,4800
OTW-260823-033,2026-08-23,일,13:30,포장,OTW-P01,아이스크림 파르페,디저트,1,8500,8500
OTW-260823-034,2026-08-23,일,13:33,매장,OTW-E02,강릉 감자&잠봉 에그타르트,에그타르트,1,5200,5200
OTW-260823-035,2026-08-23,일,13:41,매장,OTW-E02,강릉 감자&잠봉 에그타르트,에그타르트,2,5200,10400
OTW-260823-035,2026-08-23,일,13:41,매장,OTW-E04,피스타치오 에그타르트,에그타르트,1,5800,5800
OTW-260823-035,2026-08-23,일,13:41,매장,OTW-D01,옥수수 밀크티,음료,1,6500,6500
OTW-260823-036,2026-08-23,일,13:41,매장,OTW-C01,오프더월 x 풀노리 옥수수 아이스크림,협업상품,1,6500,6500
OTW-260823-036,2026-08-23,일,13:41,매장,OTW-D01,옥수수 밀크티,음료,1,6500,6500
OTW-260823-037,2026-08-23,일,13:50,포장,OTW-D01,옥수수 밀크티,음료,1,6500,6500
OTW-260823-037,2026-08-23,일,13:50,포장,OTW-T04,자몽 망고 요거트 타르트,타르트,1,9600,9600
OTW-260823-037,2026-08-23,일,13:50,포장,OTW-T03,말차 타르트,타르트,1,9100,9100
OTW-260823-038,2026-08-23,일,13:52,포장,OTW-T03,말차 타르트,타르트,1,9100,9100
OTW-260823-038,2026-08-23,일,13:52,포장,OTW-C01,오프더월 x 풀노리 옥수수 아이스크림,협업상품,1,6500,6500
OTW-260823-039,2026-08-23,일,13:54,포장,OTW-C01,오프더월 x 풀노리 옥수수 아이스크림,협업상품,1,6500,6500
OTW-260823-040,2026-08-23,일,13:57,매장,OTW-P01,아이스크림 파르페,디저트,1,8500,8500
OTW-260823-041,2026-08-23,일,13:59,포장,OTW-C01,오프더월 x 풀노리 옥수수 아이스크림,협업상품,1,6500,6500
OTW-260823-042,2026-08-23,일,13:59,매장,OTW-E02,강릉 감자&잠봉 에그타르트,에그타르트,1,5200,5200
OTW-260823-043,2026-08-23,일,14:01,포장,OTW-E02,강릉 감자&잠봉 에그타르트,에그타르트,1,5200,5200
OTW-260823-043,2026-08-23,일,14:01,포장,OTW-E02,강릉 감자&잠봉 에그타르트,에그타르트,1,5200,5200
OTW-260823-044,2026-08-23,일,14:01,포장,OTW-T01,옥수수 타르트,타르트,1,8500,8500
OTW-260823-045,2026-08-23,일,14:03,포장,OTW-D01,옥수수 밀크티,음료,1,6500,6500
OTW-260823-046,2026-08-23,일,14:03,포장,OTW-T02,보늬밤 타르트,타르트,1,8500,8500
OTW-260823-046,2026-08-23,일,14:03,포장,OTW-D01,옥수수 밀크티,음료,1,6500,6500
OTW-260823-047,2026-08-23,일,14:05,포장,OTW-C01,오프더월 x 풀노리 옥수수 아이스크림,협업상품,1,6500,6500
OTW-260823-048,2026-08-23,일,14:19,매장,OTW-C01,오프더월 x 풀노리 옥수수 아이스크림,협업상품,1,6500,6500
OTW-260823-048,2026-08-23,일,14:19,매장,OTW-C01,오프더월 x 풀노리 옥수수 아이스크림,협업상품,2,6500,13000
OTW-260823-049,2026-08-23,일,14:20,포장,OTW-T02,보늬밤 타르트,타르트,2,8500,17000
OTW-260823-050,2026-08-23,일,14:22,포장,OTW-T02,보늬밤 타르트,타르트,1,8500,8500
OTW-260823-051,2026-08-23,일,14:27,포장,OTW-C01,오프더월 x 풀노리 옥수수 아이스크림,협업상품,1,6500,6500
OTW-260823-051,2026-08-23,일,14:27,포장,OTW-E01,강릉 옥수수 에그타르트,에그타르트,1,4800,4800
OTW-260823-052,2026-08-23,일,14:28,포장,OTW-T01,옥수수 타르트,타르트,1,8500,8500
OTW-260823-052,2026-08-23,일,14:28,포장,OTW-E03,흑임자&산딸기 에그타르트,에그타르트,1,5500,5500
OTW-260823-053,2026-08-23,일,14:28,포장,OTW-E01,강릉 옥수수 에그타르트,에그타르트,1,4800,4800
OTW-260823-053,2026-08-23,일,14:28,포장,OTW-C01,오프더월 x 풀노리 옥수수 아이스크림,협업상품,1,6500,6500
OTW-260823-054,2026-08-23,일,14:29,매장,OTW-D01,옥수수 밀크티,음료,1,6500,6500
OTW-260823-055,2026-08-23,일,14:43,포장,OTW-E02,강릉 감자&잠봉 에그타르트,에그타르트,2,5200,10400
OTW-260823-055,2026-08-23,일,14:43,포장,OTW-C01,오프더월 x 풀노리 옥수수 아이스크림,협업상품,1,6500,6500
OTW-260823-055,2026-08-23,일,14:43,포장,OTW-T01,옥수수 타르트,타르트,2,8500,17000
OTW-260823-056,2026-08-23,일,14:44,매장,OTW-C01,오프더월 x 풀노리 옥수수 아이스크림,협업상품,1,6500,6500
OTW-260823-057,2026-08-23,일,14:47,포장,OTW-E03,흑임자&산딸기 에그타르트,에그타르트,1,5500,5500
OTW-260823-058,2026-08-23,일,14:53,포장,OTW-E01,강릉 옥수수 에그타르트,에그타르트,1,4800,4800
OTW-260823-059,2026-08-23,일,14:54,포장,OTW-C01,오프더월 x 풀노리 옥수수 아이스크림,협업상품,1,6500,6500
OTW-260823-060,2026-08-23,일,14:55,포장,OTW-D01,옥수수 밀크티,음료,1,6500,6500
OTW-260823-061,2026-08-23,일,14:57,매장,OTW-C01,오프더월 x 풀노리 옥수수 아이스크림,협업상품,1,6500,6500
OTW-260823-061,2026-08-23,일,14:57,매장,OTW-E03,흑임자&산딸기 에그타르트,에그타르트,1,5500,5500
OTW-260823-062,2026-08-23,일,15:00,포장,OTW-E01,강릉 옥수수 에그타르트,에그타르트,1,4800,4800
OTW-260823-062,2026-08-23,일,15:00,포장,OTW-T01,옥수수 타르트,타르트,1,8500,8500
OTW-260823-063,2026-08-23,일,15:00,포장,OTW-P01,아이스크림 파르페,디저트,1,8500,8500
OTW-260823-063,2026-08-23,일,15:00,포장,OTW-E04,피스타치오 에그타르트,에그타르트,1,5800,5800
OTW-260823-064,2026-08-23,일,15:02,포장,OTW-E02,강릉 감자&잠봉 에그타르트,에그타르트,1,5200,5200
OTW-260823-065,2026-08-23,일,15:06,매장,OTW-T03,말차 타르트,타르트,2,9100,18200
OTW-260823-065,2026-08-23,일,15:06,매장,OTW-T01,옥수수 타르트,타르트,2,8500,17000
OTW-260823-066,2026-08-23,일,15:13,포장,OTW-D01,옥수수 밀크티,음료,1,6500,6500
OTW-260823-066,2026-08-23,일,15:13,포장,OTW-D01,옥수수 밀크티,음료,1,6500,6500
OTW-260823-067,2026-08-23,일,15:13,포장,OTW-D01,옥수수 밀크티,음료,1,6500,6500
OTW-260823-067,2026-08-23,일,15:13,포장,OTW-T03,말차 타르트,타르트,1,9100,9100
OTW-260823-068,2026-08-23,일,15:14,매장,OTW-E01,강릉 옥수수 에그타르트,에그타르트,1,4800,4800
OTW-260823-069,2026-08-23,일,15:18,포장,OTW-E03,흑임자&산딸기 에그타르트,에그타르트,1,5500,5500
OTW-260823-070,2026-08-23,일,15:20,포장,OTW-E02,강릉 감자&잠봉 에그타르트,에그타르트,1,5200,5200
OTW-260823-070,2026-08-23,일,15:20,포장,OTW-D01,옥수수 밀크티,음료,1,6500,6500
OTW-260823-071,2026-08-23,일,15:22,포장,OTW-T01,옥수수 타르트,타르트,2,8500,17000
OTW-260823-072,2026-08-23,일,15:23,포장,OTW-P01,아이스크림 파르페,디저트,1,8500,8500
OTW-260823-072,2026-08-23,일,15:23,포장,OTW-T04,자몽 망고 요거트 타르트,타르트,1,9600,9600
OTW-260823-073,2026-08-23,일,15:25,매장,OTW-T03,말차 타르트,타르트,1,9100,9100
OTW-260823-074,2026-08-23,일,15:26,포장,OTW-T01,옥수수 타르트,타르트,1,8500,8500
OTW-260823-074,2026-08-23,일,15:26,포장,OTW-E02,강릉 감자&잠봉 에그타르트,에그타르트,2,5200,10400
OTW-260823-075,2026-08-23,일,15:30,매장,OTW-E04,피스타치오 에그타르트,에그타르트,1,5800,5800
OTW-260823-076,2026-08-23,일,15:30,포장,OTW-D01,옥수수 밀크티,음료,2,6500,13000
OTW-260823-077,2026-08-23,일,15:30,포장,OTW-D01,옥수수 밀크티,음료,1,6500,6500
OTW-260823-078,2026-08-23,일,15:33,포장,OTW-T02,보늬밤 타르트,타르트,1,8500,8500
OTW-260823-078,2026-08-23,일,15:33,포장,OTW-E02,강릉 감자&잠봉 에그타르트,에그타르트,1,5200,5200
OTW-260823-078,2026-08-23,일,15:33,포장,OTW-E01,강릉 옥수수 에그타르트,에그타르트,1,4800,4800
OTW-260823-079,2026-08-23,일,15:33,포장,OTW-E01,강릉 옥수수 에그타르트,에그타르트,2,4800,9600
OTW-260823-080,2026-08-23,일,15:35,포장,OTW-D01,옥수수 밀크티,음료,1,6500,6500
OTW-260823-080,2026-08-23,일,15:35,포장,OTW-D01,옥수수 밀크티,음료,1,6500,6500
OTW-260823-081,2026-08-23,일,15:49,포장,OTW-E01,강릉 옥수수 에그타르트,에그타르트,1,4800,4800
OTW-260823-081,2026-08-23,일,15:49,포장,OTW-E01,강릉 옥수수 에그타르트,에그타르트,1,4800,4800
OTW-260823-082,2026-08-23,일,15:52,포장,OTW-E02,강릉 감자&잠봉 에그타르트,에그타르트,1,5200,5200
OTW-260823-082,2026-08-23,일,15:52,포장,OTW-T03,말차 타르트,타르트,1,9100,9100
OTW-260823-083,2026-08-23,일,15:56,포장,OTW-E02,강릉 감자&잠봉 에그타르트,에그타르트,2,5200,10400
OTW-260823-083,2026-08-23,일,15:56,포장,OTW-E01,강릉 옥수수 에그타르트,에그타르트,1,4800,4800
OTW-260823-084,2026-08-23,일,15:57,포장,OTW-E01,강릉 옥수수 에그타르트,에그타르트,1,4800,4800
OTW-260823-085,2026-08-23,일,16:00,매장,OTW-E03,흑임자&산딸기 에그타르트,에그타르트,1,5500,5500
OTW-260823-085,2026-08-23,일,16:00,매장,OTW-D01,옥수수 밀크티,음료,1,6500,6500
OTW-260823-086,2026-08-23,일,16:04,매장,OTW-E01,강릉 옥수수 에그타르트,에그타르트,1,4800,4800
OTW-260823-086,2026-08-23,일,16:04,매장,OTW-E01,강릉 옥수수 에그타르트,에그타르트,1,4800,4800
OTW-260823-087,2026-08-23,일,16:06,포장,OTW-E01,강릉 옥수수 에그타르트,에그타르트,1,4800,4800
OTW-260823-087,2026-08-23,일,16:06,포장,OTW-E04,피스타치오 에그타르트,에그타르트,1,5800,5800
OTW-260823-087,2026-08-23,일,16:06,포장,OTW-T02,보늬밤 타르트,타르트,1,8500,8500
OTW-260823-088,2026-08-23,일,16:06,포장,OTW-D01,옥수수 밀크티,음료,1,6500,6500
OTW-260823-088,2026-08-23,일,16:06,포장,OTW-E03,흑임자&산딸기 에그타르트,에그타르트,1,5500,5500
OTW-260823-089,2026-08-23,일,16:07,매장,OTW-E02,강릉 감자&잠봉 에그타르트,에그타르트,1,5200,5200
OTW-260823-089,2026-08-23,일,16:07,매장,OTW-D01,옥수수 밀크티,음료,1,6500,6500
OTW-260823-089,2026-08-23,일,16:07,매장,OTW-E01,강릉 옥수수 에그타르트,에그타르트,1,4800,4800
OTW-260823-090,2026-08-23,일,16:08,매장,OTW-E03,흑임자&산딸기 에그타르트,에그타르트,1,5500,5500
OTW-260823-090,2026-08-23,일,16:08,매장,OTW-E01,강릉 옥수수 에그타르트,에그타르트,1,4800,4800
OTW-260823-091,2026-08-23,일,16:08,매장,OTW-T01,옥수수 타르트,타르트,1,8500,8500
OTW-260823-091,2026-08-23,일,16:08,매장,OTW-T02,보늬밤 타르트,타르트,1,8500,8500
OTW-260823-092,2026-08-23,일,16:09,포장,OTW-E01,강릉 옥수수 에그타르트,에그타르트,1,4800,4800
OTW-260823-093,2026-08-23,일,16:14,포장,OTW-P01,아이스크림 파르페,디저트,1,8500,8500
OTW-260823-094,2026-08-23,일,16:15,포장,OTW-P01,아이스크림 파르페,디저트,1,8500,8500
OTW-260823-094,2026-08-23,일,16:15,포장,OTW-E01,강릉 옥수수 에그타르트,에그타르트,1,4800,4800
OTW-260823-094,2026-08-23,일,16:15,포장,OTW-E01,강릉 옥수수 에그타르트,에그타르트,1,4800,4800
OTW-260823-095,2026-08-23,일,16:17,매장,OTW-E02,강릉 감자&잠봉 에그타르트,에그타르트,1,5200,5200
OTW-260823-095,2026-08-23,일,16:17,매장,OTW-E01,강릉 옥수수 에그타르트,에그타르트,1,4800,4800
OTW-260823-096,2026-08-23,일,16:18,포장,OTW-E01,강릉 옥수수 에그타르트,에그타르트,1,4800,4800
OTW-260823-097,2026-08-23,일,16:32,매장,OTW-E02,강릉 감자&잠봉 에그타르트,에그타르트,1,5200,5200
OTW-260823-097,2026-08-23,일,16:32,매장,OTW-E02,강릉 감자&잠봉 에그타르트,에그타르트,2,5200,10400
OTW-260823-097,2026-08-23,일,16:32,매장,OTW-E01,강릉 옥수수 에그타르트,에그타르트,1,4800,4800
OTW-260823-098,2026-08-23,일,16:33,포장,OTW-E04,피스타치오 에그타르트,에그타르트,1,5800,5800
OTW-260823-099,2026-08-23,일,16:45,매장,OTW-E04,피스타치오 에그타르트,에그타르트,1,5800,5800
OTW-260823-100,2026-08-23,일,16:49,포장,OTW-E03,흑임자&산딸기 에그타르트,에그타르트,1,5500,5500
OTW-260823-100,2026-08-23,일,16:49,포장,OTW-E03,흑임자&산딸기 에그타르트,에그타르트,1,5500,5500
OTW-260823-101,2026-08-23,일,16:51,포장,OTW-E04,피스타치오 에그타르트,에그타르트,2,5800,11600
OTW-260823-102,2026-08-23,일,16:57,포장,OTW-E01,강릉 옥수수 에그타르트,에그타르트,1,4800,4800
OTW-260823-103,2026-08-23,일,16:57,포장,OTW-T01,옥수수 타르트,타르트,1,8500,8500
OTW-260823-104,2026-08-23,일,17:04,포장,OTW-P01,아이스크림 파르페,디저트,1,8500,8500
OTW-260823-105,2026-08-23,일,17:04,포장,OTW-E02,강릉 감자&잠봉 에그타르트,에그타르트,1,5200,5200
OTW-260823-105,2026-08-23,일,17:04,포장,OTW-E04,피스타치오 에그타르트,에그타르트,1,5800,5800
OTW-260823-106,2026-08-23,일,17:13,매장,OTW-E01,강릉 옥수수 에그타르트,에그타르트,1,4800,4800
OTW-260823-107,2026-08-23,일,17:15,매장,OTW-E01,강릉 옥수수 에그타르트,에그타르트,1,4800,4800
OTW-260823-108,2026-08-23,일,17:18,매장,OTW-E02,강릉 감자&잠봉 에그타르트,에그타르트,1,5200,5200
OTW-260823-109,2026-08-23,일,17:22,포장,OTW-T01,옥수수 타르트,타르트,1,8500,8500
OTW-260823-110,2026-08-23,일,17:24,포장,OTW-E03,흑임자&산딸기 에그타르트,에그타르트,2,5500,11000
OTW-260823-111,2026-08-23,일,17:25,포장,OTW-D01,옥수수 밀크티,음료,1,6500,6500
OTW-260823-112,2026-08-23,일,17:26,매장,OTW-E01,강릉 옥수수 에그타르트,에그타르트,1,4800,4800
OTW-260823-113,2026-08-23,일,17:29,포장,OTW-T02,보늬밤 타르트,타르트,1,8500,8500
OTW-260823-113,2026-08-23,일,17:29,포장,OTW-E01,강릉 옥수수 에그타르트,에그타르트,1,4800,4800
OTW-260824-001,2026-08-24,월,12:01,포장,OTW-C01,오프더월 x 풀노리 옥수수 아이스크림,협업상품,1,6500,6500
OTW-260824-002,2026-08-24,월,12:11,포장,OTW-C01,오프더월 x 풀노리 옥수수 아이스크림,협업상품,2,6500,13000
OTW-260824-002,2026-08-24,월,12:11,포장,OTW-E01,강릉 옥수수 에그타르트,에그타르트,1,4800,4800
OTW-260824-003,2026-08-24,월,12:14,포장,OTW-E04,피스타치오 에그타르트,에그타르트,1,5800,5800
OTW-260824-003,2026-08-24,월,12:14,포장,OTW-C01,오프더월 x 풀노리 옥수수 아이스크림,협업상품,1,6500,6500
OTW-260824-004,2026-08-24,월,12:14,포장,OTW-C01,오프더월 x 풀노리 옥수수 아이스크림,협업상품,2,6500,13000
OTW-260824-004,2026-08-24,월,12:14,포장,OTW-E01,강릉 옥수수 에그타르트,에그타르트,2,4800,9600
OTW-260824-005,2026-08-24,월,12:27,포장,OTW-T01,옥수수 타르트,타르트,1,8500,8500
OTW-260824-005,2026-08-24,월,12:27,포장,OTW-C01,오프더월 x 풀노리 옥수수 아이스크림,협업상품,1,6500,6500
OTW-260824-005,2026-08-24,월,12:27,포장,OTW-E02,강릉 감자&잠봉 에그타르트,에그타르트,1,5200,5200
OTW-260824-006,2026-08-24,월,12:38,포장,OTW-T04,자몽 망고 요거트 타르트,타르트,1,9600,9600
OTW-260824-006,2026-08-24,월,12:38,포장,OTW-T01,옥수수 타르트,타르트,1,8500,8500
OTW-260824-007,2026-08-24,월,12:38,포장,OTW-P01,아이스크림 파르페,디저트,1,8500,8500
OTW-260824-008,2026-08-24,월,12:45,포장,OTW-D01,옥수수 밀크티,음료,1,6500,6500
OTW-260824-008,2026-08-24,월,12:45,포장,OTW-D01,옥수수 밀크티,음료,1,6500,6500
OTW-260824-009,2026-08-24,월,12:45,포장,OTW-E01,강릉 옥수수 에그타르트,에그타르트,1,4800,4800
OTW-260824-009,2026-08-24,월,12:45,포장,OTW-T02,보늬밤 타르트,타르트,1,8500,8500
OTW-260824-010,2026-08-24,월,12:45,포장,OTW-D01,옥수수 밀크티,음료,1,6500,6500
OTW-260824-010,2026-08-24,월,12:45,포장,OTW-T01,옥수수 타르트,타르트,1,8500,8500
OTW-260824-011,2026-08-24,월,12:47,포장,OTW-E01,강릉 옥수수 에그타르트,에그타르트,1,4800,4800
OTW-260824-012,2026-08-24,월,13:31,매장,OTW-C01,오프더월 x 풀노리 옥수수 아이스크림,협업상품,1,6500,6500
OTW-260824-013,2026-08-24,월,13:33,매장,OTW-D01,옥수수 밀크티,음료,1,6500,6500
OTW-260824-014,2026-08-24,월,13:36,매장,OTW-E02,강릉 감자&잠봉 에그타르트,에그타르트,1,5200,5200
OTW-260824-015,2026-08-24,월,13:37,매장,OTW-T03,말차 타르트,타르트,1,9100,9100
OTW-260824-016,2026-08-24,월,13:39,포장,OTW-C01,오프더월 x 풀노리 옥수수 아이스크림,협업상품,1,6500,6500
OTW-260824-016,2026-08-24,월,13:39,포장,OTW-D01,옥수수 밀크티,음료,1,6500,6500
OTW-260824-017,2026-08-24,월,13:44,포장,OTW-E03,흑임자&산딸기 에그타르트,에그타르트,1,5500,5500
OTW-260824-017,2026-08-24,월,13:44,포장,OTW-E04,피스타치오 에그타르트,에그타르트,1,5800,5800
OTW-260824-018,2026-08-24,월,13:47,매장,OTW-D01,옥수수 밀크티,음료,1,6500,6500
OTW-260824-018,2026-08-24,월,13:47,매장,OTW-E01,강릉 옥수수 에그타르트,에그타르트,1,4800,4800
OTW-260824-019,2026-08-24,월,13:49,포장,OTW-T02,보늬밤 타르트,타르트,1,8500,8500
OTW-260824-020,2026-08-24,월,13:50,포장,OTW-E03,흑임자&산딸기 에그타르트,에그타르트,1,5500,5500
OTW-260824-021,2026-08-24,월,13:52,포장,OTW-P01,아이스크림 파르페,디저트,1,8500,8500
OTW-260824-022,2026-08-24,월,13:54,포장,OTW-E02,강릉 감자&잠봉 에그타르트,에그타르트,2,5200,10400
OTW-260824-023,2026-08-24,월,14:02,매장,OTW-T03,말차 타르트,타르트,1,9100,9100
OTW-260824-024,2026-08-24,월,14:03,포장,OTW-E02,강릉 감자&잠봉 에그타르트,에그타르트,1,5200,5200
OTW-260824-025,2026-08-24,월,14:08,매장,OTW-T01,옥수수 타르트,타르트,1,8500,8500
OTW-260824-025,2026-08-24,월,14:08,매장,OTW-D01,옥수수 밀크티,음료,1,6500,6500
OTW-260824-026,2026-08-24,월,14:10,포장,OTW-T02,보늬밤 타르트,타르트,1,8500,8500
OTW-260824-027,2026-08-24,월,14:15,매장,OTW-T01,옥수수 타르트,타르트,1,8500,8500
OTW-260824-027,2026-08-24,월,14:15,매장,OTW-T03,말차 타르트,타르트,2,9100,18200
OTW-260824-027,2026-08-24,월,14:15,매장,OTW-E01,강릉 옥수수 에그타르트,에그타르트,1,4800,4800
OTW-260824-028,2026-08-24,월,14:16,포장,OTW-E01,강릉 옥수수 에그타르트,에그타르트,2,4800,9600
OTW-260824-028,2026-08-24,월,14:16,포장,OTW-E01,강릉 옥수수 에그타르트,에그타르트,1,4800,4800
OTW-260824-029,2026-08-24,월,14:24,포장,OTW-P01,아이스크림 파르페,디저트,1,8500,8500
OTW-260824-029,2026-08-24,월,14:24,포장,OTW-E01,강릉 옥수수 에그타르트,에그타르트,1,4800,4800
OTW-260824-030,2026-08-24,월,14:31,포장,OTW-T01,옥수수 타르트,타르트,1,8500,8500
OTW-260824-030,2026-08-24,월,14:31,포장,OTW-T03,말차 타르트,타르트,2,9100,18200
OTW-260824-031,2026-08-24,월,14:36,포장,OTW-E01,강릉 옥수수 에그타르트,에그타르트,2,4800,9600
OTW-260824-032,2026-08-24,월,14:43,포장,OTW-E03,흑임자&산딸기 에그타르트,에그타르트,2,5500,11000
OTW-260824-032,2026-08-24,월,14:43,포장,OTW-D01,옥수수 밀크티,음료,1,6500,6500
OTW-260824-033,2026-08-24,월,14:47,포장,OTW-E03,흑임자&산딸기 에그타르트,에그타르트,1,5500,5500
OTW-260824-034,2026-08-24,월,14:53,포장,OTW-E04,피스타치오 에그타르트,에그타르트,1,5800,5800
OTW-260824-034,2026-08-24,월,14:53,포장,OTW-E02,강릉 감자&잠봉 에그타르트,에그타르트,1,5200,5200
OTW-260824-035,2026-08-24,월,15:01,포장,OTW-E01,강릉 옥수수 에그타르트,에그타르트,1,4800,4800
OTW-260824-036,2026-08-24,월,15:05,매장,OTW-T04,자몽 망고 요거트 타르트,타르트,1,9600,9600
OTW-260824-036,2026-08-24,월,15:05,매장,OTW-E02,강릉 감자&잠봉 에그타르트,에그타르트,1,5200,5200
OTW-260824-037,2026-08-24,월,15:09,포장,OTW-E01,강릉 옥수수 에그타르트,에그타르트,2,4800,9600
OTW-260824-038,2026-08-24,월,15:10,포장,OTW-D01,옥수수 밀크티,음료,1,6500,6500
OTW-260824-038,2026-08-24,월,15:10,포장,OTW-T04,자몽 망고 요거트 타르트,타르트,1,9600,9600
OTW-260824-039,2026-08-24,월,15:23,포장,OTW-D01,옥수수 밀크티,음료,1,6500,6500
OTW-260824-040,2026-08-24,월,15:24,포장,OTW-T03,말차 타르트,타르트,1,9100,9100
OTW-260824-040,2026-08-24,월,15:24,포장,OTW-E02,강릉 감자&잠봉 에그타르트,에그타르트,1,5200,5200
OTW-260824-041,2026-08-24,월,15:36,포장,OTW-E01,강릉 옥수수 에그타르트,에그타르트,1,4800,4800
OTW-260824-041,2026-08-24,월,15:36,포장,OTW-E01,강릉 옥수수 에그타르트,에그타르트,1,4800,4800
OTW-260824-042,2026-08-24,월,15:36,매장,OTW-E02,강릉 감자&잠봉 에그타르트,에그타르트,1,5200,5200
OTW-260824-043,2026-08-24,월,15:38,매장,OTW-E02,강릉 감자&잠봉 에그타르트,에그타르트,1,5200,5200
OTW-260824-043,2026-08-24,월,15:38,매장,OTW-E01,강릉 옥수수 에그타르트,에그타르트,1,4800,4800
OTW-260824-044,2026-08-24,월,15:47,포장,OTW-D01,옥수수 밀크티,음료,1,6500,6500
OTW-260824-044,2026-08-24,월,15:47,포장,OTW-D01,옥수수 밀크티,음료,1,6500,6500
OTW-260824-044,2026-08-24,월,15:47,포장,OTW-D01,옥수수 밀크티,음료,1,6500,6500
OTW-260824-045,2026-08-24,월,15:55,포장,OTW-E01,강릉 옥수수 에그타르트,에그타르트,1,4800,4800
OTW-260824-046,2026-08-24,월,15:57,포장,OTW-T02,보늬밤 타르트,타르트,1,8500,8500
OTW-260824-046,2026-08-24,월,15:57,포장,OTW-E04,피스타치오 에그타르트,에그타르트,1,5800,5800
OTW-260824-046,2026-08-24,월,15:57,포장,OTW-E03,흑임자&산딸기 에그타르트,에그타르트,1,5500,5500
OTW-260824-047,2026-08-24,월,16:00,포장,OTW-D01,옥수수 밀크티,음료,2,6500,13000
OTW-260824-048,2026-08-24,월,16:13,매장,OTW-E02,강릉 감자&잠봉 에그타르트,에그타르트,1,5200,5200
OTW-260824-048,2026-08-24,월,16:13,매장,OTW-D01,옥수수 밀크티,음료,1,6500,6500
OTW-260824-048,2026-08-24,월,16:13,매장,OTW-E01,강릉 옥수수 에그타르트,에그타르트,1,4800,4800
OTW-260824-049,2026-08-24,월,16:14,포장,OTW-D01,옥수수 밀크티,음료,1,6500,6500
OTW-260824-050,2026-08-24,월,16:22,포장,OTW-E01,강릉 옥수수 에그타르트,에그타르트,2,4800,9600
OTW-260824-050,2026-08-24,월,16:22,포장,OTW-T01,옥수수 타르트,타르트,1,8500,8500
OTW-260824-051,2026-08-24,월,16:24,포장,OTW-E02,강릉 감자&잠봉 에그타르트,에그타르트,2,5200,10400
OTW-260824-052,2026-08-24,월,16:29,매장,OTW-E04,피스타치오 에그타르트,에그타르트,2,5800,11600
OTW-260824-053,2026-08-24,월,16:30,포장,OTW-E04,피스타치오 에그타르트,에그타르트,1,5800,5800
OTW-260824-053,2026-08-24,월,16:30,포장,OTW-E03,흑임자&산딸기 에그타르트,에그타르트,1,5500,5500
OTW-260824-053,2026-08-24,월,16:30,포장,OTW-E02,강릉 감자&잠봉 에그타르트,에그타르트,2,5200,10400
OTW-260824-054,2026-08-24,월,16:31,포장,OTW-D01,옥수수 밀크티,음료,1,6500,6500
OTW-260824-055,2026-08-24,월,16:34,매장,OTW-E02,강릉 감자&잠봉 에그타르트,에그타르트,1,5200,5200
OTW-260824-056,2026-08-24,월,16:38,매장,OTW-E02,강릉 감자&잠봉 에그타르트,에그타르트,2,5200,10400
OTW-260824-056,2026-08-24,월,16:38,매장,OTW-D01,옥수수 밀크티,음료,1,6500,6500
OTW-260824-056,2026-08-24,월,16:38,매장,OTW-D01,옥수수 밀크티,음료,1,6500,6500
OTW-260824-057,2026-08-24,월,16:40,매장,OTW-E04,피스타치오 에그타르트,에그타르트,1,5800,5800
OTW-260824-057,2026-08-24,월,16:40,매장,OTW-D01,옥수수 밀크티,음료,1,6500,6500
OTW-260824-058,2026-08-24,월,16:44,포장,OTW-T01,옥수수 타르트,타르트,1,8500,8500
OTW-260824-059,2026-08-24,월,16:49,포장,OTW-E04,피스타치오 에그타르트,에그타르트,1,5800,5800
OTW-260824-059,2026-08-24,월,16:49,포장,OTW-E04,피스타치오 에그타르트,에그타르트,1,5800,5800
OTW-260824-060,2026-08-24,월,16:52,포장,OTW-T02,보늬밤 타르트,타르트,1,8500,8500
OTW-260824-061,2026-08-24,월,16:54,포장,OTW-E01,강릉 옥수수 에그타르트,에그타르트,1,4800,4800
OTW-260824-062,2026-08-24,월,17:01,매장,OTW-T02,보늬밤 타르트,타르트,1,8500,8500
OTW-260824-063,2026-08-24,월,17:04,매장,OTW-T04,자몽 망고 요거트 타르트,타르트,2,9600,19200
OTW-260824-063,2026-08-24,월,17:04,매장,OTW-T03,말차 타르트,타르트,1,9100,9100
OTW-260824-064,2026-08-24,월,17:13,포장,OTW-E03,흑임자&산딸기 에그타르트,에그타르트,1,5500,5500
OTW-260824-065,2026-08-24,월,17:14,포장,OTW-E02,강릉 감자&잠봉 에그타르트,에그타르트,1,5200,5200
OTW-260824-066,2026-08-24,월,17:16,매장,OTW-P01,아이스크림 파르페,디저트,2,8500,17000
OTW-260824-067,2026-08-24,월,17:17,포장,OTW-E03,흑임자&산딸기 에그타르트,에그타르트,1,5500,5500
OTW-260824-067,2026-08-24,월,17:17,포장,OTW-E04,피스타치오 에그타르트,에그타르트,1,5800,5800
OTW-260824-068,2026-08-24,월,17:22,포장,OTW-D01,옥수수 밀크티,음료,2,6500,13000
OTW-260824-068,2026-08-24,월,17:22,포장,OTW-T04,자몽 망고 요거트 타르트,타르트,2,9600,19200
OTW-260824-069,2026-08-24,월,17:24,포장,OTW-T01,옥수수 타르트,타르트,1,8500,8500
OTW-260824-070,2026-08-24,월,17:26,포장,OTW-E04,피스타치오 에그타르트,에그타르트,1,5800,5800
OTW-260824-071,2026-08-24,월,17:27,포장,OTW-D01,옥수수 밀크티,음료,1,6500,6500
OTW-260824-071,2026-08-24,월,17:27,포장,OTW-E02,강릉 감자&잠봉 에그타르트,에그타르트,1,5200,5200
OTW-260827-001,2026-08-27,목,12:06,포장,OTW-E02,강릉 감자&잠봉 에그타르트,에그타르트,2,5200,10400
OTW-260827-002,2026-08-27,목,12:08,포장,OTW-E01,강릉 옥수수 에그타르트,에그타르트,1,4800,4800
OTW-260827-002,2026-08-27,목,12:08,포장,OTW-D01,옥수수 밀크티,음료,2,6500,13000
OTW-260827-003,2026-08-27,목,12:09,매장,OTW-C01,오프더월 x 풀노리 옥수수 아이스크림,협업상품,1,6500,6500
OTW-260827-004,2026-08-27,목,12:10,포장,OTW-T03,말차 타르트,타르트,1,9100,9100
OTW-260827-004,2026-08-27,목,12:10,포장,OTW-C01,오프더월 x 풀노리 옥수수 아이스크림,협업상품,1,6500,6500
OTW-260827-005,2026-08-27,목,12:12,포장,OTW-T02,보늬밤 타르트,타르트,1,8500,8500
OTW-260827-005,2026-08-27,목,12:12,포장,OTW-D01,옥수수 밀크티,음료,1,6500,6500
OTW-260827-006,2026-08-27,목,12:13,포장,OTW-C01,오프더월 x 풀노리 옥수수 아이스크림,협업상품,1,6500,6500
OTW-260827-006,2026-08-27,목,12:13,포장,OTW-D01,옥수수 밀크티,음료,2,6500,13000
OTW-260827-007,2026-08-27,목,12:14,포장,OTW-T01,옥수수 타르트,타르트,1,8500,8500
OTW-260827-008,2026-08-27,목,12:16,포장,OTW-P01,아이스크림 파르페,디저트,1,8500,8500
OTW-260827-008,2026-08-27,목,12:16,포장,OTW-E02,강릉 감자&잠봉 에그타르트,에그타르트,1,5200,5200
OTW-260827-009,2026-08-27,목,12:17,포장,OTW-E03,흑임자&산딸기 에그타르트,에그타르트,2,5500,11000
OTW-260827-009,2026-08-27,목,12:17,포장,OTW-C01,오프더월 x 풀노리 옥수수 아이스크림,협업상품,1,6500,6500
OTW-260827-010,2026-08-27,목,12:20,포장,OTW-C01,오프더월 x 풀노리 옥수수 아이스크림,협업상품,1,6500,6500
OTW-260827-011,2026-08-27,목,12:21,포장,OTW-T01,옥수수 타르트,타르트,1,8500,8500
OTW-260827-012,2026-08-27,목,12:32,매장,OTW-C01,오프더월 x 풀노리 옥수수 아이스크림,협업상품,1,6500,6500
OTW-260827-013,2026-08-27,목,12:33,매장,OTW-E02,강릉 감자&잠봉 에그타르트,에그타르트,1,5200,5200
OTW-260827-014,2026-08-27,목,12:33,매장,OTW-E01,강릉 옥수수 에그타르트,에그타르트,1,4800,4800
OTW-260827-015,2026-08-27,목,12:33,포장,OTW-E01,강릉 옥수수 에그타르트,에그타르트,1,4800,4800
OTW-260827-016,2026-08-27,목,12:39,포장,OTW-E04,피스타치오 에그타르트,에그타르트,1,5800,5800
OTW-260827-017,2026-08-27,목,12:41,포장,OTW-E04,피스타치오 에그타르트,에그타르트,1,5800,5800
OTW-260827-018,2026-08-27,목,12:42,포장,OTW-D01,옥수수 밀크티,음료,1,6500,6500
OTW-260827-019,2026-08-27,목,12:43,포장,OTW-E03,흑임자&산딸기 에그타르트,에그타르트,1,5500,5500
OTW-260827-019,2026-08-27,목,12:43,포장,OTW-E02,강릉 감자&잠봉 에그타르트,에그타르트,1,5200,5200
OTW-260827-019,2026-08-27,목,12:43,포장,OTW-E04,피스타치오 에그타르트,에그타르트,1,5800,5800
OTW-260827-020,2026-08-27,목,12:48,포장,OTW-D01,옥수수 밀크티,음료,1,6500,6500
OTW-260827-021,2026-08-27,목,12:48,매장,OTW-T02,보늬밤 타르트,타르트,1,8500,8500
OTW-260827-021,2026-08-27,목,12:48,매장,OTW-T02,보늬밤 타르트,타르트,1,8500,8500
OTW-260827-021,2026-08-27,목,12:48,매장,OTW-D01,옥수수 밀크티,음료,1,6500,6500
OTW-260827-022,2026-08-27,목,12:48,포장,OTW-P01,아이스크림 파르페,디저트,1,8500,8500
OTW-260827-023,2026-08-27,목,12:52,매장,OTW-T01,옥수수 타르트,타르트,1,8500,8500
OTW-260827-024,2026-08-27,목,12:55,포장,OTW-E03,흑임자&산딸기 에그타르트,에그타르트,2,5500,11000
OTW-260827-024,2026-08-27,목,12:55,포장,OTW-T02,보늬밤 타르트,타르트,1,8500,8500
OTW-260827-025,2026-08-27,목,12:59,포장,OTW-T01,옥수수 타르트,타르트,1,8500,8500
OTW-260827-026,2026-08-27,목,12:59,포장,OTW-E02,강릉 감자&잠봉 에그타르트,에그타르트,1,5200,5200
OTW-260827-026,2026-08-27,목,12:59,포장,OTW-T04,자몽 망고 요거트 타르트,타르트,1,9600,9600
OTW-260827-026,2026-08-27,목,12:59,포장,OTW-E02,강릉 감자&잠봉 에그타르트,에그타르트,1,5200,5200
OTW-260827-027,2026-08-27,목,13:01,포장,OTW-D01,옥수수 밀크티,음료,1,6500,6500
OTW-260827-027,2026-08-27,목,13:01,포장,OTW-E01,강릉 옥수수 에그타르트,에그타르트,1,4800,4800
OTW-260827-028,2026-08-27,목,13:02,포장,OTW-E02,강릉 감자&잠봉 에그타르트,에그타르트,1,5200,5200
OTW-260827-029,2026-08-27,목,13:04,포장,OTW-E02,강릉 감자&잠봉 에그타르트,에그타르트,1,5200,5200
OTW-260827-030,2026-08-27,목,13:06,포장,OTW-D01,옥수수 밀크티,음료,1,6500,6500
OTW-260827-031,2026-08-27,목,13:07,포장,OTW-E01,강릉 옥수수 에그타르트,에그타르트,2,4800,9600
OTW-260827-032,2026-08-27,목,13:12,포장,OTW-E01,강릉 옥수수 에그타르트,에그타르트,2,4800,9600
OTW-260827-032,2026-08-27,목,13:12,포장,OTW-D01,옥수수 밀크티,음료,1,6500,6500
OTW-260827-033,2026-08-27,목,13:17,매장,OTW-D01,옥수수 밀크티,음료,2,6500,13000
OTW-260827-033,2026-08-27,목,13:17,매장,OTW-E02,강릉 감자&잠봉 에그타르트,에그타르트,1,5200,5200
OTW-260827-033,2026-08-27,목,13:17,매장,OTW-E03,흑임자&산딸기 에그타르트,에그타르트,1,5500,5500
OTW-260827-034,2026-08-27,목,13:18,포장,OTW-D01,옥수수 밀크티,음료,1,6500,6500
OTW-260827-034,2026-08-27,목,13:18,포장,OTW-T03,말차 타르트,타르트,1,9100,9100
OTW-260827-035,2026-08-27,목,13:20,포장,OTW-D01,옥수수 밀크티,음료,1,6500,6500
OTW-260827-035,2026-08-27,목,13:20,포장,OTW-E01,강릉 옥수수 에그타르트,에그타르트,1,4800,4800
OTW-260827-036,2026-08-27,목,13:21,매장,OTW-T01,옥수수 타르트,타르트,1,8500,8500
OTW-260827-036,2026-08-27,목,13:21,매장,OTW-T04,자몽 망고 요거트 타르트,타르트,1,9600,9600
OTW-260827-036,2026-08-27,목,13:21,매장,OTW-T03,말차 타르트,타르트,1,9100,9100
OTW-260827-037,2026-08-27,목,13:25,매장,OTW-E02,강릉 감자&잠봉 에그타르트,에그타르트,1,5200,5200
OTW-260827-038,2026-08-27,목,13:26,포장,OTW-P01,아이스크림 파르페,디저트,1,8500,8500
OTW-260827-039,2026-08-27,목,13:38,포장,OTW-T01,옥수수 타르트,타르트,2,8500,17000
OTW-260827-040,2026-08-27,목,13:41,포장,OTW-E02,강릉 감자&잠봉 에그타르트,에그타르트,1,5200,5200
OTW-260827-041,2026-08-27,목,13:42,포장,OTW-E02,강릉 감자&잠봉 에그타르트,에그타르트,1,5200,5200
OTW-260827-041,2026-08-27,목,13:42,포장,OTW-D01,옥수수 밀크티,음료,1,6500,6500
OTW-260827-041,2026-08-27,목,13:42,포장,OTW-D01,옥수수 밀크티,음료,1,6500,6500
OTW-260827-042,2026-08-27,목,13:43,매장,OTW-E02,강릉 감자&잠봉 에그타르트,에그타르트,1,5200,5200
OTW-260827-043,2026-08-27,목,13:45,포장,OTW-T02,보늬밤 타르트,타르트,1,8500,8500
OTW-260827-044,2026-08-27,목,13:45,매장,OTW-E03,흑임자&산딸기 에그타르트,에그타르트,2,5500,11000
OTW-260827-044,2026-08-27,목,13:45,매장,OTW-E02,강릉 감자&잠봉 에그타르트,에그타르트,1,5200,5200
OTW-260827-045,2026-08-27,목,13:50,포장,OTW-P01,아이스크림 파르페,디저트,2,8500,17000
OTW-260827-046,2026-08-27,목,13:52,포장,OTW-E02,강릉 감자&잠봉 에그타르트,에그타르트,1,5200,5200
OTW-260827-047,2026-08-27,목,13:59,포장,OTW-D01,옥수수 밀크티,음료,1,6500,6500
OTW-260827-047,2026-08-27,목,13:59,포장,OTW-T02,보늬밤 타르트,타르트,1,8500,8500
OTW-260827-048,2026-08-27,목,14:01,포장,OTW-E01,강릉 옥수수 에그타르트,에그타르트,1,4800,4800
OTW-260827-049,2026-08-27,목,14:03,매장,OTW-T01,옥수수 타르트,타르트,1,8500,8500
OTW-260827-049,2026-08-27,목,14:03,매장,OTW-T03,말차 타르트,타르트,1,9100,9100
OTW-260827-050,2026-08-27,목,14:05,포장,OTW-E02,강릉 감자&잠봉 에그타르트,에그타르트,1,5200,5200
OTW-260827-050,2026-08-27,목,14:05,포장,OTW-D01,옥수수 밀크티,음료,1,6500,6500
OTW-260827-050,2026-08-27,목,14:05,포장,OTW-P01,아이스크림 파르페,디저트,1,8500,8500
OTW-260827-051,2026-08-27,목,14:06,포장,OTW-E02,강릉 감자&잠봉 에그타르트,에그타르트,2,5200,10400
OTW-260827-051,2026-08-27,목,14:06,포장,OTW-E04,피스타치오 에그타르트,에그타르트,2,5800,11600
OTW-260827-052,2026-08-27,목,14:06,매장,OTW-E02,강릉 감자&잠봉 에그타르트,에그타르트,1,5200,5200
OTW-260827-053,2026-08-27,목,14:08,포장,OTW-D01,옥수수 밀크티,음료,1,6500,6500
OTW-260827-054,2026-08-27,목,14:13,포장,OTW-D01,옥수수 밀크티,음료,1,6500,6500
OTW-260827-055,2026-08-27,목,14:14,포장,OTW-T01,옥수수 타르트,타르트,1,8500,8500
OTW-260827-056,2026-08-27,목,14:16,매장,OTW-D01,옥수수 밀크티,음료,2,6500,13000
OTW-260827-057,2026-08-27,목,14:23,포장,OTW-P01,아이스크림 파르페,디저트,1,8500,8500
OTW-260827-058,2026-08-27,목,14:23,포장,OTW-E01,강릉 옥수수 에그타르트,에그타르트,1,4800,4800
OTW-260827-059,2026-08-27,목,14:29,매장,OTW-D01,옥수수 밀크티,음료,1,6500,6500
OTW-260827-060,2026-08-27,목,14:30,매장,OTW-E01,강릉 옥수수 에그타르트,에그타르트,1,4800,4800
OTW-260827-060,2026-08-27,목,14:30,매장,OTW-E02,강릉 감자&잠봉 에그타르트,에그타르트,1,5200,5200
OTW-260827-061,2026-08-27,목,14:30,매장,OTW-E01,강릉 옥수수 에그타르트,에그타르트,2,4800,9600
OTW-260827-062,2026-08-27,목,14:41,포장,OTW-P01,아이스크림 파르페,디저트,1,8500,8500
OTW-260827-062,2026-08-27,목,14:41,포장,OTW-E03,흑임자&산딸기 에그타르트,에그타르트,1,5500,5500
OTW-260827-062,2026-08-27,목,14:41,포장,OTW-T03,말차 타르트,타르트,1,9100,9100
OTW-260827-063,2026-08-27,목,14:41,매장,OTW-T02,보늬밤 타르트,타르트,1,8500,8500
OTW-260827-064,2026-08-27,목,14:42,포장,OTW-E03,흑임자&산딸기 에그타르트,에그타르트,1,5500,5500
OTW-260827-064,2026-08-27,목,14:42,포장,OTW-T02,보늬밤 타르트,타르트,2,8500,17000
OTW-260827-064,2026-08-27,목,14:42,포장,OTW-T03,말차 타르트,타르트,1,9100,9100
OTW-260827-065,2026-08-27,목,14:45,매장,OTW-E01,강릉 옥수수 에그타르트,에그타르트,1,4800,4800
OTW-260827-066,2026-08-27,목,14:45,포장,OTW-E02,강릉 감자&잠봉 에그타르트,에그타르트,1,5200,5200
OTW-260827-067,2026-08-27,목,14:47,매장,OTW-T01,옥수수 타르트,타르트,1,8500,8500
OTW-260827-067,2026-08-27,목,14:47,매장,OTW-T02,보늬밤 타르트,타르트,2,8500,17000
OTW-260827-068,2026-08-27,목,14:47,매장,OTW-E03,흑임자&산딸기 에그타르트,에그타르트,1,5500,5500
OTW-260827-068,2026-08-27,목,14:47,매장,OTW-T03,말차 타르트,타르트,1,9100,9100
OTW-260827-068,2026-08-27,목,14:47,매장,OTW-E04,피스타치오 에그타르트,에그타르트,1,5800,5800
OTW-260827-069,2026-08-27,목,14:53,포장,OTW-E04,피스타치오 에그타르트,에그타르트,1,5800,5800
OTW-260827-070,2026-08-27,목,14:55,포장,OTW-E01,강릉 옥수수 에그타르트,에그타르트,1,4800,4800
OTW-260827-071,2026-08-27,목,14:55,포장,OTW-D01,옥수수 밀크티,음료,1,6500,6500
OTW-260827-072,2026-08-27,목,14:58,매장,OTW-T04,자몽 망고 요거트 타르트,타르트,1,9600,9600
OTW-260827-072,2026-08-27,목,14:58,매장,OTW-E02,강릉 감자&잠봉 에그타르트,에그타르트,2,5200,10400
OTW-260827-073,2026-08-27,목,15:03,포장,OTW-T01,옥수수 타르트,타르트,2,8500,17000
OTW-260827-074,2026-08-27,목,15:08,매장,OTW-D01,옥수수 밀크티,음료,2,6500,13000
OTW-260827-075,2026-08-27,목,15:15,포장,OTW-E01,강릉 옥수수 에그타르트,에그타르트,1,4800,4800
OTW-260827-076,2026-08-27,목,15:16,매장,OTW-D01,옥수수 밀크티,음료,1,6500,6500
OTW-260827-077,2026-08-27,목,15:19,포장,OTW-P01,아이스크림 파르페,디저트,1,8500,8500
OTW-260827-078,2026-08-27,목,15:19,포장,OTW-E01,강릉 옥수수 에그타르트,에그타르트,2,4800,9600
OTW-260827-079,2026-08-27,목,15:21,포장,OTW-E01,강릉 옥수수 에그타르트,에그타르트,1,4800,4800
OTW-260827-079,2026-08-27,목,15:21,포장,OTW-T02,보늬밤 타르트,타르트,1,8500,8500
OTW-260827-079,2026-08-27,목,15:21,포장,OTW-E01,강릉 옥수수 에그타르트,에그타르트,1,4800,4800
OTW-260827-080,2026-08-27,목,15:29,포장,OTW-T02,보늬밤 타르트,타르트,1,8500,8500
OTW-260827-080,2026-08-27,목,15:29,포장,OTW-T03,말차 타르트,타르트,1,9100,9100
OTW-260827-081,2026-08-27,목,15:34,매장,OTW-P01,아이스크림 파르페,디저트,1,8500,8500
OTW-260827-082,2026-08-27,목,15:39,포장,OTW-D01,옥수수 밀크티,음료,1,6500,6500
OTW-260827-083,2026-08-27,목,15:53,매장,OTW-E02,강릉 감자&잠봉 에그타르트,에그타르트,1,5200,5200
OTW-260827-083,2026-08-27,목,15:53,매장,OTW-E01,강릉 옥수수 에그타르트,에그타르트,2,4800,9600
OTW-260827-084,2026-08-27,목,15:53,매장,OTW-E04,피스타치오 에그타르트,에그타르트,1,5800,5800
OTW-260827-085,2026-08-27,목,15:55,포장,OTW-E04,피스타치오 에그타르트,에그타르트,1,5800,5800
OTW-260827-085,2026-08-27,목,15:55,포장,OTW-E04,피스타치오 에그타르트,에그타르트,1,5800,5800
OTW-260827-086,2026-08-27,목,15:57,포장,OTW-E02,강릉 감자&잠봉 에그타르트,에그타르트,2,5200,10400
OTW-260827-086,2026-08-27,목,15:57,포장,OTW-T04,자몽 망고 요거트 타르트,타르트,1,9600,9600
OTW-260827-087,2026-08-27,목,15:58,포장,OTW-D01,옥수수 밀크티,음료,1,6500,6500
OTW-260827-088,2026-08-27,목,15:58,포장,OTW-E04,피스타치오 에그타르트,에그타르트,1,5800,5800
OTW-260827-088,2026-08-27,목,15:58,포장,OTW-E04,피스타치오 에그타르트,에그타르트,1,5800,5800
OTW-260827-089,2026-08-27,목,15:59,포장,OTW-E01,강릉 옥수수 에그타르트,에그타르트,1,4800,4800
OTW-260827-090,2026-08-27,목,16:03,매장,OTW-E02,강릉 감자&잠봉 에그타르트,에그타르트,1,5200,5200
OTW-260827-090,2026-08-27,목,16:03,매장,OTW-P01,아이스크림 파르페,디저트,1,8500,8500
OTW-260827-091,2026-08-27,목,16:10,매장,OTW-P01,아이스크림 파르페,디저트,2,8500,17000
OTW-260827-092,2026-08-27,목,16:10,매장,OTW-D01,옥수수 밀크티,음료,1,6500,6500
OTW-260827-093,2026-08-27,목,16:13,포장,OTW-E02,강릉 감자&잠봉 에그타르트,에그타르트,2,5200,10400
OTW-260827-093,2026-08-27,목,16:13,포장,OTW-E03,흑임자&산딸기 에그타르트,에그타르트,1,5500,5500
OTW-260827-094,2026-08-27,목,16:21,포장,OTW-E02,강릉 감자&잠봉 에그타르트,에그타르트,1,5200,5200
OTW-260827-094,2026-08-27,목,16:21,포장,OTW-E02,강릉 감자&잠봉 에그타르트,에그타르트,1,5200,5200
OTW-260827-095,2026-08-27,목,16:24,포장,OTW-T01,옥수수 타르트,타르트,1,8500,8500
OTW-260827-096,2026-08-27,목,16:27,포장,OTW-E02,강릉 감자&잠봉 에그타르트,에그타르트,1,5200,5200
OTW-260827-096,2026-08-27,목,16:27,포장,OTW-E01,강릉 옥수수 에그타르트,에그타르트,1,4800,4800
OTW-260827-097,2026-08-27,목,16:32,포장,OTW-T04,자몽 망고 요거트 타르트,타르트,1,9600,9600
OTW-260827-097,2026-08-27,목,16:32,포장,OTW-E02,강릉 감자&잠봉 에그타르트,에그타르트,1,5200,5200
OTW-260827-097,2026-08-27,목,16:32,포장,OTW-E04,피스타치오 에그타르트,에그타르트,1,5800,5800
OTW-260827-098,2026-08-27,목,16:33,매장,OTW-E02,강릉 감자&잠봉 에그타르트,에그타르트,2,5200,10400
OTW-260827-099,2026-08-27,목,16:44,포장,OTW-E01,강릉 옥수수 에그타르트,에그타르트,1,4800,4800
OTW-260827-099,2026-08-27,목,16:44,포장,OTW-E03,흑임자&산딸기 에그타르트,에그타르트,1,5500,5500
OTW-260827-100,2026-08-27,목,16:56,매장,OTW-E02,강릉 감자&잠봉 에그타르트,에그타르트,1,5200,5200
OTW-260827-100,2026-08-27,목,16:56,매장,OTW-E03,흑임자&산딸기 에그타르트,에그타르트,1,5500,5500
OTW-260827-101,2026-08-27,목,17:00,포장,OTW-T01,옥수수 타르트,타르트,1,8500,8500
OTW-260827-102,2026-08-27,목,17:03,포장,OTW-T02,보늬밤 타르트,타르트,1,8500,8500
OTW-260827-103,2026-08-27,목,17:06,매장,OTW-E01,강릉 옥수수 에그타르트,에그타르트,1,4800,4800
OTW-260827-104,2026-08-27,목,17:14,포장,OTW-E01,강릉 옥수수 에그타르트,에그타르트,1,4800,4800
OTW-260827-105,2026-08-27,목,17:21,매장,OTW-P01,아이스크림 파르페,디저트,2,8500,17000
OTW-260827-105,2026-08-27,목,17:21,매장,OTW-T01,옥수수 타르트,타르트,1,8500,8500
OTW-260827-106,2026-08-27,목,17:23,매장,OTW-T01,옥수수 타르트,타르트,1,8500,8500
OTW-260827-107,2026-08-27,목,17:28,포장,OTW-E01,강릉 옥수수 에그타르트,에그타르트,1,4800,4800
OTW-260827-107,2026-08-27,목,17:28,포장,OTW-E04,피스타치오 에그타르트,에그타르트,1,5800,5800
OTW-260828-001,2026-08-28,금,12:01,매장,OTW-C01,오프더월 x 풀노리 옥수수 아이스크림,협업상품,1,6500,6500
OTW-260828-002,2026-08-28,금,12:04,매장,OTW-E01,강릉 옥수수 에그타르트,에그타르트,1,4800,4800
OTW-260828-002,2026-08-28,금,12:04,매장,OTW-E01,강릉 옥수수 에그타르트,에그타르트,1,4800,4800
OTW-260828-003,2026-08-28,금,12:09,매장,OTW-T02,보늬밤 타르트,타르트,1,8500,8500
OTW-260828-003,2026-08-28,금,12:09,매장,OTW-E03,흑임자&산딸기 에그타르트,에그타르트,1,5500,5500
OTW-260828-004,2026-08-28,금,12:20,포장,OTW-C01,오프더월 x 풀노리 옥수수 아이스크림,협업상품,1,6500,6500
OTW-260828-004,2026-08-28,금,12:20,포장,OTW-T04,자몽 망고 요거트 타르트,타르트,1,9600,9600
OTW-260828-005,2026-08-28,금,12:26,포장,OTW-D01,옥수수 밀크티,음료,1,6500,6500
OTW-260828-005,2026-08-28,금,12:26,포장,OTW-D01,옥수수 밀크티,음료,1,6500,6500
OTW-260828-006,2026-08-28,금,12:26,포장,OTW-E03,흑임자&산딸기 에그타르트,에그타르트,1,5500,5500
OTW-260828-006,2026-08-28,금,12:26,포장,OTW-E01,강릉 옥수수 에그타르트,에그타르트,1,4800,4800
OTW-260828-007,2026-08-28,금,12:29,포장,OTW-E02,강릉 감자&잠봉 에그타르트,에그타르트,1,5200,5200
OTW-260828-008,2026-08-28,금,12:29,포장,OTW-E02,강릉 감자&잠봉 에그타르트,에그타르트,1,5200,5200
OTW-260828-008,2026-08-28,금,12:29,포장,OTW-E02,강릉 감자&잠봉 에그타르트,에그타르트,1,5200,5200
OTW-260828-009,2026-08-28,금,12:31,매장,OTW-T01,옥수수 타르트,타르트,1,8500,8500
OTW-260828-009,2026-08-28,금,12:31,매장,OTW-C01,오프더월 x 풀노리 옥수수 아이스크림,협업상품,1,6500,6500
OTW-260828-009,2026-08-28,금,12:31,매장,OTW-T02,보늬밤 타르트,타르트,1,8500,8500
OTW-260828-010,2026-08-28,금,12:34,매장,OTW-E02,강릉 감자&잠봉 에그타르트,에그타르트,1,5200,5200
OTW-260828-011,2026-08-28,금,12:36,매장,OTW-E01,강릉 옥수수 에그타르트,에그타르트,1,4800,4800
OTW-260828-012,2026-08-28,금,12:37,포장,OTW-E01,강릉 옥수수 에그타르트,에그타르트,1,4800,4800
OTW-260828-013,2026-08-28,금,12:37,포장,OTW-C01,오프더월 x 풀노리 옥수수 아이스크림,협업상품,2,6500,13000
OTW-260828-014,2026-08-28,금,12:39,포장,OTW-C01,오프더월 x 풀노리 옥수수 아이스크림,협업상품,1,6500,6500
OTW-260828-014,2026-08-28,금,12:39,포장,OTW-E02,강릉 감자&잠봉 에그타르트,에그타르트,1,5200,5200
OTW-260828-015,2026-08-28,금,12:40,포장,OTW-T01,옥수수 타르트,타르트,1,8500,8500
OTW-260828-016,2026-08-28,금,12:40,매장,OTW-E01,강릉 옥수수 에그타르트,에그타르트,1,4800,4800
OTW-260828-016,2026-08-28,금,12:40,매장,OTW-P01,아이스크림 파르페,디저트,1,8500,8500
OTW-260828-017,2026-08-28,금,12:42,포장,OTW-P01,아이스크림 파르페,디저트,1,8500,8500
OTW-260828-018,2026-08-28,금,12:48,포장,OTW-C01,오프더월 x 풀노리 옥수수 아이스크림,협업상품,1,6500,6500
OTW-260828-019,2026-08-28,금,12:53,포장,OTW-T03,말차 타르트,타르트,1,9100,9100
OTW-260828-020,2026-08-28,금,12:59,포장,OTW-C01,오프더월 x 풀노리 옥수수 아이스크림,협업상품,1,6500,6500
OTW-260828-020,2026-08-28,금,12:59,포장,OTW-E04,피스타치오 에그타르트,에그타르트,1,5800,5800
OTW-260828-021,2026-08-28,금,13:08,포장,OTW-T01,옥수수 타르트,타르트,1,8500,8500
OTW-260828-021,2026-08-28,금,13:08,포장,OTW-D01,옥수수 밀크티,음료,1,6500,6500
OTW-260828-022,2026-08-28,금,13:11,포장,OTW-T01,옥수수 타르트,타르트,1,8500,8500
OTW-260828-023,2026-08-28,금,13:28,포장,OTW-D01,옥수수 밀크티,음료,1,6500,6500
OTW-260828-023,2026-08-28,금,13:28,포장,OTW-P01,아이스크림 파르페,디저트,1,8500,8500
OTW-260828-024,2026-08-28,금,13:28,포장,OTW-E03,흑임자&산딸기 에그타르트,에그타르트,1,5500,5500
OTW-260828-025,2026-08-28,금,13:31,포장,OTW-E04,피스타치오 에그타르트,에그타르트,2,5800,11600
OTW-260828-025,2026-08-28,금,13:31,포장,OTW-E04,피스타치오 에그타르트,에그타르트,1,5800,5800
OTW-260828-026,2026-08-28,금,13:34,포장,OTW-D01,옥수수 밀크티,음료,1,6500,6500
OTW-260828-026,2026-08-28,금,13:34,포장,OTW-T03,말차 타르트,타르트,1,9100,9100
OTW-260828-026,2026-08-28,금,13:34,포장,OTW-D01,옥수수 밀크티,음료,1,6500,6500
OTW-260828-027,2026-08-28,금,13:41,매장,OTW-D01,옥수수 밀크티,음료,1,6500,6500
OTW-260828-027,2026-08-28,금,13:41,매장,OTW-D01,옥수수 밀크티,음료,1,6500,6500
OTW-260828-028,2026-08-28,금,13:46,포장,OTW-D01,옥수수 밀크티,음료,1,6500,6500
OTW-260828-029,2026-08-28,금,13:53,매장,OTW-E01,강릉 옥수수 에그타르트,에그타르트,1,4800,4800
OTW-260828-029,2026-08-28,금,13:53,매장,OTW-D01,옥수수 밀크티,음료,1,6500,6500
OTW-260828-030,2026-08-28,금,13:56,포장,OTW-E01,강릉 옥수수 에그타르트,에그타르트,1,4800,4800
OTW-260828-030,2026-08-28,금,13:56,포장,OTW-P01,아이스크림 파르페,디저트,1,8500,8500
OTW-260828-030,2026-08-28,금,13:56,포장,OTW-T01,옥수수 타르트,타르트,1,8500,8500
OTW-260828-031,2026-08-28,금,13:56,매장,OTW-P01,아이스크림 파르페,디저트,1,8500,8500
OTW-260828-032,2026-08-28,금,13:57,포장,OTW-E03,흑임자&산딸기 에그타르트,에그타르트,1,5500,5500
OTW-260828-032,2026-08-28,금,13:57,포장,OTW-D01,옥수수 밀크티,음료,2,6500,13000
OTW-260828-033,2026-08-28,금,13:58,포장,OTW-T01,옥수수 타르트,타르트,1,8500,8500
OTW-260828-033,2026-08-28,금,13:58,포장,OTW-E02,강릉 감자&잠봉 에그타르트,에그타르트,1,5200,5200
OTW-260828-034,2026-08-28,금,14:01,포장,OTW-T03,말차 타르트,타르트,1,9100,9100
OTW-260828-034,2026-08-28,금,14:01,포장,OTW-E02,강릉 감자&잠봉 에그타르트,에그타르트,1,5200,5200
OTW-260828-035,2026-08-28,금,14:07,포장,OTW-E02,강릉 감자&잠봉 에그타르트,에그타르트,1,5200,5200
OTW-260828-036,2026-08-28,금,14:09,매장,OTW-E02,강릉 감자&잠봉 에그타르트,에그타르트,1,5200,5200
OTW-260828-036,2026-08-28,금,14:09,매장,OTW-T04,자몽 망고 요거트 타르트,타르트,1,9600,9600
OTW-260828-037,2026-08-28,금,14:22,매장,OTW-E02,강릉 감자&잠봉 에그타르트,에그타르트,1,5200,5200
OTW-260828-037,2026-08-28,금,14:22,매장,OTW-E01,강릉 옥수수 에그타르트,에그타르트,1,4800,4800
OTW-260828-038,2026-08-28,금,14:25,매장,OTW-T01,옥수수 타르트,타르트,1,8500,8500
OTW-260828-038,2026-08-28,금,14:25,매장,OTW-T01,옥수수 타르트,타르트,1,8500,8500
OTW-260828-038,2026-08-28,금,14:25,매장,OTW-T01,옥수수 타르트,타르트,2,8500,17000
OTW-260828-039,2026-08-28,금,14:26,포장,OTW-E02,강릉 감자&잠봉 에그타르트,에그타르트,2,5200,10400
OTW-260828-040,2026-08-28,금,14:27,포장,OTW-E04,피스타치오 에그타르트,에그타르트,1,5800,5800
OTW-260828-041,2026-08-28,금,14:27,매장,OTW-T03,말차 타르트,타르트,1,9100,9100
OTW-260828-041,2026-08-28,금,14:27,매장,OTW-D01,옥수수 밀크티,음료,1,6500,6500
OTW-260828-041,2026-08-28,금,14:27,매장,OTW-E04,피스타치오 에그타르트,에그타르트,1,5800,5800
OTW-260828-042,2026-08-28,금,14:33,매장,OTW-T03,말차 타르트,타르트,2,9100,18200
OTW-260828-042,2026-08-28,금,14:33,매장,OTW-D01,옥수수 밀크티,음료,1,6500,6500
OTW-260828-043,2026-08-28,금,14:37,포장,OTW-E03,흑임자&산딸기 에그타르트,에그타르트,1,5500,5500
OTW-260828-043,2026-08-28,금,14:37,포장,OTW-D01,옥수수 밀크티,음료,1,6500,6500
OTW-260828-044,2026-08-28,금,14:41,포장,OTW-D01,옥수수 밀크티,음료,1,6500,6500
OTW-260828-044,2026-08-28,금,14:41,포장,OTW-E02,강릉 감자&잠봉 에그타르트,에그타르트,1,5200,5200
OTW-260828-045,2026-08-28,금,14:41,매장,OTW-E01,강릉 옥수수 에그타르트,에그타르트,1,4800,4800
OTW-260828-045,2026-08-28,금,14:41,매장,OTW-E03,흑임자&산딸기 에그타르트,에그타르트,1,5500,5500
OTW-260828-045,2026-08-28,금,14:41,매장,OTW-T02,보늬밤 타르트,타르트,1,8500,8500
OTW-260828-046,2026-08-28,금,14:49,포장,OTW-E01,강릉 옥수수 에그타르트,에그타르트,1,4800,4800
OTW-260828-046,2026-08-28,금,14:49,포장,OTW-D01,옥수수 밀크티,음료,1,6500,6500
OTW-260828-047,2026-08-28,금,14:56,포장,OTW-P01,아이스크림 파르페,디저트,1,8500,8500
OTW-260828-048,2026-08-28,금,14:58,매장,OTW-P01,아이스크림 파르페,디저트,1,8500,8500
OTW-260828-048,2026-08-28,금,14:58,매장,OTW-D01,옥수수 밀크티,음료,1,6500,6500
OTW-260828-048,2026-08-28,금,14:58,매장,OTW-E01,강릉 옥수수 에그타르트,에그타르트,1,4800,4800
OTW-260828-049,2026-08-28,금,14:58,포장,OTW-T01,옥수수 타르트,타르트,1,8500,8500
OTW-260828-049,2026-08-28,금,14:58,포장,OTW-E01,강릉 옥수수 에그타르트,에그타르트,1,4800,4800
OTW-260828-050,2026-08-28,금,15:04,포장,OTW-T02,보늬밤 타르트,타르트,1,8500,8500
OTW-260828-051,2026-08-28,금,15:06,매장,OTW-E01,강릉 옥수수 에그타르트,에그타르트,1,4800,4800
OTW-260828-052,2026-08-28,금,15:11,포장,OTW-P01,아이스크림 파르페,디저트,1,8500,8500
OTW-260828-052,2026-08-28,금,15:11,포장,OTW-E04,피스타치오 에그타르트,에그타르트,1,5800,5800
OTW-260828-053,2026-08-28,금,15:12,포장,OTW-D01,옥수수 밀크티,음료,2,6500,13000
OTW-260828-053,2026-08-28,금,15:12,포장,OTW-T04,자몽 망고 요거트 타르트,타르트,1,9600,9600
OTW-260828-053,2026-08-28,금,15:12,포장,OTW-D01,옥수수 밀크티,음료,1,6500,6500
OTW-260828-054,2026-08-28,금,15:13,포장,OTW-P01,아이스크림 파르페,디저트,1,8500,8500
OTW-260828-054,2026-08-28,금,15:13,포장,OTW-T03,말차 타르트,타르트,2,9100,18200
OTW-260828-054,2026-08-28,금,15:13,포장,OTW-E01,강릉 옥수수 에그타르트,에그타르트,2,4800,9600
OTW-260828-055,2026-08-28,금,15:23,포장,OTW-E02,강릉 감자&잠봉 에그타르트,에그타르트,1,5200,5200
OTW-260828-055,2026-08-28,금,15:23,포장,OTW-E01,강릉 옥수수 에그타르트,에그타르트,1,4800,4800
OTW-260829-001,2026-08-29,토,12:03,포장,OTW-C01,오프더월 x 풀노리 옥수수 아이스크림,협업상품,1,6500,6500
OTW-260829-001,2026-08-29,토,12:03,포장,OTW-C01,오프더월 x 풀노리 옥수수 아이스크림,협업상품,1,6500,6500
OTW-260829-002,2026-08-29,토,12:03,포장,OTW-C01,오프더월 x 풀노리 옥수수 아이스크림,협업상품,1,6500,6500
OTW-260829-003,2026-08-29,토,12:06,포장,OTW-E04,피스타치오 에그타르트,에그타르트,1,5800,5800
OTW-260829-003,2026-08-29,토,12:06,포장,OTW-C01,오프더월 x 풀노리 옥수수 아이스크림,협업상품,1,6500,6500
OTW-260829-004,2026-08-29,토,12:11,포장,OTW-D01,옥수수 밀크티,음료,1,6500,6500
OTW-260829-004,2026-08-29,토,12:11,포장,OTW-C01,오프더월 x 풀노리 옥수수 아이스크림,협업상품,1,6500,6500
OTW-260829-005,2026-08-29,토,12:17,포장,OTW-C01,오프더월 x 풀노리 옥수수 아이스크림,협업상품,1,6500,6500
OTW-260829-006,2026-08-29,토,12:20,포장,OTW-C01,오프더월 x 풀노리 옥수수 아이스크림,협업상품,1,6500,6500
OTW-260829-006,2026-08-29,토,12:20,포장,OTW-T01,옥수수 타르트,타르트,1,8500,8500
OTW-260829-007,2026-08-29,토,12:24,매장,OTW-E01,강릉 옥수수 에그타르트,에그타르트,1,4800,4800
OTW-260829-008,2026-08-29,토,12:29,매장,OTW-C01,오프더월 x 풀노리 옥수수 아이스크림,협업상품,1,6500,6500
OTW-260829-009,2026-08-29,토,12:29,매장,OTW-T01,옥수수 타르트,타르트,1,8500,8500
OTW-260829-009,2026-08-29,토,12:29,매장,OTW-E01,강릉 옥수수 에그타르트,에그타르트,1,4800,4800
OTW-260829-010,2026-08-29,토,12:31,포장,OTW-E01,강릉 옥수수 에그타르트,에그타르트,1,4800,4800
OTW-260829-011,2026-08-29,토,12:32,포장,OTW-T04,자몽 망고 요거트 타르트,타르트,1,9600,9600
OTW-260829-011,2026-08-29,토,12:32,포장,OTW-C01,오프더월 x 풀노리 옥수수 아이스크림,협업상품,1,6500,6500
OTW-260829-012,2026-08-29,토,12:35,포장,OTW-E01,강릉 옥수수 에그타르트,에그타르트,1,4800,4800
OTW-260829-013,2026-08-29,토,12:37,포장,OTW-E02,강릉 감자&잠봉 에그타르트,에그타르트,1,5200,5200
OTW-260829-013,2026-08-29,토,12:37,포장,OTW-E01,강릉 옥수수 에그타르트,에그타르트,1,4800,4800
OTW-260829-013,2026-08-29,토,12:37,포장,OTW-D01,옥수수 밀크티,음료,1,6500,6500
OTW-260829-014,2026-08-29,토,12:37,포장,OTW-E03,흑임자&산딸기 에그타르트,에그타르트,1,5500,5500
OTW-260829-015,2026-08-29,토,12:39,포장,OTW-E01,강릉 옥수수 에그타르트,에그타르트,1,4800,4800
OTW-260829-016,2026-08-29,토,12:40,매장,OTW-D01,옥수수 밀크티,음료,1,6500,6500
OTW-260829-016,2026-08-29,토,12:40,매장,OTW-D01,옥수수 밀크티,음료,1,6500,6500
OTW-260829-016,2026-08-29,토,12:40,매장,OTW-T01,옥수수 타르트,타르트,1,8500,8500
OTW-260829-017,2026-08-29,토,12:41,포장,OTW-E01,강릉 옥수수 에그타르트,에그타르트,1,4800,4800
OTW-260829-018,2026-08-29,토,12:42,매장,OTW-E01,강릉 옥수수 에그타르트,에그타르트,1,4800,4800
OTW-260829-018,2026-08-29,토,12:42,매장,OTW-E01,강릉 옥수수 에그타르트,에그타르트,1,4800,4800
OTW-260829-019,2026-08-29,토,12:45,포장,OTW-E02,강릉 감자&잠봉 에그타르트,에그타르트,2,5200,10400
OTW-260829-020,2026-08-29,토,12:45,매장,OTW-E01,강릉 옥수수 에그타르트,에그타르트,1,4800,4800
OTW-260829-020,2026-08-29,토,12:45,매장,OTW-E02,강릉 감자&잠봉 에그타르트,에그타르트,1,5200,5200
OTW-260829-020,2026-08-29,토,12:45,매장,OTW-C01,오프더월 x 풀노리 옥수수 아이스크림,협업상품,1,6500,6500
OTW-260829-021,2026-08-29,토,12:47,매장,OTW-T01,옥수수 타르트,타르트,2,8500,17000
OTW-260829-022,2026-08-29,토,12:49,포장,OTW-T04,자몽 망고 요거트 타르트,타르트,2,9600,19200
OTW-260829-023,2026-08-29,토,12:49,포장,OTW-D01,옥수수 밀크티,음료,1,6500,6500
OTW-260829-023,2026-08-29,토,12:49,포장,OTW-C01,오프더월 x 풀노리 옥수수 아이스크림,협업상품,1,6500,6500
OTW-260829-023,2026-08-29,토,12:49,포장,OTW-E03,흑임자&산딸기 에그타르트,에그타르트,1,5500,5500
OTW-260829-024,2026-08-29,토,12:54,매장,OTW-C01,오프더월 x 풀노리 옥수수 아이스크림,협업상품,1,6500,6500
OTW-260829-024,2026-08-29,토,12:54,매장,OTW-C01,오프더월 x 풀노리 옥수수 아이스크림,협업상품,1,6500,6500
OTW-260829-024,2026-08-29,토,12:54,매장,OTW-E04,피스타치오 에그타르트,에그타르트,1,5800,5800
OTW-260829-025,2026-08-29,토,12:55,포장,OTW-P01,아이스크림 파르페,디저트,1,8500,8500
OTW-260829-025,2026-08-29,토,12:55,포장,OTW-E02,강릉 감자&잠봉 에그타르트,에그타르트,1,5200,5200
OTW-260829-025,2026-08-29,토,12:55,포장,OTW-T01,옥수수 타르트,타르트,1,8500,8500
OTW-260829-026,2026-08-29,토,12:55,포장,OTW-E02,강릉 감자&잠봉 에그타르트,에그타르트,1,5200,5200
OTW-260829-026,2026-08-29,토,12:55,포장,OTW-C01,오프더월 x 풀노리 옥수수 아이스크림,협업상품,1,6500,6500
OTW-260829-027,2026-08-29,토,12:56,포장,OTW-C01,오프더월 x 풀노리 옥수수 아이스크림,협업상품,1,6500,6500
OTW-260829-027,2026-08-29,토,12:56,포장,OTW-E01,강릉 옥수수 에그타르트,에그타르트,1,4800,4800
OTW-260829-027,2026-08-29,토,12:56,포장,OTW-E04,피스타치오 에그타르트,에그타르트,2,5800,11600
OTW-260829-028,2026-08-29,토,12:59,포장,OTW-P01,아이스크림 파르페,디저트,1,8500,8500
OTW-260829-028,2026-08-29,토,12:59,포장,OTW-E02,강릉 감자&잠봉 에그타르트,에그타르트,1,5200,5200
OTW-260829-029,2026-08-29,토,13:00,포장,OTW-C01,오프더월 x 풀노리 옥수수 아이스크림,협업상품,1,6500,6500
OTW-260829-029,2026-08-29,토,13:00,포장,OTW-C01,오프더월 x 풀노리 옥수수 아이스크림,협업상품,1,6500,6500
OTW-260829-030,2026-08-29,토,13:02,매장,OTW-D01,옥수수 밀크티,음료,1,6500,6500
OTW-260829-030,2026-08-29,토,13:02,매장,OTW-D01,옥수수 밀크티,음료,1,6500,6500
OTW-260829-030,2026-08-29,토,13:02,매장,OTW-C01,오프더월 x 풀노리 옥수수 아이스크림,협업상품,1,6500,6500
OTW-260829-031,2026-08-29,토,13:03,포장,OTW-C01,오프더월 x 풀노리 옥수수 아이스크림,협업상품,1,6500,6500
OTW-260829-031,2026-08-29,토,13:03,포장,OTW-C01,오프더월 x 풀노리 옥수수 아이스크림,협업상품,1,6500,6500
OTW-260829-032,2026-08-29,토,13:04,포장,OTW-E02,강릉 감자&잠봉 에그타르트,에그타르트,1,5200,5200
OTW-260829-032,2026-08-29,토,13:04,포장,OTW-T01,옥수수 타르트,타르트,1,8500,8500
OTW-260829-033,2026-08-29,토,13:05,포장,OTW-E03,흑임자&산딸기 에그타르트,에그타르트,1,5500,5500
OTW-260829-033,2026-08-29,토,13:05,포장,OTW-P01,아이스크림 파르페,디저트,1,8500,8500
OTW-260829-033,2026-08-29,토,13:05,포장,OTW-C01,오프더월 x 풀노리 옥수수 아이스크림,협업상품,1,6500,6500
OTW-260829-034,2026-08-29,토,13:08,포장,OTW-D01,옥수수 밀크티,음료,1,6500,6500
OTW-260829-034,2026-08-29,토,13:08,포장,OTW-T01,옥수수 타르트,타르트,1,8500,8500
OTW-260829-035,2026-08-29,토,13:09,포장,OTW-C01,오프더월 x 풀노리 옥수수 아이스크림,협업상품,1,6500,6500
OTW-260829-035,2026-08-29,토,13:09,포장,OTW-T03,말차 타르트,타르트,1,9100,9100
OTW-260829-036,2026-08-29,토,13:11,포장,OTW-E03,흑임자&산딸기 에그타르트,에그타르트,1,5500,5500
OTW-260829-036,2026-08-29,토,13:11,포장,OTW-E01,강릉 옥수수 에그타르트,에그타르트,1,4800,4800
OTW-260829-037,2026-08-29,토,13:12,포장,OTW-E04,피스타치오 에그타르트,에그타르트,1,5800,5800
OTW-260829-038,2026-08-29,토,13:14,매장,OTW-E01,강릉 옥수수 에그타르트,에그타르트,1,4800,4800
OTW-260829-039,2026-08-29,토,13:15,포장,OTW-E04,피스타치오 에그타르트,에그타르트,1,5800,5800
OTW-260829-040,2026-08-29,토,13:15,포장,OTW-E02,강릉 감자&잠봉 에그타르트,에그타르트,1,5200,5200
OTW-260829-040,2026-08-29,토,13:15,포장,OTW-T02,보늬밤 타르트,타르트,1,8500,8500
OTW-260829-041,2026-08-29,토,13:15,포장,OTW-T04,자몽 망고 요거트 타르트,타르트,1,9600,9600
OTW-260829-042,2026-08-29,토,13:16,매장,OTW-E04,피스타치오 에그타르트,에그타르트,1,5800,5800
OTW-260829-042,2026-08-29,토,13:16,매장,OTW-C01,오프더월 x 풀노리 옥수수 아이스크림,협업상품,1,6500,6500
OTW-260829-043,2026-08-29,토,13:16,포장,OTW-D01,옥수수 밀크티,음료,1,6500,6500
OTW-260829-044,2026-08-29,토,13:28,매장,OTW-C01,오프더월 x 풀노리 옥수수 아이스크림,협업상품,2,6500,13000
OTW-260829-044,2026-08-29,토,13:28,매장,OTW-C01,오프더월 x 풀노리 옥수수 아이스크림,협업상품,1,6500,6500
OTW-260829-045,2026-08-29,토,13:30,포장,OTW-C01,오프더월 x 풀노리 옥수수 아이스크림,협업상품,1,6500,6500
OTW-260829-046,2026-08-29,토,13:30,포장,OTW-C01,오프더월 x 풀노리 옥수수 아이스크림,협업상품,1,6500,6500
OTW-260829-046,2026-08-29,토,13:30,포장,OTW-C01,오프더월 x 풀노리 옥수수 아이스크림,협업상품,1,6500,6500
OTW-260829-047,2026-08-29,토,13:30,매장,OTW-C01,오프더월 x 풀노리 옥수수 아이스크림,협업상품,1,6500,6500
OTW-260829-048,2026-08-29,토,13:31,포장,OTW-P01,아이스크림 파르페,디저트,2,8500,17000
OTW-260829-048,2026-08-29,토,13:31,포장,OTW-T04,자몽 망고 요거트 타르트,타르트,1,9600,9600
OTW-260829-049,2026-08-29,토,13:32,매장,OTW-D01,옥수수 밀크티,음료,2,6500,13000
OTW-260829-050,2026-08-29,토,13:34,포장,OTW-E01,강릉 옥수수 에그타르트,에그타르트,1,4800,4800
OTW-260829-051,2026-08-29,토,13:35,매장,OTW-D01,옥수수 밀크티,음료,1,6500,6500
OTW-260829-051,2026-08-29,토,13:35,매장,OTW-E04,피스타치오 에그타르트,에그타르트,1,5800,5800
OTW-260829-052,2026-08-29,토,13:38,포장,OTW-D01,옥수수 밀크티,음료,2,6500,13000
OTW-260829-053,2026-08-29,토,13:44,포장,OTW-E01,강릉 옥수수 에그타르트,에그타르트,1,4800,4800
OTW-260829-054,2026-08-29,토,13:45,매장,OTW-T02,보늬밤 타르트,타르트,1,8500,8500
OTW-260829-054,2026-08-29,토,13:45,매장,OTW-T01,옥수수 타르트,타르트,1,8500,8500
OTW-260829-055,2026-08-29,토,13:45,포장,OTW-P01,아이스크림 파르페,디저트,1,8500,8500
OTW-260829-056,2026-08-29,토,13:56,포장,OTW-D01,옥수수 밀크티,음료,1,6500,6500
OTW-260829-056,2026-08-29,토,13:56,포장,OTW-T01,옥수수 타르트,타르트,1,8500,8500
OTW-260829-056,2026-08-29,토,13:56,포장,OTW-E01,강릉 옥수수 에그타르트,에그타르트,1,4800,4800
OTW-260829-057,2026-08-29,토,13:58,포장,OTW-D01,옥수수 밀크티,음료,1,6500,6500
OTW-260829-058,2026-08-29,토,13:58,매장,OTW-E01,강릉 옥수수 에그타르트,에그타르트,1,4800,4800
OTW-260829-059,2026-08-29,토,13:59,포장,OTW-E03,흑임자&산딸기 에그타르트,에그타르트,1,5500,5500
OTW-260829-059,2026-08-29,토,13:59,포장,OTW-D01,옥수수 밀크티,음료,1,6500,6500
OTW-260829-059,2026-08-29,토,13:59,포장,OTW-E02,강릉 감자&잠봉 에그타르트,에그타르트,1,5200,5200
OTW-260829-060,2026-08-29,토,14:01,포장,OTW-E03,흑임자&산딸기 에그타르트,에그타르트,1,5500,5500
OTW-260829-061,2026-08-29,토,14:04,포장,OTW-D01,옥수수 밀크티,음료,2,6500,13000
OTW-260829-061,2026-08-29,토,14:04,포장,OTW-P01,아이스크림 파르페,디저트,1,8500,8500
OTW-260829-062,2026-08-29,토,14:04,포장,OTW-P01,아이스크림 파르페,디저트,1,8500,8500
OTW-260829-062,2026-08-29,토,14:04,포장,OTW-P01,아이스크림 파르페,디저트,1,8500,8500
OTW-260829-063,2026-08-29,토,14:07,포장,OTW-E01,강릉 옥수수 에그타르트,에그타르트,1,4800,4800
OTW-260829-063,2026-08-29,토,14:07,포장,OTW-T01,옥수수 타르트,타르트,1,8500,8500
OTW-260829-064,2026-08-29,토,14:09,포장,OTW-D01,옥수수 밀크티,음료,1,6500,6500
OTW-260829-065,2026-08-29,토,14:20,포장,OTW-E01,강릉 옥수수 에그타르트,에그타르트,1,4800,4800
OTW-260829-066,2026-08-29,토,14:25,매장,OTW-T01,옥수수 타르트,타르트,1,8500,8500
OTW-260829-067,2026-08-29,토,14:29,포장,OTW-E02,강릉 감자&잠봉 에그타르트,에그타르트,2,5200,10400
OTW-260829-067,2026-08-29,토,14:29,포장,OTW-E01,강릉 옥수수 에그타르트,에그타르트,2,4800,9600
OTW-260829-067,2026-08-29,토,14:29,포장,OTW-E01,강릉 옥수수 에그타르트,에그타르트,1,4800,4800
OTW-260829-068,2026-08-29,토,14:29,매장,OTW-E01,강릉 옥수수 에그타르트,에그타르트,1,4800,4800
OTW-260829-069,2026-08-29,토,14:29,포장,OTW-E02,강릉 감자&잠봉 에그타르트,에그타르트,2,5200,10400
OTW-260829-070,2026-08-29,토,14:35,포장,OTW-E04,피스타치오 에그타르트,에그타르트,1,5800,5800
OTW-260829-071,2026-08-29,토,14:37,포장,OTW-D01,옥수수 밀크티,음료,1,6500,6500
OTW-260829-071,2026-08-29,토,14:37,포장,OTW-E01,강릉 옥수수 에그타르트,에그타르트,1,4800,4800
OTW-260829-072,2026-08-29,토,14:39,매장,OTW-E03,흑임자&산딸기 에그타르트,에그타르트,1,5500,5500
OTW-260829-072,2026-08-29,토,14:39,매장,OTW-T01,옥수수 타르트,타르트,1,8500,8500
OTW-260829-073,2026-08-29,토,14:40,포장,OTW-D01,옥수수 밀크티,음료,1,6500,6500
OTW-260829-073,2026-08-29,토,14:40,포장,OTW-T04,자몽 망고 요거트 타르트,타르트,2,9600,19200
OTW-260829-074,2026-08-29,토,14:42,매장,OTW-E01,강릉 옥수수 에그타르트,에그타르트,1,4800,4800
OTW-260829-074,2026-08-29,토,14:42,매장,OTW-E01,강릉 옥수수 에그타르트,에그타르트,1,4800,4800
OTW-260829-075,2026-08-29,토,14:46,포장,OTW-E04,피스타치오 에그타르트,에그타르트,2,5800,11600
OTW-260829-075,2026-08-29,토,14:46,포장,OTW-E03,흑임자&산딸기 에그타르트,에그타르트,2,5500,11000
OTW-260829-076,2026-08-29,토,14:46,포장,OTW-E02,강릉 감자&잠봉 에그타르트,에그타르트,1,5200,5200
OTW-260829-077,2026-08-29,토,14:47,포장,OTW-D01,옥수수 밀크티,음료,1,6500,6500
OTW-260829-078,2026-08-29,토,14:50,포장,OTW-D01,옥수수 밀크티,음료,1,6500,6500
OTW-260829-078,2026-08-29,토,14:50,포장,OTW-D01,옥수수 밀크티,음료,1,6500,6500
OTW-260829-078,2026-08-29,토,14:50,포장,OTW-T03,말차 타르트,타르트,1,9100,9100
OTW-260829-079,2026-08-29,토,14:50,매장,OTW-T02,보늬밤 타르트,타르트,1,8500,8500
OTW-260829-080,2026-08-29,토,14:51,포장,OTW-T02,보늬밤 타르트,타르트,1,8500,8500
OTW-260829-080,2026-08-29,토,14:51,포장,OTW-D01,옥수수 밀크티,음료,1,6500,6500
OTW-260829-081,2026-08-29,토,14:51,포장,OTW-E01,강릉 옥수수 에그타르트,에그타르트,1,4800,4800
OTW-260829-082,2026-08-29,토,14:53,포장,OTW-E03,흑임자&산딸기 에그타르트,에그타르트,1,5500,5500
OTW-260829-082,2026-08-29,토,14:53,포장,OTW-T03,말차 타르트,타르트,1,9100,9100
OTW-260829-083,2026-08-29,토,14:53,포장,OTW-D01,옥수수 밀크티,음료,1,6500,6500
OTW-260829-084,2026-08-29,토,14:57,포장,OTW-E01,강릉 옥수수 에그타르트,에그타르트,2,4800,9600
OTW-260829-085,2026-08-29,토,14:57,포장,OTW-T01,옥수수 타르트,타르트,2,8500,17000
OTW-260829-085,2026-08-29,토,14:57,포장,OTW-T03,말차 타르트,타르트,1,9100,9100
OTW-260829-085,2026-08-29,토,14:57,포장,OTW-D01,옥수수 밀크티,음료,1,6500,6500
OTW-260829-086,2026-08-29,토,14:58,포장,OTW-E02,강릉 감자&잠봉 에그타르트,에그타르트,1,5200,5200
OTW-260829-087,2026-08-29,토,15:00,포장,OTW-E02,강릉 감자&잠봉 에그타르트,에그타르트,1,5200,5200
OTW-260829-087,2026-08-29,토,15:00,포장,OTW-E01,강릉 옥수수 에그타르트,에그타르트,1,4800,4800
OTW-260829-088,2026-08-29,토,15:01,매장,OTW-T01,옥수수 타르트,타르트,2,8500,17000
OTW-260829-088,2026-08-29,토,15:01,매장,OTW-T01,옥수수 타르트,타르트,1,8500,8500
OTW-260829-089,2026-08-29,토,15:01,포장,OTW-T01,옥수수 타르트,타르트,1,8500,8500
OTW-260829-089,2026-08-29,토,15:01,포장,OTW-T03,말차 타르트,타르트,1,9100,9100
OTW-260829-090,2026-08-29,토,15:04,포장,OTW-E04,피스타치오 에그타르트,에그타르트,1,5800,5800
OTW-260829-090,2026-08-29,토,15:04,포장,OTW-D01,옥수수 밀크티,음료,1,6500,6500
OTW-260829-091,2026-08-29,토,15:09,포장,OTW-E04,피스타치오 에그타르트,에그타르트,1,5800,5800
OTW-260829-091,2026-08-29,토,15:09,포장,OTW-E03,흑임자&산딸기 에그타르트,에그타르트,1,5500,5500
OTW-260829-091,2026-08-29,토,15:09,포장,OTW-E02,강릉 감자&잠봉 에그타르트,에그타르트,2,5200,10400
OTW-260829-092,2026-08-29,토,15:09,포장,OTW-T04,자몽 망고 요거트 타르트,타르트,2,9600,19200
OTW-260829-093,2026-08-29,토,15:11,포장,OTW-T01,옥수수 타르트,타르트,2,8500,17000
OTW-260829-093,2026-08-29,토,15:11,포장,OTW-E04,피스타치오 에그타르트,에그타르트,2,5800,11600
OTW-260829-094,2026-08-29,토,15:12,포장,OTW-E01,강릉 옥수수 에그타르트,에그타르트,1,4800,4800
OTW-260829-094,2026-08-29,토,15:12,포장,OTW-P01,아이스크림 파르페,디저트,1,8500,8500
OTW-260829-095,2026-08-29,토,15:16,포장,OTW-T01,옥수수 타르트,타르트,2,8500,17000
OTW-260829-096,2026-08-29,토,15:17,포장,OTW-T01,옥수수 타르트,타르트,1,8500,8500
OTW-260829-097,2026-08-29,토,15:28,포장,OTW-E02,강릉 감자&잠봉 에그타르트,에그타르트,1,5200,5200
OTW-260829-098,2026-08-29,토,15:28,매장,OTW-E04,피스타치오 에그타르트,에그타르트,1,5800,5800
OTW-260829-098,2026-08-29,토,15:28,매장,OTW-E01,강릉 옥수수 에그타르트,에그타르트,1,4800,4800
OTW-260829-098,2026-08-29,토,15:28,매장,OTW-T03,말차 타르트,타르트,1,9100,9100
OTW-260829-099,2026-08-29,토,15:28,매장,OTW-T02,보늬밤 타르트,타르트,1,8500,8500
OTW-260830-001,2026-08-30,일,12:02,포장,OTW-C01,오프더월 x 풀노리 옥수수 아이스크림,협업상품,1,6500,6500
OTW-260830-002,2026-08-30,일,12:03,매장,OTW-E02,강릉 감자&잠봉 에그타르트,에그타르트,1,5200,5200
OTW-260830-002,2026-08-30,일,12:03,매장,OTW-E01,강릉 옥수수 에그타르트,에그타르트,1,4800,4800
OTW-260830-003,2026-08-30,일,12:05,포장,OTW-D01,옥수수 밀크티,음료,1,6500,6500
OTW-260830-003,2026-08-30,일,12:05,포장,OTW-E02,강릉 감자&잠봉 에그타르트,에그타르트,1,5200,5200
OTW-260830-004,2026-08-30,일,12:19,포장,OTW-T02,보늬밤 타르트,타르트,1,8500,8500
OTW-260830-004,2026-08-30,일,12:19,포장,OTW-E02,강릉 감자&잠봉 에그타르트,에그타르트,1,5200,5200
OTW-260830-005,2026-08-30,일,12:23,포장,OTW-E01,강릉 옥수수 에그타르트,에그타르트,1,4800,4800
OTW-260830-005,2026-08-30,일,12:23,포장,OTW-T02,보늬밤 타르트,타르트,1,8500,8500
OTW-260830-006,2026-08-30,일,12:25,매장,OTW-T04,자몽 망고 요거트 타르트,타르트,1,9600,9600
OTW-260830-007,2026-08-30,일,12:26,포장,OTW-D01,옥수수 밀크티,음료,1,6500,6500
OTW-260830-008,2026-08-30,일,12:31,매장,OTW-T01,옥수수 타르트,타르트,1,8500,8500
OTW-260830-008,2026-08-30,일,12:31,매장,OTW-T02,보늬밤 타르트,타르트,1,8500,8500
OTW-260830-009,2026-08-30,일,12:31,포장,OTW-E01,강릉 옥수수 에그타르트,에그타르트,1,4800,4800
OTW-260830-010,2026-08-30,일,12:33,매장,OTW-P01,아이스크림 파르페,디저트,1,8500,8500
OTW-260830-011,2026-08-30,일,12:36,포장,OTW-D01,옥수수 밀크티,음료,1,6500,6500
OTW-260830-012,2026-08-30,일,12:38,매장,OTW-E01,강릉 옥수수 에그타르트,에그타르트,1,4800,4800
OTW-260830-012,2026-08-30,일,12:38,매장,OTW-T01,옥수수 타르트,타르트,1,8500,8500
OTW-260830-013,2026-08-30,일,12:43,매장,OTW-C01,오프더월 x 풀노리 옥수수 아이스크림,협업상품,2,6500,13000
OTW-260830-014,2026-08-30,일,12:44,매장,OTW-C01,오프더월 x 풀노리 옥수수 아이스크림,협업상품,1,6500,6500
OTW-260830-014,2026-08-30,일,12:44,매장,OTW-C01,오프더월 x 풀노리 옥수수 아이스크림,협업상품,1,6500,6500
OTW-260830-015,2026-08-30,일,12:48,포장,OTW-D01,옥수수 밀크티,음료,1,6500,6500
OTW-260830-015,2026-08-30,일,12:48,포장,OTW-E02,강릉 감자&잠봉 에그타르트,에그타르트,1,5200,5200
OTW-260830-016,2026-08-30,일,12:52,매장,OTW-D01,옥수수 밀크티,음료,1,6500,6500
OTW-260830-016,2026-08-30,일,12:52,매장,OTW-C01,오프더월 x 풀노리 옥수수 아이스크림,협업상품,1,6500,6500
OTW-260830-016,2026-08-30,일,12:52,매장,OTW-T04,자몽 망고 요거트 타르트,타르트,1,9600,9600
OTW-260830-017,2026-08-30,일,12:55,매장,OTW-E03,흑임자&산딸기 에그타르트,에그타르트,1,5500,5500
OTW-260830-018,2026-08-30,일,13:08,매장,OTW-C01,오프더월 x 풀노리 옥수수 아이스크림,협업상품,1,6500,6500
OTW-260830-019,2026-08-30,일,13:12,포장,OTW-E01,강릉 옥수수 에그타르트,에그타르트,1,4800,4800
OTW-260830-019,2026-08-30,일,13:12,포장,OTW-E02,강릉 감자&잠봉 에그타르트,에그타르트,1,5200,5200
OTW-260830-020,2026-08-30,일,13:13,포장,OTW-P01,아이스크림 파르페,디저트,1,8500,8500
OTW-260830-020,2026-08-30,일,13:13,포장,OTW-E01,강릉 옥수수 에그타르트,에그타르트,1,4800,4800
OTW-260830-021,2026-08-30,일,13:14,포장,OTW-C01,오프더월 x 풀노리 옥수수 아이스크림,협업상품,1,6500,6500
OTW-260830-021,2026-08-30,일,13:14,포장,OTW-E02,강릉 감자&잠봉 에그타르트,에그타르트,1,5200,5200
OTW-260830-022,2026-08-30,일,13:15,포장,OTW-C01,오프더월 x 풀노리 옥수수 아이스크림,협업상품,1,6500,6500
OTW-260830-023,2026-08-30,일,13:15,포장,OTW-E01,강릉 옥수수 에그타르트,에그타르트,1,4800,4800
OTW-260830-023,2026-08-30,일,13:15,포장,OTW-E03,흑임자&산딸기 에그타르트,에그타르트,2,5500,11000
OTW-260830-023,2026-08-30,일,13:15,포장,OTW-T01,옥수수 타르트,타르트,1,8500,8500
OTW-260830-024,2026-08-30,일,13:17,포장,OTW-T03,말차 타르트,타르트,1,9100,9100
OTW-260830-024,2026-08-30,일,13:17,포장,OTW-E03,흑임자&산딸기 에그타르트,에그타르트,1,5500,5500
OTW-260830-025,2026-08-30,일,13:17,포장,OTW-E03,흑임자&산딸기 에그타르트,에그타르트,1,5500,5500
OTW-260830-025,2026-08-30,일,13:17,포장,OTW-E03,흑임자&산딸기 에그타르트,에그타르트,1,5500,5500
OTW-260830-026,2026-08-30,일,13:18,매장,OTW-E03,흑임자&산딸기 에그타르트,에그타르트,2,5500,11000
OTW-260830-026,2026-08-30,일,13:18,매장,OTW-D01,옥수수 밀크티,음료,1,6500,6500
OTW-260830-027,2026-08-30,일,13:20,매장,OTW-E03,흑임자&산딸기 에그타르트,에그타르트,1,5500,5500
OTW-260830-028,2026-08-30,일,13:21,포장,OTW-E03,흑임자&산딸기 에그타르트,에그타르트,1,5500,5500
OTW-260830-029,2026-08-30,일,13:22,포장,OTW-C01,오프더월 x 풀노리 옥수수 아이스크림,협업상품,1,6500,6500
OTW-260830-030,2026-08-30,일,13:23,매장,OTW-T01,옥수수 타르트,타르트,1,8500,8500
OTW-260830-030,2026-08-30,일,13:23,매장,OTW-T01,옥수수 타르트,타르트,1,8500,8500
OTW-260830-031,2026-08-30,일,13:29,매장,OTW-C01,오프더월 x 풀노리 옥수수 아이스크림,협업상품,1,6500,6500
OTW-260830-032,2026-08-30,일,13:32,매장,OTW-C01,오프더월 x 풀노리 옥수수 아이스크림,협업상품,1,6500,6500
OTW-260830-033,2026-08-30,일,13:33,포장,OTW-E03,흑임자&산딸기 에그타르트,에그타르트,2,5500,11000
OTW-260830-034,2026-08-30,일,13:37,포장,OTW-D01,옥수수 밀크티,음료,1,6500,6500
OTW-260830-035,2026-08-30,일,13:37,포장,OTW-T01,옥수수 타르트,타르트,1,8500,8500
OTW-260830-036,2026-08-30,일,13:38,포장,OTW-C01,오프더월 x 풀노리 옥수수 아이스크림,협업상품,1,6500,6500
OTW-260830-036,2026-08-30,일,13:38,포장,OTW-C01,오프더월 x 풀노리 옥수수 아이스크림,협업상품,1,6500,6500
OTW-260830-037,2026-08-30,일,13:39,포장,OTW-T01,옥수수 타르트,타르트,2,8500,17000
OTW-260830-038,2026-08-30,일,13:43,포장,OTW-P01,아이스크림 파르페,디저트,1,8500,8500
OTW-260830-038,2026-08-30,일,13:43,포장,OTW-C01,오프더월 x 풀노리 옥수수 아이스크림,협업상품,1,6500,6500
OTW-260830-039,2026-08-30,일,13:46,포장,OTW-E01,강릉 옥수수 에그타르트,에그타르트,1,4800,4800
OTW-260830-039,2026-08-30,일,13:46,포장,OTW-D01,옥수수 밀크티,음료,2,6500,13000
OTW-260830-040,2026-08-30,일,13:50,포장,OTW-D01,옥수수 밀크티,음료,1,6500,6500
OTW-260830-040,2026-08-30,일,13:50,포장,OTW-E04,피스타치오 에그타르트,에그타르트,1,5800,5800
OTW-260830-040,2026-08-30,일,13:50,포장,OTW-T01,옥수수 타르트,타르트,2,8500,17000
OTW-260830-041,2026-08-30,일,13:50,포장,OTW-E04,피스타치오 에그타르트,에그타르트,1,5800,5800
OTW-260830-042,2026-08-30,일,14:04,포장,OTW-D01,옥수수 밀크티,음료,1,6500,6500
OTW-260830-043,2026-08-30,일,14:04,포장,OTW-C01,오프더월 x 풀노리 옥수수 아이스크림,협업상품,2,6500,13000
OTW-260830-043,2026-08-30,일,14:04,포장,OTW-C01,오프더월 x 풀노리 옥수수 아이스크림,협업상품,1,6500,6500
OTW-260830-044,2026-08-30,일,14:06,매장,OTW-D01,옥수수 밀크티,음료,1,6500,6500
OTW-260830-045,2026-08-30,일,14:06,포장,OTW-C01,오프더월 x 풀노리 옥수수 아이스크림,협업상품,1,6500,6500
OTW-260830-045,2026-08-30,일,14:06,포장,OTW-D01,옥수수 밀크티,음료,1,6500,6500
OTW-260830-045,2026-08-30,일,14:06,포장,OTW-E04,피스타치오 에그타르트,에그타르트,1,5800,5800
OTW-260830-046,2026-08-30,일,14:08,포장,OTW-P01,아이스크림 파르페,디저트,1,8500,8500
OTW-260830-046,2026-08-30,일,14:08,포장,OTW-E01,강릉 옥수수 에그타르트,에그타르트,1,4800,4800
OTW-260830-047,2026-08-30,일,14:13,포장,OTW-E01,강릉 옥수수 에그타르트,에그타르트,1,4800,4800
OTW-260830-047,2026-08-30,일,14:13,포장,OTW-C01,오프더월 x 풀노리 옥수수 아이스크림,협업상품,1,6500,6500
OTW-260830-047,2026-08-30,일,14:13,포장,OTW-T02,보늬밤 타르트,타르트,2,8500,17000
OTW-260830-048,2026-08-30,일,14:15,포장,OTW-E03,흑임자&산딸기 에그타르트,에그타르트,2,5500,11000
OTW-260830-048,2026-08-30,일,14:15,포장,OTW-E04,피스타치오 에그타르트,에그타르트,2,5800,11600
OTW-260830-048,2026-08-30,일,14:15,포장,OTW-E01,강릉 옥수수 에그타르트,에그타르트,1,4800,4800
OTW-260830-049,2026-08-30,일,14:19,매장,OTW-D01,옥수수 밀크티,음료,1,6500,6500
OTW-260830-049,2026-08-30,일,14:19,매장,OTW-T03,말차 타르트,타르트,1,9100,9100
OTW-260830-049,2026-08-30,일,14:19,매장,OTW-P01,아이스크림 파르페,디저트,1,8500,8500
OTW-260830-050,2026-08-30,일,14:20,매장,OTW-E03,흑임자&산딸기 에그타르트,에그타르트,1,5500,5500
OTW-260830-050,2026-08-30,일,14:20,매장,OTW-D01,옥수수 밀크티,음료,1,6500,6500
OTW-260830-051,2026-08-30,일,14:21,매장,OTW-E01,강릉 옥수수 에그타르트,에그타르트,2,4800,9600
OTW-260830-052,2026-08-30,일,14:28,포장,OTW-E01,강릉 옥수수 에그타르트,에그타르트,1,4800,4800
OTW-260830-052,2026-08-30,일,14:28,포장,OTW-D01,옥수수 밀크티,음료,1,6500,6500
OTW-260830-052,2026-08-30,일,14:28,포장,OTW-T01,옥수수 타르트,타르트,1,8500,8500
OTW-260830-053,2026-08-30,일,14:29,포장,OTW-E01,강릉 옥수수 에그타르트,에그타르트,1,4800,4800
OTW-260830-053,2026-08-30,일,14:29,포장,OTW-E02,강릉 감자&잠봉 에그타르트,에그타르트,2,5200,10400
OTW-260830-054,2026-08-30,일,14:30,포장,OTW-D01,옥수수 밀크티,음료,1,6500,6500
OTW-260830-054,2026-08-30,일,14:30,포장,OTW-E02,강릉 감자&잠봉 에그타르트,에그타르트,2,5200,10400
OTW-260830-055,2026-08-30,일,14:39,포장,OTW-P01,아이스크림 파르페,디저트,1,8500,8500
OTW-260830-056,2026-08-30,일,14:43,포장,OTW-T04,자몽 망고 요거트 타르트,타르트,2,9600,19200
OTW-260830-057,2026-08-30,일,14:43,매장,OTW-T02,보늬밤 타르트,타르트,1,8500,8500
OTW-260830-057,2026-08-30,일,14:43,매장,OTW-E01,강릉 옥수수 에그타르트,에그타르트,1,4800,4800
OTW-260830-058,2026-08-30,일,14:47,포장,OTW-T02,보늬밤 타르트,타르트,1,8500,8500
OTW-260830-059,2026-08-30,일,14:48,포장,OTW-E01,강릉 옥수수 에그타르트,에그타르트,1,4800,4800
OTW-260830-059,2026-08-30,일,14:48,포장,OTW-E04,피스타치오 에그타르트,에그타르트,1,5800,5800
OTW-260830-060,2026-08-30,일,14:55,포장,OTW-D01,옥수수 밀크티,음료,1,6500,6500
OTW-260830-060,2026-08-30,일,14:55,포장,OTW-T03,말차 타르트,타르트,1,9100,9100
OTW-260830-061,2026-08-30,일,14:58,포장,OTW-E01,강릉 옥수수 에그타르트,에그타르트,1,4800,4800
OTW-260830-061,2026-08-30,일,14:58,포장,OTW-E01,강릉 옥수수 에그타르트,에그타르트,1,4800,4800
OTW-260830-062,2026-08-30,일,14:58,포장,OTW-E03,흑임자&산딸기 에그타르트,에그타르트,1,5500,5500
OTW-260830-062,2026-08-30,일,14:58,포장,OTW-D01,옥수수 밀크티,음료,1,6500,6500
OTW-260830-063,2026-08-30,일,15:02,포장,OTW-T03,말차 타르트,타르트,1,9100,9100
OTW-260830-064,2026-08-30,일,15:03,포장,OTW-E04,피스타치오 에그타르트,에그타르트,1,5800,5800
OTW-260830-065,2026-08-30,일,15:03,포장,OTW-T01,옥수수 타르트,타르트,1,8500,8500
OTW-260830-065,2026-08-30,일,15:03,포장,OTW-E04,피스타치오 에그타르트,에그타르트,1,5800,5800
OTW-260830-066,2026-08-30,일,15:06,포장,OTW-T04,자몽 망고 요거트 타르트,타르트,1,9600,9600
OTW-260830-066,2026-08-30,일,15:06,포장,OTW-E03,흑임자&산딸기 에그타르트,에그타르트,1,5500,5500
OTW-260830-067,2026-08-30,일,15:12,포장,OTW-E02,강릉 감자&잠봉 에그타르트,에그타르트,1,5200,5200
OTW-260830-067,2026-08-30,일,15:12,포장,OTW-P01,아이스크림 파르페,디저트,1,8500,8500
OTW-260830-068,2026-08-30,일,15:13,포장,OTW-E04,피스타치오 에그타르트,에그타르트,1,5800,5800
OTW-260830-068,2026-08-30,일,15:13,포장,OTW-E01,강릉 옥수수 에그타르트,에그타르트,1,4800,4800
OTW-260830-069,2026-08-30,일,15:23,포장,OTW-E02,강릉 감자&잠봉 에그타르트,에그타르트,1,5200,5200
OTW-260830-070,2026-08-30,일,15:28,매장,OTW-T03,말차 타르트,타르트,1,9100,9100
OTW-260830-070,2026-08-30,일,15:28,매장,OTW-T03,말차 타르트,타르트,1,9100,9100
OTW-260830-071,2026-08-30,일,15:32,포장,OTW-D01,옥수수 밀크티,음료,1,6500,6500
OTW-260830-071,2026-08-30,일,15:32,포장,OTW-E01,강릉 옥수수 에그타르트,에그타르트,1,4800,4800
OTW-260830-071,2026-08-30,일,15:32,포장,OTW-E01,강릉 옥수수 에그타르트,에그타르트,1,4800,4800
OTW-260830-072,2026-08-30,일,15:33,포장,OTW-D01,옥수수 밀크티,음료,1,6500,6500
OTW-260830-073,2026-08-30,일,15:36,포장,OTW-D01,옥수수 밀크티,음료,2,6500,13000
OTW-260830-074,2026-08-30,일,15:47,매장,OTW-E02,강릉 감자&잠봉 에그타르트,에그타르트,1,5200,5200
OTW-260830-074,2026-08-30,일,15:47,매장,OTW-E01,강릉 옥수수 에그타르트,에그타르트,1,4800,4800
OTW-260830-074,2026-08-30,일,15:47,매장,OTW-E03,흑임자&산딸기 에그타르트,에그타르트,1,5500,5500
OTW-260830-075,2026-08-30,일,15:53,포장,OTW-E01,강릉 옥수수 에그타르트,에그타르트,1,4800,4800
OTW-260830-076,2026-08-30,일,15:53,포장,OTW-E02,강릉 감자&잠봉 에그타르트,에그타르트,1,5200,5200
OTW-260830-077,2026-08-30,일,15:53,매장,OTW-E04,피스타치오 에그타르트,에그타르트,1,5800,5800
OTW-260830-078,2026-08-30,일,15:54,포장,OTW-E03,흑임자&산딸기 에그타르트,에그타르트,1,5500,5500
OTW-260830-079,2026-08-30,일,15:54,매장,OTW-E03,흑임자&산딸기 에그타르트,에그타르트,1,5500,5500
OTW-260830-079,2026-08-30,일,15:54,매장,OTW-E03,흑임자&산딸기 에그타르트,에그타르트,2,5500,11000
OTW-260830-080,2026-08-30,일,16:04,포장,OTW-E01,강릉 옥수수 에그타르트,에그타르트,1,4800,4800
OTW-260830-080,2026-08-30,일,16:04,포장,OTW-E04,피스타치오 에그타르트,에그타르트,1,5800,5800
OTW-260830-080,2026-08-30,일,16:04,포장,OTW-T02,보늬밤 타르트,타르트,2,8500,17000
OTW-260830-081,2026-08-30,일,16:08,포장,OTW-T02,보늬밤 타르트,타르트,2,8500,17000
OTW-260830-082,2026-08-30,일,16:13,포장,OTW-D01,옥수수 밀크티,음료,1,6500,6500
OTW-260830-082,2026-08-30,일,16:13,포장,OTW-D01,옥수수 밀크티,음료,1,6500,6500
OTW-260830-083,2026-08-30,일,16:15,포장,OTW-T02,보늬밤 타르트,타르트,1,8500,8500
OTW-260830-084,2026-08-30,일,16:15,포장,OTW-D01,옥수수 밀크티,음료,2,6500,13000
OTW-260830-085,2026-08-30,일,16:20,포장,OTW-E02,강릉 감자&잠봉 에그타르트,에그타르트,1,5200,5200
OTW-260830-086,2026-08-30,일,16:21,포장,OTW-D01,옥수수 밀크티,음료,1,6500,6500
OTW-260830-087,2026-08-30,일,16:21,매장,OTW-P01,아이스크림 파르페,디저트,1,8500,8500
OTW-260830-087,2026-08-30,일,16:21,매장,OTW-D01,옥수수 밀크티,음료,1,6500,6500
OTW-260830-088,2026-08-30,일,16:23,매장,OTW-T04,자몽 망고 요거트 타르트,타르트,1,9600,9600
OTW-260830-089,2026-08-30,일,16:36,매장,OTW-T02,보늬밤 타르트,타르트,1,8500,8500
OTW-260830-090,2026-08-30,일,16:38,포장,OTW-E04,피스타치오 에그타르트,에그타르트,1,5800,5800
OTW-260830-091,2026-08-30,일,16:38,포장,OTW-E01,강릉 옥수수 에그타르트,에그타르트,2,4800,9600
OTW-260830-091,2026-08-30,일,16:38,포장,OTW-E01,강릉 옥수수 에그타르트,에그타르트,1,4800,4800
OTW-260830-091,2026-08-30,일,16:38,포장,OTW-T04,자몽 망고 요거트 타르트,타르트,1,9600,9600
OTW-260830-092,2026-08-30,일,16:43,포장,OTW-E01,강릉 옥수수 에그타르트,에그타르트,1,4800,4800
OTW-260831-001,2026-08-31,월,12:10,매장,OTW-T03,말차 타르트,타르트,1,9100,9100
OTW-260831-002,2026-08-31,월,12:15,포장,OTW-C01,오프더월 x 풀노리 옥수수 아이스크림,협업상품,1,6500,6500
OTW-260831-003,2026-08-31,월,12:21,포장,OTW-E01,강릉 옥수수 에그타르트,에그타르트,2,4800,9600
OTW-260831-004,2026-08-31,월,12:25,포장,OTW-E04,피스타치오 에그타르트,에그타르트,1,5800,5800
OTW-260831-004,2026-08-31,월,12:25,포장,OTW-C01,오프더월 x 풀노리 옥수수 아이스크림,협업상품,1,6500,6500
OTW-260831-005,2026-08-31,월,12:41,매장,OTW-E02,강릉 감자&잠봉 에그타르트,에그타르트,2,5200,10400
OTW-260831-005,2026-08-31,월,12:41,매장,OTW-D01,옥수수 밀크티,음료,1,6500,6500
OTW-260831-006,2026-08-31,월,12:45,포장,OTW-C01,오프더월 x 풀노리 옥수수 아이스크림,협업상품,2,6500,13000
OTW-260831-006,2026-08-31,월,12:45,포장,OTW-C01,오프더월 x 풀노리 옥수수 아이스크림,협업상품,1,6500,6500
OTW-260831-007,2026-08-31,월,12:46,매장,OTW-T01,옥수수 타르트,타르트,1,8500,8500
OTW-260831-007,2026-08-31,월,12:46,매장,OTW-D01,옥수수 밀크티,음료,1,6500,6500
OTW-260831-008,2026-08-31,월,12:56,포장,OTW-E04,피스타치오 에그타르트,에그타르트,1,5800,5800
OTW-260831-009,2026-08-31,월,12:57,포장,OTW-T01,옥수수 타르트,타르트,1,8500,8500
OTW-260831-009,2026-08-31,월,12:57,포장,OTW-D01,옥수수 밀크티,음료,1,6500,6500
OTW-260831-010,2026-08-31,월,12:57,매장,OTW-D01,옥수수 밀크티,음료,1,6500,6500
OTW-260831-011,2026-08-31,월,13:00,포장,OTW-D01,옥수수 밀크티,음료,1,6500,6500
OTW-260831-012,2026-08-31,월,13:09,매장,OTW-P01,아이스크림 파르페,디저트,1,8500,8500
OTW-260831-012,2026-08-31,월,13:09,매장,OTW-E03,흑임자&산딸기 에그타르트,에그타르트,2,5500,11000
OTW-260831-013,2026-08-31,월,13:13,포장,OTW-E02,강릉 감자&잠봉 에그타르트,에그타르트,2,5200,10400
OTW-260831-013,2026-08-31,월,13:13,포장,OTW-E01,강릉 옥수수 에그타르트,에그타르트,1,4800,4800
OTW-260831-013,2026-08-31,월,13:13,포장,OTW-E04,피스타치오 에그타르트,에그타르트,1,5800,5800
OTW-260831-014,2026-08-31,월,13:13,매장,OTW-E02,강릉 감자&잠봉 에그타르트,에그타르트,1,5200,5200
OTW-260831-015,2026-08-31,월,13:13,포장,OTW-E01,강릉 옥수수 에그타르트,에그타르트,1,4800,4800
OTW-260831-016,2026-08-31,월,13:14,포장,OTW-E01,강릉 옥수수 에그타르트,에그타르트,2,4800,9600
OTW-260831-016,2026-08-31,월,13:14,포장,OTW-E01,강릉 옥수수 에그타르트,에그타르트,1,4800,4800
OTW-260831-017,2026-08-31,월,13:18,포장,OTW-E01,강릉 옥수수 에그타르트,에그타르트,1,4800,4800
OTW-260831-018,2026-08-31,월,13:19,포장,OTW-T02,보늬밤 타르트,타르트,1,8500,8500
OTW-260831-018,2026-08-31,월,13:19,포장,OTW-E01,강릉 옥수수 에그타르트,에그타르트,1,4800,4800
OTW-260831-019,2026-08-31,월,13:20,포장,OTW-E01,강릉 옥수수 에그타르트,에그타르트,1,4800,4800
OTW-260831-019,2026-08-31,월,13:20,포장,OTW-T03,말차 타르트,타르트,1,9100,9100
OTW-260831-020,2026-08-31,월,13:29,포장,OTW-E01,강릉 옥수수 에그타르트,에그타르트,1,4800,4800
OTW-260831-020,2026-08-31,월,13:29,포장,OTW-T01,옥수수 타르트,타르트,1,8500,8500
OTW-260831-021,2026-08-31,월,13:47,포장,OTW-E01,강릉 옥수수 에그타르트,에그타르트,1,4800,4800
OTW-260831-022,2026-08-31,월,13:48,포장,OTW-T01,옥수수 타르트,타르트,1,8500,8500
OTW-260831-023,2026-08-31,월,13:59,매장,OTW-D01,옥수수 밀크티,음료,1,6500,6500
OTW-260831-024,2026-08-31,월,14:03,매장,OTW-E02,강릉 감자&잠봉 에그타르트,에그타르트,1,5200,5200
OTW-260831-025,2026-08-31,월,14:03,포장,OTW-T03,말차 타르트,타르트,1,9100,9100
OTW-260831-025,2026-08-31,월,14:03,포장,OTW-E02,강릉 감자&잠봉 에그타르트,에그타르트,1,5200,5200
OTW-260831-026,2026-08-31,월,14:14,포장,OTW-E02,강릉 감자&잠봉 에그타르트,에그타르트,1,5200,5200
OTW-260831-026,2026-08-31,월,14:14,포장,OTW-E04,피스타치오 에그타르트,에그타르트,1,5800,5800
OTW-260831-026,2026-08-31,월,14:14,포장,OTW-E02,강릉 감자&잠봉 에그타르트,에그타르트,2,5200,10400
OTW-260831-027,2026-08-31,월,14:19,포장,OTW-E01,강릉 옥수수 에그타르트,에그타르트,1,4800,4800
OTW-260831-027,2026-08-31,월,14:19,포장,OTW-D01,옥수수 밀크티,음료,1,6500,6500
OTW-260831-027,2026-08-31,월,14:19,포장,OTW-E01,강릉 옥수수 에그타르트,에그타르트,1,4800,4800
OTW-260831-028,2026-08-31,월,14:20,매장,OTW-E02,강릉 감자&잠봉 에그타르트,에그타르트,2,5200,10400
OTW-260831-029,2026-08-31,월,14:21,포장,OTW-P01,아이스크림 파르페,디저트,1,8500,8500
OTW-260831-029,2026-08-31,월,14:21,포장,OTW-P01,아이스크림 파르페,디저트,1,8500,8500
OTW-260831-030,2026-08-31,월,14:25,매장,OTW-D01,옥수수 밀크티,음료,1,6500,6500
OTW-260831-031,2026-08-31,월,14:36,포장,OTW-T01,옥수수 타르트,타르트,1,8500,8500
OTW-260831-031,2026-08-31,월,14:36,포장,OTW-T03,말차 타르트,타르트,1,9100,9100
OTW-260831-032,2026-08-31,월,14:37,포장,OTW-T01,옥수수 타르트,타르트,1,8500,8500
OTW-260831-033,2026-08-31,월,14:41,매장,OTW-E01,강릉 옥수수 에그타르트,에그타르트,2,4800,9600
OTW-260831-034,2026-08-31,월,14:41,매장,OTW-E01,강릉 옥수수 에그타르트,에그타르트,1,4800,4800
OTW-260831-035,2026-08-31,월,14:52,포장,OTW-T01,옥수수 타르트,타르트,1,8500,8500
OTW-260831-035,2026-08-31,월,14:52,포장,OTW-T01,옥수수 타르트,타르트,1,8500,8500
OTW-260831-036,2026-08-31,월,14:52,매장,OTW-D01,옥수수 밀크티,음료,1,6500,6500
OTW-260831-036,2026-08-31,월,14:52,매장,OTW-D01,옥수수 밀크티,음료,1,6500,6500
OTW-260831-037,2026-08-31,월,15:03,매장,OTW-D01,옥수수 밀크티,음료,1,6500,6500
OTW-260831-037,2026-08-31,월,15:03,매장,OTW-E01,강릉 옥수수 에그타르트,에그타르트,2,4800,9600
OTW-260831-038,2026-08-31,월,15:09,포장,OTW-E02,강릉 감자&잠봉 에그타르트,에그타르트,1,5200,5200
OTW-260831-039,2026-08-31,월,15:10,매장,OTW-E03,흑임자&산딸기 에그타르트,에그타르트,1,5500,5500
OTW-260831-039,2026-08-31,월,15:10,매장,OTW-T04,자몽 망고 요거트 타르트,타르트,1,9600,9600
OTW-260831-040,2026-08-31,월,15:18,포장,OTW-T03,말차 타르트,타르트,1,9100,9100
OTW-260831-040,2026-08-31,월,15:18,포장,OTW-E04,피스타치오 에그타르트,에그타르트,1,5800,5800
OTW-260831-041,2026-08-31,월,15:18,매장,OTW-E04,피스타치오 에그타르트,에그타르트,1,5800,5800
OTW-260831-041,2026-08-31,월,15:18,매장,OTW-P01,아이스크림 파르페,디저트,1,8500,8500
OTW-260831-042,2026-08-31,월,15:36,매장,OTW-E03,흑임자&산딸기 에그타르트,에그타르트,1,5500,5500
OTW-260831-042,2026-08-31,월,15:36,매장,OTW-T02,보늬밤 타르트,타르트,1,8500,8500
OTW-260831-043,2026-08-31,월,15:39,포장,OTW-D01,옥수수 밀크티,음료,1,6500,6500
OTW-260831-043,2026-08-31,월,15:39,포장,OTW-E04,피스타치오 에그타르트,에그타르트,1,5800,5800
OTW-260831-044,2026-08-31,월,15:40,포장,OTW-E01,강릉 옥수수 에그타르트,에그타르트,1,4800,4800
OTW-260831-044,2026-08-31,월,15:40,포장,OTW-T04,자몽 망고 요거트 타르트,타르트,1,9600,9600
OTW-260831-045,2026-08-31,월,15:45,포장,OTW-D01,옥수수 밀크티,음료,1,6500,6500
OTW-260831-045,2026-08-31,월,15:45,포장,OTW-E04,피스타치오 에그타르트,에그타르트,1,5800,5800
OTW-260831-046,2026-08-31,월,15:46,포장,OTW-T01,옥수수 타르트,타르트,1,8500,8500
OTW-260831-047,2026-08-31,월,16:04,포장,OTW-D01,옥수수 밀크티,음료,1,6500,6500
OTW-260831-047,2026-08-31,월,16:04,포장,OTW-P01,아이스크림 파르페,디저트,1,8500,8500
OTW-260831-047,2026-08-31,월,16:04,포장,OTW-E01,강릉 옥수수 에그타르트,에그타르트,1,4800,4800
OTW-260831-048,2026-08-31,월,16:05,매장,OTW-D01,옥수수 밀크티,음료,1,6500,6500
OTW-260831-048,2026-08-31,월,16:05,매장,OTW-D01,옥수수 밀크티,음료,1,6500,6500
OTW-260831-048,2026-08-31,월,16:05,매장,OTW-T01,옥수수 타르트,타르트,1,8500,8500
OTW-260831-049,2026-08-31,월,16:08,매장,OTW-E02,강릉 감자&잠봉 에그타르트,에그타르트,1,5200,5200
OTW-260831-049,2026-08-31,월,16:08,매장,OTW-T01,옥수수 타르트,타르트,1,8500,8500
OTW-260831-050,2026-08-31,월,16:08,포장,OTW-T04,자몽 망고 요거트 타르트,타르트,1,9600,9600
OTW-260831-050,2026-08-31,월,16:08,포장,OTW-D01,옥수수 밀크티,음료,2,6500,13000
OTW-260831-051,2026-08-31,월,16:08,포장,OTW-E01,강릉 옥수수 에그타르트,에그타르트,1,4800,4800
OTW-260831-051,2026-08-31,월,16:08,포장,OTW-E04,피스타치오 에그타르트,에그타르트,1,5800,5800
OTW-260831-051,2026-08-31,월,16:08,포장,OTW-E01,강릉 옥수수 에그타르트,에그타르트,1,4800,4800
OTW-260831-052,2026-08-31,월,16:10,포장,OTW-E02,강릉 감자&잠봉 에그타르트,에그타르트,1,5200,5200
OTW-260831-052,2026-08-31,월,16:10,포장,OTW-E02,강릉 감자&잠봉 에그타르트,에그타르트,1,5200,5200
OTW-260831-053,2026-08-31,월,16:14,매장,OTW-T03,말차 타르트,타르트,1,9100,9100
OTW-260831-053,2026-08-31,월,16:14,매장,OTW-E03,흑임자&산딸기 에그타르트,에그타르트,1,5500,5500
OTW-260831-054,2026-08-31,월,16:23,포장,OTW-E01,강릉 옥수수 에그타르트,에그타르트,2,4800,9600
OTW-260831-055,2026-08-31,월,16:25,포장,OTW-E01,강릉 옥수수 에그타르트,에그타르트,1,4800,4800
OTW-260831-056,2026-08-31,월,16:28,포장,OTW-D01,옥수수 밀크티,음료,1,6500,6500
OTW-260831-057,2026-08-31,월,16:37,포장,OTW-D01,옥수수 밀크티,음료,1,6500,6500
OTW-260831-058,2026-08-31,월,16:39,매장,OTW-E01,강릉 옥수수 에그타르트,에그타르트,1,4800,4800
OTW-260831-059,2026-08-31,월,16:49,포장,OTW-D01,옥수수 밀크티,음료,1,6500,6500
OTW-260831-059,2026-08-31,월,16:49,포장,OTW-E02,강릉 감자&잠봉 에그타르트,에그타르트,1,5200,5200
OTW-260831-059,2026-08-31,월,16:49,포장,OTW-E02,강릉 감자&잠봉 에그타르트,에그타르트,1,5200,5200
OTW-260831-060,2026-08-31,월,16:51,포장,OTW-E01,강릉 옥수수 에그타르트,에그타르트,1,4800,4800
OTW-260831-061,2026-08-31,월,17:07,매장,OTW-E01,강릉 옥수수 에그타르트,에그타르트,2,4800,9600
OTW-260831-062,2026-08-31,월,17:08,포장,OTW-D01,옥수수 밀크티,음료,1,6500,6500
OTW-260831-062,2026-08-31,월,17:08,포장,OTW-D01,옥수수 밀크티,음료,1,6500,6500
OTW-260831-063,2026-08-31,월,17:12,포장,OTW-E03,흑임자&산딸기 에그타르트,에그타르트,1,5500,5500
OTW-260831-063,2026-08-31,월,17:12,포장,OTW-E01,강릉 옥수수 에그타르트,에그타르트,1,4800,4800
OTW-260831-064,2026-08-31,월,17:17,포장,OTW-E01,강릉 옥수수 에그타르트,에그타르트,1,4800,4800
OTW-260831-064,2026-08-31,월,17:17,포장,OTW-E04,피스타치오 에그타르트,에그타르트,1,5800,5800
OTW-260831-065,2026-08-31,월,17:29,포장,OTW-E01,강릉 옥수수 에그타르트,에그타르트,1,4800,4800
OTW-260831-065,2026-08-31,월,17:29,포장,OTW-D01,옥수수 밀크티,음료,1,6500,6500
OTW-260831-065,2026-08-31,월,17:29,포장,OTW-E03,흑임자&산딸기 에그타르트,에그타르트,1,5500,5500
