주문번호,일자,요일,시각,상품코드,상품명,카테고리,수량,단가,금액
PN-260801-001,2026-08-01,토,13:11,PN-104,sol candle,리빙·프래그런스,1,23000,23000
PN-260801-002,2026-08-01,토,16:55,PN-101,sol diffuser,리빙·프래그런스,1,46000,46000
PN-260801-003,2026-08-01,토,17:04,PN-107,pattern mini glass,글라스웨어,1,15000,15000
PN-260801-004,2026-08-01,토,14:05,PN-104,sol candle,리빙·프래그런스,2,23000,46000
PN-260801-004,2026-08-01,토,14:05,PN-106,Lily bubble glass cup,글라스웨어,1,18500,18500
PN-260801-005,2026-08-01,토,17:17,PN-105,pattern on-the-rocks glass,글라스웨어,1,18500,18500
PN-260801-005,2026-08-01,토,17:17,PN-105,pattern on-the-rocks glass,글라스웨어,1,18500,18500
PN-260801-006,2026-08-01,토,16:43,PN-103,Fog cup blue S,글라스웨어,1,28000,28000
PN-260801-007,2026-08-01,토,12:44,PN-101,sol diffuser,리빙·프래그런스,1,46000,46000
PN-260801-008,2026-08-01,토,18:27,PN-105,pattern on-the-rocks glass,글라스웨어,1,18500,18500
PN-260801-008,2026-08-01,토,18:27,PN-101,sol diffuser,리빙·프래그런스,1,46000,46000
PN-260801-009,2026-08-01,토,13:13,PN-107,pattern mini glass,글라스웨어,2,15000,30000
PN-260801-009,2026-08-01,토,13:13,PN-107,pattern mini glass,글라스웨어,1,15000,15000
PN-260801-010,2026-08-01,토,16:11,PN-107,pattern mini glass,글라스웨어,1,15000,15000
PN-260801-011,2026-08-01,토,15:35,PN-102,sol room-spray,리빙·프래그런스,1,28500,28500
PN-260801-011,2026-08-01,토,15:35,PN-105,pattern on-the-rocks glass,글라스웨어,1,18500,18500
PN-260801-012,2026-08-01,토,15:05,PN-107,pattern mini glass,글라스웨어,1,15000,15000
PN-260801-013,2026-08-01,토,14:51,PN-102,sol room-spray,리빙·프래그런스,1,28500,28500
PN-260801-013,2026-08-01,토,14:51,PN-108,Bubble mini glass,글라스웨어,1,15000,15000
PN-260801-014,2026-08-01,토,14:17,PN-107,pattern mini glass,글라스웨어,1,15000,15000
PN-260801-014,2026-08-01,토,14:17,PN-103,Fog cup blue S,글라스웨어,1,28000,28000
PN-260801-015,2026-08-01,토,16:53,PN-108,Bubble mini glass,글라스웨어,1,15000,15000
PN-260801-015,2026-08-01,토,16:53,PN-104,sol candle,리빙·프래그런스,1,23000,23000
PN-260801-016,2026-08-01,토,14:13,PN-105,pattern on-the-rocks glass,글라스웨어,1,18500,18500
PN-260801-016,2026-08-01,토,14:13,PN-101,sol diffuser,리빙·프래그런스,1,46000,46000
PN-260801-017,2026-08-01,토,17:26,PN-101,sol diffuser,리빙·프래그런스,1,46000,46000
PN-260801-018,2026-08-01,토,17:10,PN-108,Bubble mini glass,글라스웨어,1,15000,15000
PN-260801-018,2026-08-01,토,17:10,PN-103,Fog cup blue S,글라스웨어,1,28000,28000
PN-260801-019,2026-08-01,토,13:48,PN-106,Lily bubble glass cup,글라스웨어,1,18500,18500
PN-260801-019,2026-08-01,토,13:48,PN-101,sol diffuser,리빙·프래그런스,1,46000,46000
PN-260801-020,2026-08-01,토,16:31,PN-108,Bubble mini glass,글라스웨어,1,15000,15000
PN-260801-021,2026-08-01,토,15:16,PN-104,sol candle,리빙·프래그런스,1,23000,23000
PN-260801-022,2026-08-01,토,15:09,PN-105,pattern on-the-rocks glass,글라스웨어,1,18500,18500
PN-260801-023,2026-08-01,토,13:36,PN-106,Lily bubble glass cup,글라스웨어,1,18500,18500
PN-260801-023,2026-08-01,토,13:36,PN-107,pattern mini glass,글라스웨어,1,15000,15000
PN-260801-024,2026-08-01,토,16:42,PN-103,Fog cup blue S,글라스웨어,1,28000,28000
PN-260801-025,2026-08-01,토,12:44,PN-106,Lily bubble glass cup,글라스웨어,1,18500,18500
PN-260801-026,2026-08-01,토,16:15,PN-102,sol room-spray,리빙·프래그런스,1,28500,28500
PN-260801-027,2026-08-01,토,14:39,PN-106,Lily bubble glass cup,글라스웨어,1,18500,18500
PN-260801-027,2026-08-01,토,14:39,PN-105,pattern on-the-rocks glass,글라스웨어,1,18500,18500
PN-260801-028,2026-08-01,토,12:34,PN-105,pattern on-the-rocks glass,글라스웨어,1,18500,18500
PN-260801-028,2026-08-01,토,12:34,PN-103,Fog cup blue S,글라스웨어,1,28000,28000
PN-260801-029,2026-08-01,토,12:39,PN-106,Lily bubble glass cup,글라스웨어,1,18500,18500
PN-260801-030,2026-08-01,토,17:56,PN-104,sol candle,리빙·프래그런스,2,23000,46000
PN-260801-030,2026-08-01,토,17:56,PN-106,Lily bubble glass cup,글라스웨어,1,18500,18500
PN-260801-031,2026-08-01,토,16:32,PN-104,sol candle,리빙·프래그런스,1,23000,23000
PN-260801-032,2026-08-01,토,17:53,PN-105,pattern on-the-rocks glass,글라스웨어,1,18500,18500
PN-260801-033,2026-08-01,토,12:56,PN-107,pattern mini glass,글라스웨어,1,15000,15000
PN-260801-034,2026-08-01,토,17:46,PN-102,sol room-spray,리빙·프래그런스,1,28500,28500
PN-260801-034,2026-08-01,토,17:46,PN-104,sol candle,리빙·프래그런스,1,23000,23000
PN-260801-035,2026-08-01,토,16:24,PN-106,Lily bubble glass cup,글라스웨어,1,18500,18500
PN-260801-036,2026-08-01,토,15:21,PN-103,Fog cup blue S,글라스웨어,2,28000,56000
PN-260801-036,2026-08-01,토,15:21,PN-107,pattern mini glass,글라스웨어,1,15000,15000
PN-260801-037,2026-08-01,토,16:15,PN-107,pattern mini glass,글라스웨어,1,15000,15000
PN-260801-038,2026-08-01,토,13:30,PN-107,pattern mini glass,글라스웨어,1,15000,15000
PN-260801-039,2026-08-01,토,16:05,PN-101,sol diffuser,리빙·프래그런스,1,46000,46000
PN-260801-040,2026-08-01,토,15:56,PN-107,pattern mini glass,글라스웨어,1,15000,15000
PN-260801-041,2026-08-01,토,13:04,PN-104,sol candle,리빙·프래그런스,1,23000,23000
PN-260801-042,2026-08-01,토,18:31,PN-108,Bubble mini glass,글라스웨어,1,15000,15000
PN-260801-043,2026-08-01,토,14:43,PN-107,pattern mini glass,글라스웨어,1,15000,15000
PN-260801-044,2026-08-01,토,15:14,PN-101,sol diffuser,리빙·프래그런스,1,46000,46000
PN-260801-045,2026-08-01,토,17:44,PN-106,Lily bubble glass cup,글라스웨어,1,18500,18500
PN-260801-046,2026-08-01,토,15:47,PN-104,sol candle,리빙·프래그런스,2,23000,46000
PN-260801-047,2026-08-01,토,14:43,PN-105,pattern on-the-rocks glass,글라스웨어,1,18500,18500
PN-260801-048,2026-08-01,토,17:43,PN-102,sol room-spray,리빙·프래그런스,1,28500,28500
PN-260801-049,2026-08-01,토,13:05,PN-108,Bubble mini glass,글라스웨어,1,15000,15000
PN-260801-050,2026-08-01,토,12:44,PN-104,sol candle,리빙·프래그런스,1,23000,23000
PN-260801-051,2026-08-01,토,18:48,PN-106,Lily bubble glass cup,글라스웨어,1,18500,18500
PN-260801-052,2026-08-01,토,17:55,PN-101,sol diffuser,리빙·프래그런스,1,46000,46000
PN-260801-053,2026-08-01,토,12:51,PN-103,Fog cup blue S,글라스웨어,1,28000,28000
PN-260801-053,2026-08-01,토,12:51,PN-107,pattern mini glass,글라스웨어,1,15000,15000
PN-260801-054,2026-08-01,토,12:00,PN-105,pattern on-the-rocks glass,글라스웨어,1,18500,18500
PN-260801-055,2026-08-01,토,17:28,PN-105,pattern on-the-rocks glass,글라스웨어,1,18500,18500
PN-260801-056,2026-08-01,토,16:59,PN-105,pattern on-the-rocks glass,글라스웨어,1,18500,18500
PN-260801-057,2026-08-01,토,13:45,PN-102,sol room-spray,리빙·프래그런스,1,28500,28500
PN-260801-058,2026-08-01,토,12:10,PN-101,sol diffuser,리빙·프래그런스,1,46000,46000
PN-260801-059,2026-08-01,토,15:05,PN-104,sol candle,리빙·프래그런스,1,23000,23000
PN-260801-060,2026-08-01,토,12:30,PN-102,sol room-spray,리빙·프래그런스,1,28500,28500
PN-260801-061,2026-08-01,토,16:49,PN-101,sol diffuser,리빙·프래그런스,1,46000,46000
PN-260801-062,2026-08-01,토,15:31,PN-107,pattern mini glass,글라스웨어,1,15000,15000
PN-260801-063,2026-08-01,토,15:02,PN-104,sol candle,리빙·프래그런스,1,23000,23000
PN-260801-063,2026-08-01,토,15:02,PN-108,Bubble mini glass,글라스웨어,1,15000,15000
PN-260801-064,2026-08-01,토,15:43,PN-107,pattern mini glass,글라스웨어,1,15000,15000
PN-260801-065,2026-08-01,토,12:59,PN-105,pattern on-the-rocks glass,글라스웨어,1,18500,18500
PN-260801-066,2026-08-01,토,13:26,PN-104,sol candle,리빙·프래그런스,2,23000,46000
PN-260801-067,2026-08-01,토,13:42,PN-108,Bubble mini glass,글라스웨어,1,15000,15000
PN-260802-001,2026-08-02,일,18:47,PN-106,Lily bubble glass cup,글라스웨어,1,18500,18500
PN-260802-002,2026-08-02,일,14:09,PN-104,sol candle,리빙·프래그런스,1,23000,23000
PN-260802-003,2026-08-02,일,13:42,PN-103,Fog cup blue S,글라스웨어,2,28000,56000
PN-260802-003,2026-08-02,일,13:42,PN-105,pattern on-the-rocks glass,글라스웨어,1,18500,18500
PN-260802-004,2026-08-02,일,12:24,PN-105,pattern on-the-rocks glass,글라스웨어,1,18500,18500
PN-260802-005,2026-08-02,일,17:42,PN-108,Bubble mini glass,글라스웨어,1,15000,15000
PN-260802-005,2026-08-02,일,17:42,PN-107,pattern mini glass,글라스웨어,2,15000,30000
PN-260802-006,2026-08-02,일,18:05,PN-102,sol room-spray,리빙·프래그런스,1,28500,28500
PN-260802-007,2026-08-02,일,12:53,PN-108,Bubble mini glass,글라스웨어,1,15000,15000
PN-260802-007,2026-08-02,일,12:53,PN-103,Fog cup blue S,글라스웨어,1,28000,28000
PN-260802-008,2026-08-02,일,13:19,PN-108,Bubble mini glass,글라스웨어,1,15000,15000
PN-260802-009,2026-08-02,일,12:53,PN-108,Bubble mini glass,글라스웨어,1,15000,15000
PN-260802-010,2026-08-02,일,17:05,PN-107,pattern mini glass,글라스웨어,1,15000,15000
PN-260802-011,2026-08-02,일,18:17,PN-103,Fog cup blue S,글라스웨어,1,28000,28000
PN-260802-012,2026-08-02,일,15:03,PN-105,pattern on-the-rocks glass,글라스웨어,1,18500,18500
PN-260802-013,2026-08-02,일,18:42,PN-105,pattern on-the-rocks glass,글라스웨어,1,18500,18500
PN-260802-014,2026-08-02,일,13:32,PN-107,pattern mini glass,글라스웨어,1,15000,15000
PN-260802-015,2026-08-02,일,13:13,PN-104,sol candle,리빙·프래그런스,1,23000,23000
PN-260802-016,2026-08-02,일,18:17,PN-104,sol candle,리빙·프래그런스,2,23000,46000
PN-260802-017,2026-08-02,일,13:55,PN-102,sol room-spray,리빙·프래그런스,1,28500,28500
PN-260802-018,2026-08-02,일,17:57,PN-101,sol diffuser,리빙·프래그런스,1,46000,46000
PN-260802-019,2026-08-02,일,14:24,PN-106,Lily bubble glass cup,글라스웨어,1,18500,18500
PN-260802-020,2026-08-02,일,16:24,PN-106,Lily bubble glass cup,글라스웨어,1,18500,18500
PN-260802-021,2026-08-02,일,13:35,PN-102,sol room-spray,리빙·프래그런스,1,28500,28500
PN-260802-022,2026-08-02,일,14:22,PN-102,sol room-spray,리빙·프래그런스,1,28500,28500
PN-260802-023,2026-08-02,일,12:42,PN-107,pattern mini glass,글라스웨어,1,15000,15000
PN-260802-023,2026-08-02,일,12:42,PN-101,sol diffuser,리빙·프래그런스,2,46000,92000
PN-260802-024,2026-08-02,일,13:18,PN-102,sol room-spray,리빙·프래그런스,1,28500,28500
PN-260802-025,2026-08-02,일,15:07,PN-106,Lily bubble glass cup,글라스웨어,1,18500,18500
PN-260802-026,2026-08-02,일,16:15,PN-106,Lily bubble glass cup,글라스웨어,1,18500,18500
PN-260802-027,2026-08-02,일,13:04,PN-101,sol diffuser,리빙·프래그런스,1,46000,46000
PN-260802-028,2026-08-02,일,16:25,PN-107,pattern mini glass,글라스웨어,1,15000,15000
PN-260802-029,2026-08-02,일,14:49,PN-107,pattern mini glass,글라스웨어,1,15000,15000
PN-260802-030,2026-08-02,일,16:24,PN-101,sol diffuser,리빙·프래그런스,1,46000,46000
PN-260802-031,2026-08-02,일,16:32,PN-102,sol room-spray,리빙·프래그런스,2,28500,57000
PN-260802-031,2026-08-02,일,16:32,PN-106,Lily bubble glass cup,글라스웨어,1,18500,18500
PN-260802-032,2026-08-02,일,18:32,PN-104,sol candle,리빙·프래그런스,1,23000,23000
PN-260802-033,2026-08-02,일,12:57,PN-101,sol diffuser,리빙·프래그런스,1,46000,46000
PN-260802-034,2026-08-02,일,17:52,PN-106,Lily bubble glass cup,글라스웨어,2,18500,37000
PN-260802-035,2026-08-02,일,12:30,PN-106,Lily bubble glass cup,글라스웨어,1,18500,18500
PN-260802-035,2026-08-02,일,12:30,PN-104,sol candle,리빙·프래그런스,1,23000,23000
PN-260802-036,2026-08-02,일,14:55,PN-106,Lily bubble glass cup,글라스웨어,1,18500,18500
PN-260802-036,2026-08-02,일,14:55,PN-103,Fog cup blue S,글라스웨어,1,28000,28000
PN-260802-037,2026-08-02,일,17:29,PN-105,pattern on-the-rocks glass,글라스웨어,1,18500,18500
PN-260802-037,2026-08-02,일,17:29,PN-103,Fog cup blue S,글라스웨어,1,28000,28000
PN-260802-038,2026-08-02,일,17:03,PN-102,sol room-spray,리빙·프래그런스,1,28500,28500
PN-260802-038,2026-08-02,일,17:03,PN-102,sol room-spray,리빙·프래그런스,1,28500,28500
PN-260802-039,2026-08-02,일,18:31,PN-103,Fog cup blue S,글라스웨어,1,28000,28000
PN-260802-040,2026-08-02,일,13:35,PN-103,Fog cup blue S,글라스웨어,1,28000,28000
PN-260802-041,2026-08-02,일,13:32,PN-104,sol candle,리빙·프래그런스,1,23000,23000
PN-260802-042,2026-08-02,일,13:45,PN-108,Bubble mini glass,글라스웨어,1,15000,15000
PN-260802-043,2026-08-02,일,14:52,PN-108,Bubble mini glass,글라스웨어,1,15000,15000
PN-260802-044,2026-08-02,일,13:55,PN-103,Fog cup blue S,글라스웨어,1,28000,28000
PN-260802-045,2026-08-02,일,15:21,PN-108,Bubble mini glass,글라스웨어,1,15000,15000
PN-260802-045,2026-08-02,일,15:21,PN-101,sol diffuser,리빙·프래그런스,1,46000,46000
PN-260802-046,2026-08-02,일,13:10,PN-108,Bubble mini glass,글라스웨어,2,15000,30000
PN-260802-047,2026-08-02,일,13:30,PN-106,Lily bubble glass cup,글라스웨어,1,18500,18500
PN-260802-047,2026-08-02,일,13:30,PN-107,pattern mini glass,글라스웨어,1,15000,15000
PN-260802-048,2026-08-02,일,15:14,PN-102,sol room-spray,리빙·프래그런스,1,28500,28500
PN-260802-048,2026-08-02,일,15:14,PN-102,sol room-spray,리빙·프래그런스,1,28500,28500
PN-260802-049,2026-08-02,일,13:50,PN-108,Bubble mini glass,글라스웨어,1,15000,15000
PN-260802-050,2026-08-02,일,15:30,PN-101,sol diffuser,리빙·프래그런스,1,46000,46000
PN-260802-051,2026-08-02,일,16:01,PN-101,sol diffuser,리빙·프래그런스,1,46000,46000
PN-260802-051,2026-08-02,일,16:01,PN-103,Fog cup blue S,글라스웨어,1,28000,28000
PN-260802-052,2026-08-02,일,14:52,PN-104,sol candle,리빙·프래그런스,1,23000,23000
PN-260802-053,2026-08-02,일,15:00,PN-102,sol room-spray,리빙·프래그런스,1,28500,28500
PN-260802-054,2026-08-02,일,13:11,PN-105,pattern on-the-rocks glass,글라스웨어,1,18500,18500
PN-260802-055,2026-08-02,일,14:38,PN-107,pattern mini glass,글라스웨어,1,15000,15000
PN-260802-056,2026-08-02,일,13:04,PN-108,Bubble mini glass,글라스웨어,1,15000,15000
PN-260802-057,2026-08-02,일,13:44,PN-101,sol diffuser,리빙·프래그런스,2,46000,92000
PN-260802-058,2026-08-02,일,18:44,PN-102,sol room-spray,리빙·프래그런스,1,28500,28500
PN-260802-058,2026-08-02,일,18:44,PN-104,sol candle,리빙·프래그런스,1,23000,23000
PN-260802-059,2026-08-02,일,17:40,PN-106,Lily bubble glass cup,글라스웨어,1,18500,18500
PN-260802-060,2026-08-02,일,18:27,PN-103,Fog cup blue S,글라스웨어,1,28000,28000
PN-260803-001,2026-08-03,월,17:07,PN-107,pattern mini glass,글라스웨어,1,15000,15000
PN-260803-002,2026-08-03,월,18:13,PN-105,pattern on-the-rocks glass,글라스웨어,1,18500,18500
PN-260803-003,2026-08-03,월,18:29,PN-101,sol diffuser,리빙·프래그런스,1,46000,46000
PN-260803-004,2026-08-03,월,14:04,PN-104,sol candle,리빙·프래그런스,1,23000,23000
PN-260803-005,2026-08-03,월,18:16,PN-107,pattern mini glass,글라스웨어,1,15000,15000
PN-260803-005,2026-08-03,월,18:16,PN-106,Lily bubble glass cup,글라스웨어,1,18500,18500
PN-260803-006,2026-08-03,월,12:44,PN-108,Bubble mini glass,글라스웨어,1,15000,15000
PN-260803-006,2026-08-03,월,12:44,PN-103,Fog cup blue S,글라스웨어,1,28000,28000
PN-260803-007,2026-08-03,월,12:50,PN-104,sol candle,리빙·프래그런스,1,23000,23000
PN-260803-008,2026-08-03,월,16:10,PN-104,sol candle,리빙·프래그런스,1,23000,23000
PN-260803-009,2026-08-03,월,12:25,PN-107,pattern mini glass,글라스웨어,1,15000,15000
PN-260803-009,2026-08-03,월,12:25,PN-104,sol candle,리빙·프래그런스,1,23000,23000
PN-260803-010,2026-08-03,월,16:29,PN-101,sol diffuser,리빙·프래그런스,1,46000,46000
PN-260803-011,2026-08-03,월,14:35,PN-106,Lily bubble glass cup,글라스웨어,1,18500,18500
PN-260803-012,2026-08-03,월,14:27,PN-106,Lily bubble glass cup,글라스웨어,1,18500,18500
PN-260803-013,2026-08-03,월,17:25,PN-107,pattern mini glass,글라스웨어,1,15000,15000
PN-260803-014,2026-08-03,월,18:02,PN-101,sol diffuser,리빙·프래그런스,1,46000,46000
PN-260803-015,2026-08-03,월,15:46,PN-102,sol room-spray,리빙·프래그런스,1,28500,28500
PN-260803-015,2026-08-03,월,15:46,PN-103,Fog cup blue S,글라스웨어,1,28000,28000
PN-260803-016,2026-08-03,월,18:26,PN-102,sol room-spray,리빙·프래그런스,1,28500,28500
PN-260803-016,2026-08-03,월,18:26,PN-106,Lily bubble glass cup,글라스웨어,1,18500,18500
PN-260803-017,2026-08-03,월,16:04,PN-108,Bubble mini glass,글라스웨어,1,15000,15000
PN-260803-018,2026-08-03,월,18:18,PN-103,Fog cup blue S,글라스웨어,2,28000,56000
PN-260803-019,2026-08-03,월,13:57,PN-102,sol room-spray,리빙·프래그런스,1,28500,28500
PN-260806-001,2026-08-06,목,17:18,PN-104,sol candle,리빙·프래그런스,1,23000,23000
PN-260806-001,2026-08-06,목,17:18,PN-105,pattern on-the-rocks glass,글라스웨어,1,18500,18500
PN-260806-002,2026-08-06,목,15:07,PN-101,sol diffuser,리빙·프래그런스,1,46000,46000
PN-260806-003,2026-08-06,목,12:38,PN-104,sol candle,리빙·프래그런스,2,23000,46000
PN-260806-004,2026-08-06,목,12:52,PN-103,Fog cup blue S,글라스웨어,1,28000,28000
PN-260806-004,2026-08-06,목,12:52,PN-104,sol candle,리빙·프래그런스,1,23000,23000
PN-260806-005,2026-08-06,목,13:37,PN-101,sol diffuser,리빙·프래그런스,1,46000,46000
PN-260806-006,2026-08-06,목,15:25,PN-102,sol room-spray,리빙·프래그런스,1,28500,28500
PN-260806-007,2026-08-06,목,18:33,PN-101,sol diffuser,리빙·프래그런스,1,46000,46000
PN-260806-007,2026-08-06,목,18:33,PN-107,pattern mini glass,글라스웨어,1,15000,15000
PN-260806-008,2026-08-06,목,12:54,PN-104,sol candle,리빙·프래그런스,1,23000,23000
PN-260806-008,2026-08-06,목,12:54,PN-102,sol room-spray,리빙·프래그런스,2,28500,57000
PN-260806-009,2026-08-06,목,18:25,PN-102,sol room-spray,리빙·프래그런스,1,28500,28500
PN-260806-010,2026-08-06,목,13:46,PN-106,Lily bubble glass cup,글라스웨어,1,18500,18500
PN-260806-010,2026-08-06,목,13:46,PN-107,pattern mini glass,글라스웨어,1,15000,15000
PN-260806-011,2026-08-06,목,12:48,PN-101,sol diffuser,리빙·프래그런스,1,46000,46000
PN-260806-012,2026-08-06,목,16:05,PN-103,Fog cup blue S,글라스웨어,2,28000,56000
PN-260806-013,2026-08-06,목,15:58,PN-108,Bubble mini glass,글라스웨어,1,15000,15000
PN-260806-014,2026-08-06,목,13:27,PN-108,Bubble mini glass,글라스웨어,1,15000,15000
PN-260806-015,2026-08-06,목,16:04,PN-107,pattern mini glass,글라스웨어,1,15000,15000
PN-260806-016,2026-08-06,목,17:57,PN-107,pattern mini glass,글라스웨어,1,15000,15000
PN-260806-017,2026-08-06,목,17:28,PN-102,sol room-spray,리빙·프래그런스,1,28500,28500
PN-260806-017,2026-08-06,목,17:28,PN-103,Fog cup blue S,글라스웨어,1,28000,28000
PN-260806-018,2026-08-06,목,18:40,PN-106,Lily bubble glass cup,글라스웨어,1,18500,18500
PN-260806-018,2026-08-06,목,18:40,PN-101,sol diffuser,리빙·프래그런스,2,46000,92000
PN-260806-019,2026-08-06,목,13:13,PN-102,sol room-spray,리빙·프래그런스,1,28500,28500
PN-260806-020,2026-08-06,목,12:24,PN-101,sol diffuser,리빙·프래그런스,1,46000,46000
PN-260806-020,2026-08-06,목,12:24,PN-104,sol candle,리빙·프래그런스,1,23000,23000
PN-260806-021,2026-08-06,목,13:41,PN-102,sol room-spray,리빙·프래그런스,1,28500,28500
PN-260806-022,2026-08-06,목,17:43,PN-102,sol room-spray,리빙·프래그런스,1,28500,28500
PN-260806-023,2026-08-06,목,16:33,PN-103,Fog cup blue S,글라스웨어,1,28000,28000
PN-260806-023,2026-08-06,목,16:33,PN-106,Lily bubble glass cup,글라스웨어,1,18500,18500
PN-260806-024,2026-08-06,목,16:36,PN-101,sol diffuser,리빙·프래그런스,2,46000,92000
PN-260806-025,2026-08-06,목,12:01,PN-101,sol diffuser,리빙·프래그런스,1,46000,46000
PN-260806-026,2026-08-06,목,14:34,PN-102,sol room-spray,리빙·프래그런스,1,28500,28500
PN-260806-027,2026-08-06,목,17:26,PN-104,sol candle,리빙·프래그런스,1,23000,23000
PN-260806-028,2026-08-06,목,17:44,PN-108,Bubble mini glass,글라스웨어,1,15000,15000
PN-260806-028,2026-08-06,목,17:44,PN-104,sol candle,리빙·프래그런스,1,23000,23000
PN-260806-029,2026-08-06,목,15:36,PN-101,sol diffuser,리빙·프래그런스,1,46000,46000
PN-260806-030,2026-08-06,목,13:42,PN-107,pattern mini glass,글라스웨어,1,15000,15000
PN-260806-030,2026-08-06,목,13:42,PN-105,pattern on-the-rocks glass,글라스웨어,1,18500,18500
PN-260806-031,2026-08-06,목,18:04,PN-108,Bubble mini glass,글라스웨어,1,15000,15000
PN-260806-032,2026-08-06,목,16:16,PN-105,pattern on-the-rocks glass,글라스웨어,1,18500,18500
PN-260806-033,2026-08-06,목,16:36,PN-105,pattern on-the-rocks glass,글라스웨어,1,18500,18500
PN-260806-033,2026-08-06,목,16:36,PN-107,pattern mini glass,글라스웨어,1,15000,15000
PN-260806-034,2026-08-06,목,17:26,PN-106,Lily bubble glass cup,글라스웨어,1,18500,18500
PN-260806-035,2026-08-06,목,13:02,PN-103,Fog cup blue S,글라스웨어,1,28000,28000
PN-260806-036,2026-08-06,목,14:02,PN-105,pattern on-the-rocks glass,글라스웨어,1,18500,18500
PN-260806-037,2026-08-06,목,12:24,PN-101,sol diffuser,리빙·프래그런스,1,46000,46000
PN-260806-038,2026-08-06,목,15:38,PN-107,pattern mini glass,글라스웨어,1,15000,15000
PN-260806-039,2026-08-06,목,18:27,PN-105,pattern on-the-rocks glass,글라스웨어,1,18500,18500
PN-260806-039,2026-08-06,목,18:27,PN-101,sol diffuser,리빙·프래그런스,1,46000,46000
PN-260806-040,2026-08-06,목,13:14,PN-102,sol room-spray,리빙·프래그런스,1,28500,28500
PN-260806-041,2026-08-06,목,14:33,PN-108,Bubble mini glass,글라스웨어,2,15000,30000
PN-260806-042,2026-08-06,목,18:39,PN-108,Bubble mini glass,글라스웨어,1,15000,15000
PN-260806-042,2026-08-06,목,18:39,PN-108,Bubble mini glass,글라스웨어,1,15000,15000
PN-260806-043,2026-08-06,목,16:44,PN-101,sol diffuser,리빙·프래그런스,1,46000,46000
PN-260806-043,2026-08-06,목,16:44,PN-105,pattern on-the-rocks glass,글라스웨어,1,18500,18500
PN-260806-044,2026-08-06,목,15:53,PN-105,pattern on-the-rocks glass,글라스웨어,1,18500,18500
PN-260806-045,2026-08-06,목,15:58,PN-107,pattern mini glass,글라스웨어,1,15000,15000
PN-260806-045,2026-08-06,목,15:58,PN-104,sol candle,리빙·프래그런스,1,23000,23000
PN-260806-046,2026-08-06,목,15:16,PN-106,Lily bubble glass cup,글라스웨어,1,18500,18500
PN-260806-047,2026-08-06,목,14:20,PN-105,pattern on-the-rocks glass,글라스웨어,2,18500,37000
PN-260806-048,2026-08-06,목,12:59,PN-108,Bubble mini glass,글라스웨어,1,15000,15000
PN-260806-049,2026-08-06,목,17:07,PN-105,pattern on-the-rocks glass,글라스웨어,1,18500,18500
PN-260806-049,2026-08-06,목,17:07,PN-104,sol candle,리빙·프래그런스,1,23000,23000
PN-260806-050,2026-08-06,목,13:11,PN-106,Lily bubble glass cup,글라스웨어,1,18500,18500
PN-260806-051,2026-08-06,목,13:32,PN-105,pattern on-the-rocks glass,글라스웨어,1,18500,18500
PN-260806-052,2026-08-06,목,17:32,PN-105,pattern on-the-rocks glass,글라스웨어,1,18500,18500
PN-260806-052,2026-08-06,목,17:32,PN-101,sol diffuser,리빙·프래그런스,1,46000,46000
PN-260806-053,2026-08-06,목,13:01,PN-101,sol diffuser,리빙·프래그런스,1,46000,46000
PN-260807-001,2026-08-07,금,18:47,PN-105,pattern on-the-rocks glass,글라스웨어,1,18500,18500
PN-260807-002,2026-08-07,금,12:02,PN-104,sol candle,리빙·프래그런스,1,23000,23000
PN-260807-003,2026-08-07,금,16:30,PN-107,pattern mini glass,글라스웨어,1,15000,15000
PN-260807-004,2026-08-07,금,17:00,PN-103,Fog cup blue S,글라스웨어,1,28000,28000
PN-260807-005,2026-08-07,금,15:19,PN-103,Fog cup blue S,글라스웨어,1,28000,28000
PN-260807-006,2026-08-07,금,12:20,PN-105,pattern on-the-rocks glass,글라스웨어,1,18500,18500
PN-260807-007,2026-08-07,금,16:34,PN-103,Fog cup blue S,글라스웨어,1,28000,28000
PN-260807-008,2026-08-07,금,12:43,PN-106,Lily bubble glass cup,글라스웨어,1,18500,18500
PN-260807-009,2026-08-07,금,18:39,PN-107,pattern mini glass,글라스웨어,1,15000,15000
PN-260807-010,2026-08-07,금,16:04,PN-104,sol candle,리빙·프래그런스,1,23000,23000
PN-260807-010,2026-08-07,금,16:04,PN-105,pattern on-the-rocks glass,글라스웨어,1,18500,18500
PN-260807-011,2026-08-07,금,12:46,PN-108,Bubble mini glass,글라스웨어,2,15000,30000
PN-260807-012,2026-08-07,금,16:16,PN-106,Lily bubble glass cup,글라스웨어,1,18500,18500
PN-260807-013,2026-08-07,금,16:38,PN-101,sol diffuser,리빙·프래그런스,1,46000,46000
PN-260807-014,2026-08-07,금,18:07,PN-106,Lily bubble glass cup,글라스웨어,1,18500,18500
PN-260807-015,2026-08-07,금,17:45,PN-107,pattern mini glass,글라스웨어,1,15000,15000
PN-260807-016,2026-08-07,금,18:35,PN-108,Bubble mini glass,글라스웨어,1,15000,15000
PN-260807-016,2026-08-07,금,18:35,PN-107,pattern mini glass,글라스웨어,1,15000,15000
PN-260807-017,2026-08-07,금,12:52,PN-105,pattern on-the-rocks glass,글라스웨어,1,18500,18500
PN-260807-018,2026-08-07,금,18:37,PN-107,pattern mini glass,글라스웨어,1,15000,15000
PN-260807-018,2026-08-07,금,18:37,PN-106,Lily bubble glass cup,글라스웨어,1,18500,18500
PN-260807-019,2026-08-07,금,15:30,PN-101,sol diffuser,리빙·프래그런스,1,46000,46000
PN-260807-020,2026-08-07,금,17:53,PN-104,sol candle,리빙·프래그런스,1,23000,23000
PN-260807-021,2026-08-07,금,13:41,PN-106,Lily bubble glass cup,글라스웨어,1,18500,18500
PN-260807-022,2026-08-07,금,12:20,PN-104,sol candle,리빙·프래그런스,1,23000,23000
PN-260807-023,2026-08-07,금,15:23,PN-103,Fog cup blue S,글라스웨어,1,28000,28000
PN-260807-024,2026-08-07,금,12:36,PN-104,sol candle,리빙·프래그런스,1,23000,23000
PN-260807-025,2026-08-07,금,18:05,PN-101,sol diffuser,리빙·프래그런스,1,46000,46000
PN-260807-025,2026-08-07,금,18:05,PN-102,sol room-spray,리빙·프래그런스,1,28500,28500
PN-260807-026,2026-08-07,금,16:55,PN-106,Lily bubble glass cup,글라스웨어,1,18500,18500
PN-260807-027,2026-08-07,금,17:16,PN-108,Bubble mini glass,글라스웨어,1,15000,15000
PN-260807-028,2026-08-07,금,13:10,PN-102,sol room-spray,리빙·프래그런스,1,28500,28500
PN-260807-029,2026-08-07,금,15:21,PN-101,sol diffuser,리빙·프래그런스,1,46000,46000
PN-260807-030,2026-08-07,금,17:03,PN-105,pattern on-the-rocks glass,글라스웨어,1,18500,18500
PN-260807-031,2026-08-07,금,15:56,PN-105,pattern on-the-rocks glass,글라스웨어,1,18500,18500
PN-260807-032,2026-08-07,금,13:03,PN-106,Lily bubble glass cup,글라스웨어,1,18500,18500
PN-260807-033,2026-08-07,금,12:02,PN-103,Fog cup blue S,글라스웨어,1,28000,28000
PN-260807-034,2026-08-07,금,16:48,PN-102,sol room-spray,리빙·프래그런스,1,28500,28500
PN-260807-034,2026-08-07,금,16:48,PN-103,Fog cup blue S,글라스웨어,1,28000,28000
PN-260807-035,2026-08-07,금,12:42,PN-102,sol room-spray,리빙·프래그런스,2,28500,57000
PN-260807-036,2026-08-07,금,14:08,PN-103,Fog cup blue S,글라스웨어,1,28000,28000
PN-260807-037,2026-08-07,금,12:12,PN-105,pattern on-the-rocks glass,글라스웨어,1,18500,18500
PN-260807-038,2026-08-07,금,18:39,PN-106,Lily bubble glass cup,글라스웨어,1,18500,18500
PN-260808-001,2026-08-08,토,14:10,PN-103,Fog cup blue S,글라스웨어,1,28000,28000
PN-260808-002,2026-08-08,토,17:44,PN-107,pattern mini glass,글라스웨어,2,15000,30000
PN-260808-003,2026-08-08,토,15:42,PN-103,Fog cup blue S,글라스웨어,1,28000,28000
PN-260808-003,2026-08-08,토,15:42,PN-108,Bubble mini glass,글라스웨어,1,15000,15000
PN-260808-004,2026-08-08,토,16:01,PN-106,Lily bubble glass cup,글라스웨어,2,18500,37000
PN-260808-005,2026-08-08,토,13:41,PN-104,sol candle,리빙·프래그런스,1,23000,23000
PN-260808-006,2026-08-08,토,16:53,PN-102,sol room-spray,리빙·프래그런스,1,28500,28500
PN-260808-006,2026-08-08,토,16:53,PN-105,pattern on-the-rocks glass,글라스웨어,1,18500,18500
PN-260808-007,2026-08-08,토,14:57,PN-102,sol room-spray,리빙·프래그런스,1,28500,28500
PN-260808-007,2026-08-08,토,14:57,PN-108,Bubble mini glass,글라스웨어,1,15000,15000
PN-260808-008,2026-08-08,토,17:52,PN-108,Bubble mini glass,글라스웨어,1,15000,15000
PN-260808-008,2026-08-08,토,17:52,PN-105,pattern on-the-rocks glass,글라스웨어,1,18500,18500
PN-260808-009,2026-08-08,토,18:11,PN-103,Fog cup blue S,글라스웨어,1,28000,28000
PN-260808-010,2026-08-08,토,18:48,PN-106,Lily bubble glass cup,글라스웨어,1,18500,18500
PN-260808-011,2026-08-08,토,15:25,PN-106,Lily bubble glass cup,글라스웨어,1,18500,18500
PN-260808-012,2026-08-08,토,15:30,PN-107,pattern mini glass,글라스웨어,1,15000,15000
PN-260808-013,2026-08-08,토,18:11,PN-101,sol diffuser,리빙·프래그런스,1,46000,46000
PN-260808-013,2026-08-08,토,18:11,PN-101,sol diffuser,리빙·프래그런스,1,46000,46000
PN-260808-014,2026-08-08,토,15:09,PN-106,Lily bubble glass cup,글라스웨어,1,18500,18500
PN-260808-015,2026-08-08,토,16:26,PN-105,pattern on-the-rocks glass,글라스웨어,1,18500,18500
PN-260808-016,2026-08-08,토,12:10,PN-102,sol room-spray,리빙·프래그런스,2,28500,57000
PN-260808-017,2026-08-08,토,16:28,PN-106,Lily bubble glass cup,글라스웨어,1,18500,18500
PN-260808-018,2026-08-08,토,13:32,PN-105,pattern on-the-rocks glass,글라스웨어,2,18500,37000
PN-260808-019,2026-08-08,토,18:14,PN-103,Fog cup blue S,글라스웨어,2,28000,56000
PN-260808-019,2026-08-08,토,18:14,PN-107,pattern mini glass,글라스웨어,1,15000,15000
PN-260808-020,2026-08-08,토,16:02,PN-104,sol candle,리빙·프래그런스,1,23000,23000
PN-260808-021,2026-08-08,토,18:31,PN-101,sol diffuser,리빙·프래그런스,1,46000,46000
PN-260808-021,2026-08-08,토,18:31,PN-101,sol diffuser,리빙·프래그런스,1,46000,46000
PN-260808-022,2026-08-08,토,12:36,PN-104,sol candle,리빙·프래그런스,1,23000,23000
PN-260808-023,2026-08-08,토,15:40,PN-102,sol room-spray,리빙·프래그런스,1,28500,28500
PN-260808-023,2026-08-08,토,15:40,PN-105,pattern on-the-rocks glass,글라스웨어,2,18500,37000
PN-260808-024,2026-08-08,토,16:18,PN-107,pattern mini glass,글라스웨어,1,15000,15000
PN-260808-025,2026-08-08,토,18:07,PN-102,sol room-spray,리빙·프래그런스,1,28500,28500
PN-260808-026,2026-08-08,토,12:55,PN-104,sol candle,리빙·프래그런스,1,23000,23000
PN-260808-026,2026-08-08,토,12:55,PN-101,sol diffuser,리빙·프래그런스,1,46000,46000
PN-260808-027,2026-08-08,토,15:07,PN-105,pattern on-the-rocks glass,글라스웨어,1,18500,18500
PN-260808-028,2026-08-08,토,16:54,PN-107,pattern mini glass,글라스웨어,1,15000,15000
PN-260808-029,2026-08-08,토,14:39,PN-105,pattern on-the-rocks glass,글라스웨어,2,18500,37000
PN-260808-030,2026-08-08,토,18:04,PN-108,Bubble mini glass,글라스웨어,2,15000,30000
PN-260808-030,2026-08-08,토,18:04,PN-104,sol candle,리빙·프래그런스,1,23000,23000
PN-260808-031,2026-08-08,토,12:53,PN-104,sol candle,리빙·프래그런스,1,23000,23000
PN-260808-032,2026-08-08,토,16:19,PN-102,sol room-spray,리빙·프래그런스,1,28500,28500
PN-260808-033,2026-08-08,토,18:45,PN-108,Bubble mini glass,글라스웨어,2,15000,30000
PN-260808-034,2026-08-08,토,14:26,PN-103,Fog cup blue S,글라스웨어,1,28000,28000
PN-260808-035,2026-08-08,토,14:40,PN-105,pattern on-the-rocks glass,글라스웨어,1,18500,18500
PN-260808-036,2026-08-08,토,12:11,PN-101,sol diffuser,리빙·프래그런스,1,46000,46000
PN-260808-036,2026-08-08,토,12:11,PN-106,Lily bubble glass cup,글라스웨어,1,18500,18500
PN-260808-037,2026-08-08,토,14:22,PN-108,Bubble mini glass,글라스웨어,1,15000,15000
PN-260808-038,2026-08-08,토,16:44,PN-107,pattern mini glass,글라스웨어,1,15000,15000
PN-260808-039,2026-08-08,토,12:29,PN-103,Fog cup blue S,글라스웨어,1,28000,28000
PN-260808-040,2026-08-08,토,18:50,PN-108,Bubble mini glass,글라스웨어,1,15000,15000
PN-260808-040,2026-08-08,토,18:50,PN-108,Bubble mini glass,글라스웨어,1,15000,15000
PN-260808-041,2026-08-08,토,12:20,PN-101,sol diffuser,리빙·프래그런스,1,46000,46000
PN-260808-041,2026-08-08,토,12:20,PN-107,pattern mini glass,글라스웨어,1,15000,15000
PN-260808-042,2026-08-08,토,12:44,PN-102,sol room-spray,리빙·프래그런스,1,28500,28500
PN-260808-043,2026-08-08,토,18:14,PN-107,pattern mini glass,글라스웨어,2,15000,30000
PN-260808-044,2026-08-08,토,13:19,PN-101,sol diffuser,리빙·프래그런스,1,46000,46000
PN-260808-044,2026-08-08,토,13:19,PN-105,pattern on-the-rocks glass,글라스웨어,1,18500,18500
PN-260808-045,2026-08-08,토,16:12,PN-102,sol room-spray,리빙·프래그런스,1,28500,28500
PN-260808-046,2026-08-08,토,13:17,PN-108,Bubble mini glass,글라스웨어,1,15000,15000
PN-260808-047,2026-08-08,토,13:39,PN-103,Fog cup blue S,글라스웨어,1,28000,28000
PN-260808-048,2026-08-08,토,18:05,PN-107,pattern mini glass,글라스웨어,1,15000,15000
PN-260808-049,2026-08-08,토,16:40,PN-108,Bubble mini glass,글라스웨어,1,15000,15000
PN-260808-050,2026-08-08,토,17:41,PN-104,sol candle,리빙·프래그런스,2,23000,46000
PN-260808-051,2026-08-08,토,13:57,PN-102,sol room-spray,리빙·프래그런스,1,28500,28500
PN-260808-052,2026-08-08,토,15:17,PN-101,sol diffuser,리빙·프래그런스,1,46000,46000
PN-260808-053,2026-08-08,토,12:25,PN-104,sol candle,리빙·프래그런스,1,23000,23000
PN-260808-054,2026-08-08,토,15:31,PN-108,Bubble mini glass,글라스웨어,1,15000,15000
PN-260808-055,2026-08-08,토,14:10,PN-102,sol room-spray,리빙·프래그런스,1,28500,28500
PN-260808-056,2026-08-08,토,18:38,PN-105,pattern on-the-rocks glass,글라스웨어,1,18500,18500
PN-260808-057,2026-08-08,토,15:36,PN-102,sol room-spray,리빙·프래그런스,1,28500,28500
PN-260808-058,2026-08-08,토,15:47,PN-102,sol room-spray,리빙·프래그런스,1,28500,28500
PN-260808-059,2026-08-08,토,16:31,PN-103,Fog cup blue S,글라스웨어,1,28000,28000
PN-260808-060,2026-08-08,토,12:17,PN-103,Fog cup blue S,글라스웨어,1,28000,28000
PN-260808-061,2026-08-08,토,16:52,PN-106,Lily bubble glass cup,글라스웨어,1,18500,18500
PN-260808-062,2026-08-08,토,18:29,PN-101,sol diffuser,리빙·프래그런스,2,46000,92000
PN-260808-063,2026-08-08,토,12:51,PN-102,sol room-spray,리빙·프래그런스,1,28500,28500
PN-260808-064,2026-08-08,토,16:00,PN-107,pattern mini glass,글라스웨어,1,15000,15000
PN-260808-065,2026-08-08,토,17:40,PN-101,sol diffuser,리빙·프래그런스,2,46000,92000
PN-260808-066,2026-08-08,토,14:36,PN-105,pattern on-the-rocks glass,글라스웨어,1,18500,18500
PN-260808-067,2026-08-08,토,15:51,PN-107,pattern mini glass,글라스웨어,1,15000,15000
PN-260808-068,2026-08-08,토,18:17,PN-102,sol room-spray,리빙·프래그런스,1,28500,28500
PN-260808-069,2026-08-08,토,15:30,PN-108,Bubble mini glass,글라스웨어,1,15000,15000
PN-260808-070,2026-08-08,토,18:05,PN-103,Fog cup blue S,글라스웨어,2,28000,56000
PN-260808-071,2026-08-08,토,13:41,PN-105,pattern on-the-rocks glass,글라스웨어,1,18500,18500
PN-260808-072,2026-08-08,토,18:18,PN-106,Lily bubble glass cup,글라스웨어,1,18500,18500
PN-260808-072,2026-08-08,토,18:18,PN-104,sol candle,리빙·프래그런스,1,23000,23000
PN-260808-073,2026-08-08,토,18:07,PN-107,pattern mini glass,글라스웨어,2,15000,30000
PN-260808-074,2026-08-08,토,18:20,PN-103,Fog cup blue S,글라스웨어,1,28000,28000
PN-260808-075,2026-08-08,토,12:13,PN-101,sol diffuser,리빙·프래그런스,1,46000,46000
PN-260809-001,2026-08-09,일,14:57,PN-107,pattern mini glass,글라스웨어,1,15000,15000
PN-260809-001,2026-08-09,일,14:57,PN-107,pattern mini glass,글라스웨어,1,15000,15000
PN-260809-002,2026-08-09,일,18:49,PN-102,sol room-spray,리빙·프래그런스,2,28500,57000
PN-260809-003,2026-08-09,일,13:07,PN-101,sol diffuser,리빙·프래그런스,1,46000,46000
PN-260809-004,2026-08-09,일,13:55,PN-104,sol candle,리빙·프래그런스,1,23000,23000
PN-260809-004,2026-08-09,일,13:55,PN-108,Bubble mini glass,글라스웨어,1,15000,15000
PN-260809-005,2026-08-09,일,12:13,PN-108,Bubble mini glass,글라스웨어,2,15000,30000
PN-260809-006,2026-08-09,일,16:15,PN-107,pattern mini glass,글라스웨어,1,15000,15000
PN-260809-007,2026-08-09,일,15:15,PN-102,sol room-spray,리빙·프래그런스,1,28500,28500
PN-260809-007,2026-08-09,일,15:15,PN-108,Bubble mini glass,글라스웨어,1,15000,15000
PN-260809-008,2026-08-09,일,13:13,PN-102,sol room-spray,리빙·프래그런스,1,28500,28500
PN-260809-008,2026-08-09,일,13:13,PN-103,Fog cup blue S,글라스웨어,1,28000,28000
PN-260809-009,2026-08-09,일,14:58,PN-107,pattern mini glass,글라스웨어,1,15000,15000
PN-260809-010,2026-08-09,일,14:08,PN-105,pattern on-the-rocks glass,글라스웨어,1,18500,18500
PN-260809-011,2026-08-09,일,18:07,PN-105,pattern on-the-rocks glass,글라스웨어,1,18500,18500
PN-260809-012,2026-08-09,일,14:13,PN-105,pattern on-the-rocks glass,글라스웨어,1,18500,18500
PN-260809-013,2026-08-09,일,14:05,PN-105,pattern on-the-rocks glass,글라스웨어,1,18500,18500
PN-260809-013,2026-08-09,일,14:05,PN-102,sol room-spray,리빙·프래그런스,1,28500,28500
PN-260809-014,2026-08-09,일,18:42,PN-108,Bubble mini glass,글라스웨어,1,15000,15000
PN-260809-014,2026-08-09,일,18:42,PN-102,sol room-spray,리빙·프래그런스,1,28500,28500
PN-260809-015,2026-08-09,일,12:20,PN-101,sol diffuser,리빙·프래그런스,1,46000,46000
PN-260809-016,2026-08-09,일,14:26,PN-103,Fog cup blue S,글라스웨어,1,28000,28000
PN-260809-016,2026-08-09,일,14:26,PN-101,sol diffuser,리빙·프래그런스,1,46000,46000
PN-260809-017,2026-08-09,일,12:31,PN-106,Lily bubble glass cup,글라스웨어,1,18500,18500
PN-260809-018,2026-08-09,일,12:41,PN-101,sol diffuser,리빙·프래그런스,1,46000,46000
PN-260809-018,2026-08-09,일,12:41,PN-106,Lily bubble glass cup,글라스웨어,1,18500,18500
PN-260809-019,2026-08-09,일,13:50,PN-107,pattern mini glass,글라스웨어,1,15000,15000
PN-260809-019,2026-08-09,일,13:50,PN-101,sol diffuser,리빙·프래그런스,1,46000,46000
PN-260809-020,2026-08-09,일,18:45,PN-108,Bubble mini glass,글라스웨어,1,15000,15000
PN-260809-021,2026-08-09,일,16:15,PN-101,sol diffuser,리빙·프래그런스,1,46000,46000
PN-260809-022,2026-08-09,일,16:49,PN-108,Bubble mini glass,글라스웨어,1,15000,15000
PN-260809-023,2026-08-09,일,18:36,PN-105,pattern on-the-rocks glass,글라스웨어,1,18500,18500
PN-260809-024,2026-08-09,일,17:35,PN-107,pattern mini glass,글라스웨어,1,15000,15000
PN-260809-025,2026-08-09,일,15:53,PN-105,pattern on-the-rocks glass,글라스웨어,1,18500,18500
PN-260809-026,2026-08-09,일,17:31,PN-108,Bubble mini glass,글라스웨어,1,15000,15000
PN-260809-027,2026-08-09,일,13:38,PN-103,Fog cup blue S,글라스웨어,1,28000,28000
PN-260809-028,2026-08-09,일,13:56,PN-108,Bubble mini glass,글라스웨어,1,15000,15000
PN-260809-028,2026-08-09,일,13:56,PN-108,Bubble mini glass,글라스웨어,1,15000,15000
PN-260809-029,2026-08-09,일,12:06,PN-103,Fog cup blue S,글라스웨어,1,28000,28000
PN-260809-030,2026-08-09,일,12:07,PN-106,Lily bubble glass cup,글라스웨어,2,18500,37000
PN-260809-030,2026-08-09,일,12:07,PN-104,sol candle,리빙·프래그런스,1,23000,23000
PN-260809-031,2026-08-09,일,15:23,PN-107,pattern mini glass,글라스웨어,1,15000,15000
PN-260809-032,2026-08-09,일,17:51,PN-106,Lily bubble glass cup,글라스웨어,1,18500,18500
PN-260809-032,2026-08-09,일,17:51,PN-107,pattern mini glass,글라스웨어,1,15000,15000
PN-260809-033,2026-08-09,일,17:47,PN-102,sol room-spray,리빙·프래그런스,1,28500,28500
PN-260809-034,2026-08-09,일,13:08,PN-107,pattern mini glass,글라스웨어,1,15000,15000
PN-260809-034,2026-08-09,일,13:08,PN-107,pattern mini glass,글라스웨어,1,15000,15000
PN-260809-035,2026-08-09,일,18:36,PN-106,Lily bubble glass cup,글라스웨어,1,18500,18500
PN-260809-036,2026-08-09,일,15:57,PN-102,sol room-spray,리빙·프래그런스,1,28500,28500
PN-260809-037,2026-08-09,일,13:26,PN-108,Bubble mini glass,글라스웨어,1,15000,15000
PN-260809-038,2026-08-09,일,16:12,PN-103,Fog cup blue S,글라스웨어,1,28000,28000
PN-260809-039,2026-08-09,일,14:20,PN-103,Fog cup blue S,글라스웨어,1,28000,28000
PN-260809-040,2026-08-09,일,17:48,PN-102,sol room-spray,리빙·프래그런스,1,28500,28500
PN-260809-041,2026-08-09,일,17:48,PN-101,sol diffuser,리빙·프래그런스,1,46000,46000
PN-260809-042,2026-08-09,일,12:26,PN-104,sol candle,리빙·프래그런스,2,23000,46000
PN-260809-043,2026-08-09,일,17:28,PN-101,sol diffuser,리빙·프래그런스,1,46000,46000
PN-260809-044,2026-08-09,일,12:47,PN-106,Lily bubble glass cup,글라스웨어,1,18500,18500
PN-260809-044,2026-08-09,일,12:47,PN-102,sol room-spray,리빙·프래그런스,1,28500,28500
PN-260809-045,2026-08-09,일,15:43,PN-103,Fog cup blue S,글라스웨어,1,28000,28000
PN-260809-046,2026-08-09,일,18:24,PN-102,sol room-spray,리빙·프래그런스,1,28500,28500
PN-260809-047,2026-08-09,일,17:31,PN-103,Fog cup blue S,글라스웨어,1,28000,28000
PN-260809-047,2026-08-09,일,17:31,PN-103,Fog cup blue S,글라스웨어,2,28000,56000
PN-260809-048,2026-08-09,일,12:42,PN-102,sol room-spray,리빙·프래그런스,1,28500,28500
PN-260809-049,2026-08-09,일,16:50,PN-104,sol candle,리빙·프래그런스,1,23000,23000
PN-260809-050,2026-08-09,일,18:02,PN-103,Fog cup blue S,글라스웨어,1,28000,28000
PN-260809-051,2026-08-09,일,12:04,PN-101,sol diffuser,리빙·프래그런스,1,46000,46000
PN-260809-051,2026-08-09,일,12:04,PN-101,sol diffuser,리빙·프래그런스,1,46000,46000
PN-260809-052,2026-08-09,일,15:23,PN-101,sol diffuser,리빙·프래그런스,1,46000,46000
PN-260809-053,2026-08-09,일,13:25,PN-104,sol candle,리빙·프래그런스,1,23000,23000
PN-260809-053,2026-08-09,일,13:25,PN-105,pattern on-the-rocks glass,글라스웨어,1,18500,18500
PN-260809-054,2026-08-09,일,14:03,PN-101,sol diffuser,리빙·프래그런스,1,46000,46000
PN-260809-055,2026-08-09,일,16:09,PN-105,pattern on-the-rocks glass,글라스웨어,1,18500,18500
PN-260809-056,2026-08-09,일,16:00,PN-104,sol candle,리빙·프래그런스,1,23000,23000
PN-260809-057,2026-08-09,일,15:01,PN-101,sol diffuser,리빙·프래그런스,1,46000,46000
PN-260809-058,2026-08-09,일,12:27,PN-103,Fog cup blue S,글라스웨어,1,28000,28000
PN-260809-059,2026-08-09,일,18:32,PN-103,Fog cup blue S,글라스웨어,1,28000,28000
PN-260809-060,2026-08-09,일,13:08,PN-108,Bubble mini glass,글라스웨어,1,15000,15000
PN-260809-060,2026-08-09,일,13:08,PN-108,Bubble mini glass,글라스웨어,1,15000,15000
PN-260809-061,2026-08-09,일,17:11,PN-106,Lily bubble glass cup,글라스웨어,1,18500,18500
PN-260809-062,2026-08-09,일,18:12,PN-104,sol candle,리빙·프래그런스,2,23000,46000
PN-260809-063,2026-08-09,일,17:45,PN-104,sol candle,리빙·프래그런스,1,23000,23000
PN-260809-064,2026-08-09,일,15:15,PN-104,sol candle,리빙·프래그런스,1,23000,23000
PN-260809-064,2026-08-09,일,15:15,PN-106,Lily bubble glass cup,글라스웨어,1,18500,18500
PN-260809-065,2026-08-09,일,13:21,PN-104,sol candle,리빙·프래그런스,1,23000,23000
PN-260809-066,2026-08-09,일,15:48,PN-104,sol candle,리빙·프래그런스,1,23000,23000
PN-260810-001,2026-08-10,월,12:47,PN-107,pattern mini glass,글라스웨어,1,15000,15000
PN-260810-002,2026-08-10,월,15:31,PN-107,pattern mini glass,글라스웨어,1,15000,15000
PN-260810-003,2026-08-10,월,14:59,PN-103,Fog cup blue S,글라스웨어,1,28000,28000
PN-260810-004,2026-08-10,월,15:13,PN-108,Bubble mini glass,글라스웨어,1,15000,15000
PN-260810-004,2026-08-10,월,15:13,PN-106,Lily bubble glass cup,글라스웨어,1,18500,18500
PN-260810-005,2026-08-10,월,18:02,PN-104,sol candle,리빙·프래그런스,1,23000,23000
PN-260810-005,2026-08-10,월,18:02,PN-106,Lily bubble glass cup,글라스웨어,1,18500,18500
PN-260810-006,2026-08-10,월,13:52,PN-107,pattern mini glass,글라스웨어,1,15000,15000
PN-260810-007,2026-08-10,월,16:35,PN-101,sol diffuser,리빙·프래그런스,1,46000,46000
PN-260810-008,2026-08-10,월,13:35,PN-102,sol room-spray,리빙·프래그런스,1,28500,28500
PN-260810-009,2026-08-10,월,16:29,PN-103,Fog cup blue S,글라스웨어,1,28000,28000
PN-260810-010,2026-08-10,월,13:33,PN-104,sol candle,리빙·프래그런스,1,23000,23000
PN-260810-010,2026-08-10,월,13:33,PN-101,sol diffuser,리빙·프래그런스,1,46000,46000
PN-260810-011,2026-08-10,월,12:18,PN-107,pattern mini glass,글라스웨어,1,15000,15000
PN-260810-012,2026-08-10,월,12:28,PN-102,sol room-spray,리빙·프래그런스,1,28500,28500
PN-260810-013,2026-08-10,월,15:34,PN-101,sol diffuser,리빙·프래그런스,2,46000,92000
PN-260810-014,2026-08-10,월,15:26,PN-105,pattern on-the-rocks glass,글라스웨어,1,18500,18500
PN-260810-015,2026-08-10,월,13:56,PN-103,Fog cup blue S,글라스웨어,1,28000,28000
PN-260810-016,2026-08-10,월,18:24,PN-103,Fog cup blue S,글라스웨어,1,28000,28000
PN-260810-017,2026-08-10,월,17:09,PN-107,pattern mini glass,글라스웨어,1,15000,15000
PN-260810-018,2026-08-10,월,13:11,PN-102,sol room-spray,리빙·프래그런스,1,28500,28500
PN-260810-019,2026-08-10,월,17:51,PN-106,Lily bubble glass cup,글라스웨어,1,18500,18500
PN-260810-020,2026-08-10,월,13:45,PN-106,Lily bubble glass cup,글라스웨어,1,18500,18500
PN-260810-021,2026-08-10,월,12:24,PN-106,Lily bubble glass cup,글라스웨어,1,18500,18500
PN-260810-021,2026-08-10,월,12:24,PN-107,pattern mini glass,글라스웨어,2,15000,30000
PN-260810-022,2026-08-10,월,16:02,PN-107,pattern mini glass,글라스웨어,1,15000,15000
PN-260810-023,2026-08-10,월,18:46,PN-106,Lily bubble glass cup,글라스웨어,1,18500,18500
PN-260810-023,2026-08-10,월,18:46,PN-105,pattern on-the-rocks glass,글라스웨어,1,18500,18500
PN-260810-024,2026-08-10,월,17:15,PN-102,sol room-spray,리빙·프래그런스,1,28500,28500
PN-260810-024,2026-08-10,월,17:15,PN-106,Lily bubble glass cup,글라스웨어,1,18500,18500
PN-260813-001,2026-08-13,목,17:24,PN-104,sol candle,리빙·프래그런스,1,23000,23000
PN-260813-002,2026-08-13,목,13:20,PN-108,Bubble mini glass,글라스웨어,1,15000,15000
PN-260813-002,2026-08-13,목,13:20,PN-104,sol candle,리빙·프래그런스,1,23000,23000
PN-260813-003,2026-08-13,목,16:23,PN-102,sol room-spray,리빙·프래그런스,1,28500,28500
PN-260813-004,2026-08-13,목,13:01,PN-102,sol room-spray,리빙·프래그런스,1,28500,28500
PN-260813-004,2026-08-13,목,13:01,PN-102,sol room-spray,리빙·프래그런스,1,28500,28500
PN-260813-005,2026-08-13,목,12:17,PN-107,pattern mini glass,글라스웨어,1,15000,15000
PN-260813-005,2026-08-13,목,12:17,PN-105,pattern on-the-rocks glass,글라스웨어,1,18500,18500
PN-260813-006,2026-08-13,목,16:55,PN-108,Bubble mini glass,글라스웨어,2,15000,30000
PN-260813-007,2026-08-13,목,14:17,PN-103,Fog cup blue S,글라스웨어,1,28000,28000
PN-260813-008,2026-08-13,목,17:43,PN-108,Bubble mini glass,글라스웨어,1,15000,15000
PN-260813-009,2026-08-13,목,13:23,PN-106,Lily bubble glass cup,글라스웨어,1,18500,18500
PN-260813-009,2026-08-13,목,13:23,PN-102,sol room-spray,리빙·프래그런스,1,28500,28500
PN-260813-010,2026-08-13,목,17:32,PN-102,sol room-spray,리빙·프래그런스,1,28500,28500
PN-260813-011,2026-08-13,목,14:19,PN-104,sol candle,리빙·프래그런스,1,23000,23000
PN-260813-012,2026-08-13,목,14:16,PN-103,Fog cup blue S,글라스웨어,1,28000,28000
PN-260813-013,2026-08-13,목,15:05,PN-105,pattern on-the-rocks glass,글라스웨어,1,18500,18500
PN-260813-014,2026-08-13,목,14:50,PN-106,Lily bubble glass cup,글라스웨어,1,18500,18500
PN-260813-015,2026-08-13,목,12:17,PN-101,sol diffuser,리빙·프래그런스,1,46000,46000
PN-260813-016,2026-08-13,목,12:28,PN-106,Lily bubble glass cup,글라스웨어,1,18500,18500
PN-260813-017,2026-08-13,목,14:47,PN-108,Bubble mini glass,글라스웨어,1,15000,15000
PN-260813-017,2026-08-13,목,14:47,PN-105,pattern on-the-rocks glass,글라스웨어,1,18500,18500
PN-260813-018,2026-08-13,목,14:09,PN-103,Fog cup blue S,글라스웨어,1,28000,28000
PN-260813-018,2026-08-13,목,14:09,PN-104,sol candle,리빙·프래그런스,1,23000,23000
PN-260813-019,2026-08-13,목,16:55,PN-101,sol diffuser,리빙·프래그런스,1,46000,46000
PN-260813-019,2026-08-13,목,16:55,PN-107,pattern mini glass,글라스웨어,1,15000,15000
PN-260813-020,2026-08-13,목,15:31,PN-103,Fog cup blue S,글라스웨어,2,28000,56000
PN-260813-021,2026-08-13,목,15:48,PN-103,Fog cup blue S,글라스웨어,1,28000,28000
PN-260813-022,2026-08-13,목,12:55,PN-107,pattern mini glass,글라스웨어,1,15000,15000
PN-260813-022,2026-08-13,목,12:55,PN-104,sol candle,리빙·프래그런스,1,23000,23000
PN-260813-023,2026-08-13,목,15:39,PN-104,sol candle,리빙·프래그런스,1,23000,23000
PN-260813-024,2026-08-13,목,12:15,PN-106,Lily bubble glass cup,글라스웨어,1,18500,18500
PN-260813-025,2026-08-13,목,12:07,PN-105,pattern on-the-rocks glass,글라스웨어,1,18500,18500
PN-260813-026,2026-08-13,목,14:31,PN-105,pattern on-the-rocks glass,글라스웨어,1,18500,18500
PN-260813-027,2026-08-13,목,14:41,PN-101,sol diffuser,리빙·프래그런스,1,46000,46000
PN-260813-028,2026-08-13,목,12:33,PN-108,Bubble mini glass,글라스웨어,2,15000,30000
PN-260813-029,2026-08-13,목,15:44,PN-102,sol room-spray,리빙·프래그런스,1,28500,28500
PN-260813-030,2026-08-13,목,17:30,PN-101,sol diffuser,리빙·프래그런스,1,46000,46000
PN-260813-031,2026-08-13,목,15:26,PN-106,Lily bubble glass cup,글라스웨어,1,18500,18500
PN-260813-032,2026-08-13,목,17:56,PN-107,pattern mini glass,글라스웨어,1,15000,15000
PN-260813-032,2026-08-13,목,17:56,PN-102,sol room-spray,리빙·프래그런스,2,28500,57000
PN-260813-033,2026-08-13,목,14:28,PN-106,Lily bubble glass cup,글라스웨어,1,18500,18500
PN-260813-033,2026-08-13,목,14:28,PN-107,pattern mini glass,글라스웨어,1,15000,15000
PN-260813-034,2026-08-13,목,13:44,PN-108,Bubble mini glass,글라스웨어,1,15000,15000
PN-260813-035,2026-08-13,목,14:56,PN-106,Lily bubble glass cup,글라스웨어,1,18500,18500
PN-260813-036,2026-08-13,목,14:29,PN-108,Bubble mini glass,글라스웨어,1,15000,15000
PN-260813-037,2026-08-13,목,14:04,PN-107,pattern mini glass,글라스웨어,1,15000,15000
PN-260813-038,2026-08-13,목,12:48,PN-106,Lily bubble glass cup,글라스웨어,1,18500,18500
PN-260813-038,2026-08-13,목,12:48,PN-104,sol candle,리빙·프래그런스,1,23000,23000
PN-260813-039,2026-08-13,목,15:34,PN-105,pattern on-the-rocks glass,글라스웨어,1,18500,18500
PN-260813-040,2026-08-13,목,16:12,PN-105,pattern on-the-rocks glass,글라스웨어,1,18500,18500
PN-260813-040,2026-08-13,목,16:12,PN-103,Fog cup blue S,글라스웨어,1,28000,28000
PN-260813-041,2026-08-13,목,14:48,PN-102,sol room-spray,리빙·프래그런스,1,28500,28500
PN-260813-041,2026-08-13,목,14:48,PN-108,Bubble mini glass,글라스웨어,1,15000,15000
PN-260813-042,2026-08-13,목,14:49,PN-108,Bubble mini glass,글라스웨어,1,15000,15000
PN-260813-043,2026-08-13,목,13:11,PN-104,sol candle,리빙·프래그런스,1,23000,23000
PN-260813-043,2026-08-13,목,13:11,PN-107,pattern mini glass,글라스웨어,1,15000,15000
PN-260813-044,2026-08-13,목,17:10,PN-101,sol diffuser,리빙·프래그런스,1,46000,46000
PN-260813-044,2026-08-13,목,17:10,PN-106,Lily bubble glass cup,글라스웨어,1,18500,18500
PN-260813-045,2026-08-13,목,17:45,PN-105,pattern on-the-rocks glass,글라스웨어,1,18500,18500
PN-260813-046,2026-08-13,목,13:55,PN-102,sol room-spray,리빙·프래그런스,1,28500,28500
PN-260813-047,2026-08-13,목,17:41,PN-104,sol candle,리빙·프래그런스,1,23000,23000
PN-260813-047,2026-08-13,목,17:41,PN-108,Bubble mini glass,글라스웨어,1,15000,15000
PN-260813-048,2026-08-13,목,14:43,PN-107,pattern mini glass,글라스웨어,1,15000,15000
PN-260813-049,2026-08-13,목,15:28,PN-107,pattern mini glass,글라스웨어,1,15000,15000
PN-260813-050,2026-08-13,목,17:38,PN-105,pattern on-the-rocks glass,글라스웨어,1,18500,18500
PN-260813-051,2026-08-13,목,12:19,PN-101,sol diffuser,리빙·프래그런스,1,46000,46000
PN-260813-051,2026-08-13,목,12:19,PN-101,sol diffuser,리빙·프래그런스,1,46000,46000
PN-260813-052,2026-08-13,목,12:28,PN-102,sol room-spray,리빙·프래그런스,2,28500,57000
PN-260813-053,2026-08-13,목,17:32,PN-104,sol candle,리빙·프래그런스,1,23000,23000
PN-260813-053,2026-08-13,목,17:32,PN-102,sol room-spray,리빙·프래그런스,1,28500,28500
PN-260813-054,2026-08-13,목,14:31,PN-107,pattern mini glass,글라스웨어,1,15000,15000
PN-260813-055,2026-08-13,목,17:48,PN-106,Lily bubble glass cup,글라스웨어,1,18500,18500
PN-260813-056,2026-08-13,목,13:13,PN-108,Bubble mini glass,글라스웨어,1,15000,15000
PN-260813-057,2026-08-13,목,12:01,PN-103,Fog cup blue S,글라스웨어,1,28000,28000
PN-260814-001,2026-08-14,금,15:52,PN-103,Fog cup blue S,글라스웨어,2,28000,56000
PN-260814-002,2026-08-14,금,16:06,PN-101,sol diffuser,리빙·프래그런스,1,46000,46000
PN-260814-003,2026-08-14,금,17:00,PN-107,pattern mini glass,글라스웨어,1,15000,15000
PN-260814-004,2026-08-14,금,13:14,PN-107,pattern mini glass,글라스웨어,1,15000,15000
PN-260814-004,2026-08-14,금,13:14,PN-106,Lily bubble glass cup,글라스웨어,1,18500,18500
PN-260814-005,2026-08-14,금,17:14,PN-104,sol candle,리빙·프래그런스,1,23000,23000
PN-260814-006,2026-08-14,금,18:22,PN-107,pattern mini glass,글라스웨어,1,15000,15000
PN-260814-007,2026-08-14,금,14:46,PN-104,sol candle,리빙·프래그런스,1,23000,23000
PN-260814-008,2026-08-14,금,12:14,PN-106,Lily bubble glass cup,글라스웨어,1,18500,18500
PN-260814-009,2026-08-14,금,15:42,PN-107,pattern mini glass,글라스웨어,1,15000,15000
PN-260814-010,2026-08-14,금,17:29,PN-106,Lily bubble glass cup,글라스웨어,1,18500,18500
PN-260814-011,2026-08-14,금,12:35,PN-104,sol candle,리빙·프래그런스,2,23000,46000
PN-260814-012,2026-08-14,금,17:42,PN-101,sol diffuser,리빙·프래그런스,2,46000,92000
PN-260814-012,2026-08-14,금,17:42,PN-102,sol room-spray,리빙·프래그런스,1,28500,28500
PN-260814-013,2026-08-14,금,14:23,PN-105,pattern on-the-rocks glass,글라스웨어,1,18500,18500
PN-260814-014,2026-08-14,금,15:12,PN-102,sol room-spray,리빙·프래그런스,1,28500,28500
PN-260814-015,2026-08-14,금,15:34,PN-103,Fog cup blue S,글라스웨어,1,28000,28000
PN-260814-016,2026-08-14,금,13:10,PN-104,sol candle,리빙·프래그런스,1,23000,23000
PN-260814-016,2026-08-14,금,13:10,PN-106,Lily bubble glass cup,글라스웨어,1,18500,18500
PN-260814-017,2026-08-14,금,18:30,PN-103,Fog cup blue S,글라스웨어,1,28000,28000
PN-260814-018,2026-08-14,금,13:23,PN-101,sol diffuser,리빙·프래그런스,1,46000,46000
PN-260814-019,2026-08-14,금,12:40,PN-102,sol room-spray,리빙·프래그런스,1,28500,28500
PN-260814-020,2026-08-14,금,17:25,PN-104,sol candle,리빙·프래그런스,1,23000,23000
PN-260814-021,2026-08-14,금,14:05,PN-105,pattern on-the-rocks glass,글라스웨어,1,18500,18500
PN-260814-022,2026-08-14,금,13:56,PN-108,Bubble mini glass,글라스웨어,1,15000,15000
PN-260814-022,2026-08-14,금,13:56,PN-105,pattern on-the-rocks glass,글라스웨어,1,18500,18500
PN-260814-023,2026-08-14,금,17:45,PN-102,sol room-spray,리빙·프래그런스,1,28500,28500
PN-260815-001,2026-08-15,토,18:49,PN-106,Lily bubble glass cup,글라스웨어,1,18500,18500
PN-260815-001,2026-08-15,토,18:49,PN-104,sol candle,리빙·프래그런스,1,23000,23000
PN-260815-002,2026-08-15,토,14:04,PN-101,sol diffuser,리빙·프래그런스,1,46000,46000
PN-260815-002,2026-08-15,토,14:04,PN-104,sol candle,리빙·프래그런스,2,23000,46000
PN-260815-003,2026-08-15,토,15:39,PN-106,Lily bubble glass cup,글라스웨어,1,18500,18500
PN-260815-004,2026-08-15,토,17:41,PN-103,Fog cup blue S,글라스웨어,1,28000,28000
PN-260815-005,2026-08-15,토,16:34,PN-108,Bubble mini glass,글라스웨어,1,15000,15000
PN-260815-006,2026-08-15,토,13:43,PN-104,sol candle,리빙·프래그런스,1,23000,23000
PN-260815-007,2026-08-15,토,16:55,PN-102,sol room-spray,리빙·프래그런스,1,28500,28500
PN-260815-007,2026-08-15,토,16:55,PN-108,Bubble mini glass,글라스웨어,1,15000,15000
PN-260815-008,2026-08-15,토,13:42,PN-104,sol candle,리빙·프래그런스,1,23000,23000
PN-260815-008,2026-08-15,토,13:42,PN-102,sol room-spray,리빙·프래그런스,1,28500,28500
PN-260815-009,2026-08-15,토,12:16,PN-101,sol diffuser,리빙·프래그런스,1,46000,46000
PN-260815-010,2026-08-15,토,15:34,PN-107,pattern mini glass,글라스웨어,1,15000,15000
PN-260815-011,2026-08-15,토,12:14,PN-108,Bubble mini glass,글라스웨어,2,15000,30000
PN-260815-011,2026-08-15,토,12:14,PN-108,Bubble mini glass,글라스웨어,1,15000,15000
PN-260815-012,2026-08-15,토,18:49,PN-107,pattern mini glass,글라스웨어,1,15000,15000
PN-260815-013,2026-08-15,토,14:16,PN-108,Bubble mini glass,글라스웨어,1,15000,15000
PN-260815-014,2026-08-15,토,13:13,PN-102,sol room-spray,리빙·프래그런스,1,28500,28500
PN-260815-015,2026-08-15,토,14:12,PN-103,Fog cup blue S,글라스웨어,1,28000,28000
PN-260815-016,2026-08-15,토,13:09,PN-106,Lily bubble glass cup,글라스웨어,1,18500,18500
PN-260815-017,2026-08-15,토,16:57,PN-108,Bubble mini glass,글라스웨어,1,15000,15000
PN-260815-018,2026-08-15,토,18:19,PN-104,sol candle,리빙·프래그런스,1,23000,23000
PN-260815-019,2026-08-15,토,16:43,PN-108,Bubble mini glass,글라스웨어,1,15000,15000
PN-260815-020,2026-08-15,토,17:13,PN-102,sol room-spray,리빙·프래그런스,1,28500,28500
PN-260815-020,2026-08-15,토,17:13,PN-102,sol room-spray,리빙·프래그런스,1,28500,28500
PN-260815-021,2026-08-15,토,17:14,PN-104,sol candle,리빙·프래그런스,1,23000,23000
PN-260815-021,2026-08-15,토,17:14,PN-106,Lily bubble glass cup,글라스웨어,1,18500,18500
PN-260815-022,2026-08-15,토,14:20,PN-105,pattern on-the-rocks glass,글라스웨어,1,18500,18500
PN-260815-023,2026-08-15,토,15:33,PN-102,sol room-spray,리빙·프래그런스,1,28500,28500
PN-260815-024,2026-08-15,토,15:30,PN-105,pattern on-the-rocks glass,글라스웨어,1,18500,18500
PN-260815-024,2026-08-15,토,15:30,PN-107,pattern mini glass,글라스웨어,1,15000,15000
PN-260815-025,2026-08-15,토,18:50,PN-108,Bubble mini glass,글라스웨어,1,15000,15000
PN-260815-026,2026-08-15,토,14:16,PN-103,Fog cup blue S,글라스웨어,1,28000,28000
PN-260815-027,2026-08-15,토,16:21,PN-106,Lily bubble glass cup,글라스웨어,1,18500,18500
PN-260815-028,2026-08-15,토,17:18,PN-108,Bubble mini glass,글라스웨어,1,15000,15000
PN-260815-029,2026-08-15,토,13:01,PN-107,pattern mini glass,글라스웨어,1,15000,15000
PN-260815-030,2026-08-15,토,16:50,PN-108,Bubble mini glass,글라스웨어,1,15000,15000
PN-260815-031,2026-08-15,토,14:33,PN-108,Bubble mini glass,글라스웨어,2,15000,30000
PN-260815-032,2026-08-15,토,12:56,PN-103,Fog cup blue S,글라스웨어,1,28000,28000
PN-260815-033,2026-08-15,토,17:03,PN-105,pattern on-the-rocks glass,글라스웨어,1,18500,18500
PN-260815-034,2026-08-15,토,16:10,PN-102,sol room-spray,리빙·프래그런스,1,28500,28500
PN-260815-035,2026-08-15,토,17:37,PN-106,Lily bubble glass cup,글라스웨어,1,18500,18500
PN-260815-036,2026-08-15,토,13:56,PN-108,Bubble mini glass,글라스웨어,1,15000,15000
PN-260815-037,2026-08-15,토,16:20,PN-108,Bubble mini glass,글라스웨어,1,15000,15000
PN-260815-038,2026-08-15,토,13:28,PN-101,sol diffuser,리빙·프래그런스,1,46000,46000
PN-260815-039,2026-08-15,토,13:01,PN-106,Lily bubble glass cup,글라스웨어,1,18500,18500
PN-260815-039,2026-08-15,토,13:01,PN-104,sol candle,리빙·프래그런스,2,23000,46000
PN-260815-040,2026-08-15,토,14:42,PN-102,sol room-spray,리빙·프래그런스,1,28500,28500
PN-260815-041,2026-08-15,토,13:31,PN-106,Lily bubble glass cup,글라스웨어,1,18500,18500
PN-260815-042,2026-08-15,토,17:09,PN-101,sol diffuser,리빙·프래그런스,1,46000,46000
PN-260815-043,2026-08-15,토,14:54,PN-101,sol diffuser,리빙·프래그런스,1,46000,46000
PN-260815-044,2026-08-15,토,17:30,PN-106,Lily bubble glass cup,글라스웨어,1,18500,18500
PN-260815-045,2026-08-15,토,17:57,PN-108,Bubble mini glass,글라스웨어,1,15000,15000
PN-260815-046,2026-08-15,토,13:07,PN-105,pattern on-the-rocks glass,글라스웨어,1,18500,18500
PN-260815-047,2026-08-15,토,16:29,PN-106,Lily bubble glass cup,글라스웨어,1,18500,18500
PN-260815-048,2026-08-15,토,18:40,PN-107,pattern mini glass,글라스웨어,1,15000,15000
PN-260815-048,2026-08-15,토,18:40,PN-106,Lily bubble glass cup,글라스웨어,1,18500,18500
PN-260815-049,2026-08-15,토,14:02,PN-104,sol candle,리빙·프래그런스,2,23000,46000
PN-260815-049,2026-08-15,토,14:02,PN-103,Fog cup blue S,글라스웨어,1,28000,28000
PN-260815-050,2026-08-15,토,14:04,PN-102,sol room-spray,리빙·프래그런스,1,28500,28500
PN-260815-050,2026-08-15,토,14:04,PN-108,Bubble mini glass,글라스웨어,1,15000,15000
PN-260815-051,2026-08-15,토,18:30,PN-104,sol candle,리빙·프래그런스,1,23000,23000
PN-260815-052,2026-08-15,토,18:13,PN-101,sol diffuser,리빙·프래그런스,1,46000,46000
PN-260815-053,2026-08-15,토,17:55,PN-108,Bubble mini glass,글라스웨어,1,15000,15000
PN-260815-054,2026-08-15,토,15:03,PN-107,pattern mini glass,글라스웨어,1,15000,15000
PN-260815-055,2026-08-15,토,17:53,PN-106,Lily bubble glass cup,글라스웨어,1,18500,18500
PN-260815-055,2026-08-15,토,17:53,PN-102,sol room-spray,리빙·프래그런스,1,28500,28500
PN-260815-056,2026-08-15,토,18:12,PN-108,Bubble mini glass,글라스웨어,1,15000,15000
PN-260816-001,2026-08-16,일,12:29,PN-108,Bubble mini glass,글라스웨어,1,15000,15000
PN-260816-002,2026-08-16,일,14:08,PN-102,sol room-spray,리빙·프래그런스,1,28500,28500
PN-260816-003,2026-08-16,일,13:25,PN-106,Lily bubble glass cup,글라스웨어,1,18500,18500
PN-260816-004,2026-08-16,일,16:58,PN-103,Fog cup blue S,글라스웨어,1,28000,28000
PN-260816-005,2026-08-16,일,16:57,PN-107,pattern mini glass,글라스웨어,1,15000,15000
PN-260816-005,2026-08-16,일,16:57,PN-102,sol room-spray,리빙·프래그런스,1,28500,28500
PN-260816-006,2026-08-16,일,16:48,PN-105,pattern on-the-rocks glass,글라스웨어,1,18500,18500
PN-260816-007,2026-08-16,일,16:11,PN-107,pattern mini glass,글라스웨어,1,15000,15000
PN-260816-008,2026-08-16,일,16:02,PN-106,Lily bubble glass cup,글라스웨어,1,18500,18500
PN-260816-008,2026-08-16,일,16:02,PN-101,sol diffuser,리빙·프래그런스,1,46000,46000
PN-260816-009,2026-08-16,일,17:11,PN-102,sol room-spray,리빙·프래그런스,1,28500,28500
PN-260816-009,2026-08-16,일,17:11,PN-105,pattern on-the-rocks glass,글라스웨어,1,18500,18500
PN-260816-010,2026-08-16,일,12:14,PN-108,Bubble mini glass,글라스웨어,2,15000,30000
PN-260816-011,2026-08-16,일,14:26,PN-105,pattern on-the-rocks glass,글라스웨어,1,18500,18500
PN-260816-011,2026-08-16,일,14:26,PN-104,sol candle,리빙·프래그런스,1,23000,23000
PN-260816-012,2026-08-16,일,13:49,PN-106,Lily bubble glass cup,글라스웨어,1,18500,18500
PN-260816-013,2026-08-16,일,18:26,PN-107,pattern mini glass,글라스웨어,1,15000,15000
PN-260816-014,2026-08-16,일,18:46,PN-106,Lily bubble glass cup,글라스웨어,2,18500,37000
PN-260816-014,2026-08-16,일,18:46,PN-102,sol room-spray,리빙·프래그런스,1,28500,28500
PN-260816-015,2026-08-16,일,17:48,PN-104,sol candle,리빙·프래그런스,1,23000,23000
PN-260816-016,2026-08-16,일,17:06,PN-106,Lily bubble glass cup,글라스웨어,1,18500,18500
PN-260816-016,2026-08-16,일,17:06,PN-104,sol candle,리빙·프래그런스,1,23000,23000
PN-260816-017,2026-08-16,일,16:49,PN-105,pattern on-the-rocks glass,글라스웨어,1,18500,18500
PN-260816-018,2026-08-16,일,17:25,PN-102,sol room-spray,리빙·프래그런스,1,28500,28500
PN-260816-019,2026-08-16,일,18:19,PN-104,sol candle,리빙·프래그런스,1,23000,23000
PN-260816-020,2026-08-16,일,16:30,PN-103,Fog cup blue S,글라스웨어,2,28000,56000
PN-260816-021,2026-08-16,일,14:51,PN-104,sol candle,리빙·프래그런스,1,23000,23000
PN-260816-022,2026-08-16,일,13:28,PN-105,pattern on-the-rocks glass,글라스웨어,2,18500,37000
PN-260816-022,2026-08-16,일,13:28,PN-107,pattern mini glass,글라스웨어,1,15000,15000
PN-260816-023,2026-08-16,일,13:53,PN-105,pattern on-the-rocks glass,글라스웨어,1,18500,18500
PN-260816-024,2026-08-16,일,13:38,PN-103,Fog cup blue S,글라스웨어,1,28000,28000
PN-260816-025,2026-08-16,일,16:51,PN-101,sol diffuser,리빙·프래그런스,1,46000,46000
PN-260816-025,2026-08-16,일,16:51,PN-104,sol candle,리빙·프래그런스,1,23000,23000
PN-260816-026,2026-08-16,일,13:29,PN-102,sol room-spray,리빙·프래그런스,1,28500,28500
PN-260816-026,2026-08-16,일,13:29,PN-102,sol room-spray,리빙·프래그런스,1,28500,28500
PN-260816-027,2026-08-16,일,13:45,PN-102,sol room-spray,리빙·프래그런스,1,28500,28500
PN-260816-028,2026-08-16,일,16:02,PN-101,sol diffuser,리빙·프래그런스,1,46000,46000
PN-260816-029,2026-08-16,일,12:12,PN-108,Bubble mini glass,글라스웨어,1,15000,15000
PN-260816-030,2026-08-16,일,16:54,PN-103,Fog cup blue S,글라스웨어,1,28000,28000
PN-260816-031,2026-08-16,일,13:51,PN-102,sol room-spray,리빙·프래그런스,2,28500,57000
PN-260816-032,2026-08-16,일,16:45,PN-105,pattern on-the-rocks glass,글라스웨어,1,18500,18500
PN-260816-033,2026-08-16,일,14:36,PN-104,sol candle,리빙·프래그런스,1,23000,23000
PN-260816-034,2026-08-16,일,12:16,PN-106,Lily bubble glass cup,글라스웨어,2,18500,37000
PN-260816-035,2026-08-16,일,16:32,PN-108,Bubble mini glass,글라스웨어,1,15000,15000
PN-260816-036,2026-08-16,일,15:50,PN-105,pattern on-the-rocks glass,글라스웨어,1,18500,18500
PN-260816-037,2026-08-16,일,13:57,PN-106,Lily bubble glass cup,글라스웨어,1,18500,18500
PN-260816-037,2026-08-16,일,13:57,PN-106,Lily bubble glass cup,글라스웨어,1,18500,18500
PN-260816-038,2026-08-16,일,14:00,PN-104,sol candle,리빙·프래그런스,2,23000,46000
PN-260816-039,2026-08-16,일,14:43,PN-104,sol candle,리빙·프래그런스,1,23000,23000
PN-260816-040,2026-08-16,일,12:41,PN-104,sol candle,리빙·프래그런스,1,23000,23000
PN-260816-041,2026-08-16,일,14:47,PN-106,Lily bubble glass cup,글라스웨어,1,18500,18500
PN-260816-042,2026-08-16,일,18:02,PN-108,Bubble mini glass,글라스웨어,1,15000,15000
PN-260816-043,2026-08-16,일,15:35,PN-107,pattern mini glass,글라스웨어,1,15000,15000
PN-260816-044,2026-08-16,일,13:15,PN-101,sol diffuser,리빙·프래그런스,1,46000,46000
PN-260816-045,2026-08-16,일,16:48,PN-103,Fog cup blue S,글라스웨어,2,28000,56000
PN-260816-046,2026-08-16,일,16:22,PN-104,sol candle,리빙·프래그런스,1,23000,23000
PN-260816-046,2026-08-16,일,16:22,PN-106,Lily bubble glass cup,글라스웨어,2,18500,37000
PN-260816-047,2026-08-16,일,12:16,PN-105,pattern on-the-rocks glass,글라스웨어,1,18500,18500
PN-260816-048,2026-08-16,일,14:10,PN-106,Lily bubble glass cup,글라스웨어,1,18500,18500
PN-260816-048,2026-08-16,일,14:10,PN-104,sol candle,리빙·프래그런스,1,23000,23000
PN-260816-049,2026-08-16,일,13:16,PN-101,sol diffuser,리빙·프래그런스,1,46000,46000
PN-260816-050,2026-08-16,일,15:30,PN-103,Fog cup blue S,글라스웨어,1,28000,28000
PN-260816-051,2026-08-16,일,18:31,PN-102,sol room-spray,리빙·프래그런스,1,28500,28500
PN-260816-052,2026-08-16,일,12:38,PN-106,Lily bubble glass cup,글라스웨어,1,18500,18500
PN-260816-052,2026-08-16,일,12:38,PN-102,sol room-spray,리빙·프래그런스,2,28500,57000
PN-260816-053,2026-08-16,일,14:55,PN-102,sol room-spray,리빙·프래그런스,1,28500,28500
PN-260816-054,2026-08-16,일,14:29,PN-101,sol diffuser,리빙·프래그런스,1,46000,46000
PN-260816-054,2026-08-16,일,14:29,PN-101,sol diffuser,리빙·프래그런스,1,46000,46000
PN-260817-001,2026-08-17,월,12:01,PN-105,pattern on-the-rocks glass,글라스웨어,1,18500,18500
PN-260817-002,2026-08-17,월,14:49,PN-105,pattern on-the-rocks glass,글라스웨어,2,18500,37000
PN-260817-002,2026-08-17,월,14:49,PN-106,Lily bubble glass cup,글라스웨어,2,18500,37000
PN-260817-003,2026-08-17,월,17:00,PN-107,pattern mini glass,글라스웨어,1,15000,15000
PN-260817-003,2026-08-17,월,17:00,PN-103,Fog cup blue S,글라스웨어,1,28000,28000
PN-260817-004,2026-08-17,월,15:06,PN-101,sol diffuser,리빙·프래그런스,1,46000,46000
PN-260817-005,2026-08-17,월,17:33,PN-106,Lily bubble glass cup,글라스웨어,1,18500,18500
PN-260817-006,2026-08-17,월,12:58,PN-108,Bubble mini glass,글라스웨어,1,15000,15000
PN-260817-007,2026-08-17,월,12:54,PN-108,Bubble mini glass,글라스웨어,1,15000,15000
PN-260817-008,2026-08-17,월,18:49,PN-103,Fog cup blue S,글라스웨어,1,28000,28000
PN-260817-008,2026-08-17,월,18:49,PN-103,Fog cup blue S,글라스웨어,1,28000,28000
PN-260817-009,2026-08-17,월,16:40,PN-102,sol room-spray,리빙·프래그런스,1,28500,28500
PN-260817-010,2026-08-17,월,14:17,PN-105,pattern on-the-rocks glass,글라스웨어,1,18500,18500
PN-260817-011,2026-08-17,월,15:17,PN-103,Fog cup blue S,글라스웨어,1,28000,28000
PN-260817-012,2026-08-17,월,13:01,PN-103,Fog cup blue S,글라스웨어,1,28000,28000
PN-260817-013,2026-08-17,월,16:38,PN-102,sol room-spray,리빙·프래그런스,1,28500,28500
PN-260817-013,2026-08-17,월,16:38,PN-108,Bubble mini glass,글라스웨어,1,15000,15000
PN-260817-014,2026-08-17,월,13:39,PN-105,pattern on-the-rocks glass,글라스웨어,1,18500,18500
PN-260817-015,2026-08-17,월,13:56,PN-108,Bubble mini glass,글라스웨어,1,15000,15000
PN-260817-016,2026-08-17,월,18:09,PN-103,Fog cup blue S,글라스웨어,1,28000,28000
PN-260817-016,2026-08-17,월,18:09,PN-108,Bubble mini glass,글라스웨어,1,15000,15000
PN-260817-017,2026-08-17,월,17:30,PN-108,Bubble mini glass,글라스웨어,1,15000,15000
PN-260820-001,2026-08-20,목,14:00,PN-102,sol room-spray,리빙·프래그런스,1,28500,28500
PN-260820-002,2026-08-20,목,18:02,PN-105,pattern on-the-rocks glass,글라스웨어,1,18500,18500
PN-260820-003,2026-08-20,목,14:13,PN-107,pattern mini glass,글라스웨어,1,15000,15000
PN-260820-004,2026-08-20,목,17:24,PN-107,pattern mini glass,글라스웨어,1,15000,15000
PN-260820-005,2026-08-20,목,13:23,PN-103,Fog cup blue S,글라스웨어,1,28000,28000
PN-260820-006,2026-08-20,목,14:32,PN-108,Bubble mini glass,글라스웨어,1,15000,15000
PN-260820-007,2026-08-20,목,14:54,PN-107,pattern mini glass,글라스웨어,1,15000,15000
PN-260820-008,2026-08-20,목,17:03,PN-101,sol diffuser,리빙·프래그런스,1,46000,46000
PN-260820-009,2026-08-20,목,18:36,PN-108,Bubble mini glass,글라스웨어,1,15000,15000
PN-260820-010,2026-08-20,목,17:30,PN-106,Lily bubble glass cup,글라스웨어,1,18500,18500
PN-260820-011,2026-08-20,목,13:28,PN-101,sol diffuser,리빙·프래그런스,1,46000,46000
PN-260820-012,2026-08-20,목,17:28,PN-104,sol candle,리빙·프래그런스,1,23000,23000
PN-260820-012,2026-08-20,목,17:28,PN-105,pattern on-the-rocks glass,글라스웨어,1,18500,18500
PN-260820-013,2026-08-20,목,12:50,PN-106,Lily bubble glass cup,글라스웨어,1,18500,18500
PN-260820-014,2026-08-20,목,14:04,PN-108,Bubble mini glass,글라스웨어,2,15000,30000
PN-260820-015,2026-08-20,목,17:20,PN-103,Fog cup blue S,글라스웨어,1,28000,28000
PN-260820-016,2026-08-20,목,17:48,PN-101,sol diffuser,리빙·프래그런스,1,46000,46000
PN-260820-017,2026-08-20,목,18:11,PN-103,Fog cup blue S,글라스웨어,1,28000,28000
PN-260820-018,2026-08-20,목,18:10,PN-102,sol room-spray,리빙·프래그런스,1,28500,28500
PN-260820-019,2026-08-20,목,18:10,PN-106,Lily bubble glass cup,글라스웨어,1,18500,18500
PN-260820-020,2026-08-20,목,15:53,PN-101,sol diffuser,리빙·프래그런스,1,46000,46000
PN-260820-021,2026-08-20,목,17:16,PN-102,sol room-spray,리빙·프래그런스,1,28500,28500
PN-260820-021,2026-08-20,목,17:16,PN-103,Fog cup blue S,글라스웨어,1,28000,28000
PN-260820-022,2026-08-20,목,14:41,PN-105,pattern on-the-rocks glass,글라스웨어,1,18500,18500
PN-260820-023,2026-08-20,목,18:40,PN-108,Bubble mini glass,글라스웨어,1,15000,15000
PN-260820-024,2026-08-20,목,15:57,PN-105,pattern on-the-rocks glass,글라스웨어,1,18500,18500
PN-260820-025,2026-08-20,목,16:00,PN-103,Fog cup blue S,글라스웨어,1,28000,28000
PN-260820-026,2026-08-20,목,12:35,PN-106,Lily bubble glass cup,글라스웨어,1,18500,18500
PN-260820-027,2026-08-20,목,13:20,PN-105,pattern on-the-rocks glass,글라스웨어,2,18500,37000
PN-260820-027,2026-08-20,목,13:20,PN-104,sol candle,리빙·프래그런스,1,23000,23000
PN-260820-028,2026-08-20,목,17:45,PN-103,Fog cup blue S,글라스웨어,1,28000,28000
PN-260820-029,2026-08-20,목,12:03,PN-103,Fog cup blue S,글라스웨어,1,28000,28000
PN-260820-029,2026-08-20,목,12:03,PN-108,Bubble mini glass,글라스웨어,1,15000,15000
PN-260820-030,2026-08-20,목,15:06,PN-101,sol diffuser,리빙·프래그런스,1,46000,46000
PN-260820-031,2026-08-20,목,12:04,PN-106,Lily bubble glass cup,글라스웨어,1,18500,18500
PN-260820-032,2026-08-20,목,12:53,PN-102,sol room-spray,리빙·프래그런스,1,28500,28500
PN-260820-033,2026-08-20,목,13:54,PN-108,Bubble mini glass,글라스웨어,1,15000,15000
PN-260820-034,2026-08-20,목,17:37,PN-107,pattern mini glass,글라스웨어,1,15000,15000
PN-260820-035,2026-08-20,목,15:38,PN-107,pattern mini glass,글라스웨어,1,15000,15000
PN-260820-036,2026-08-20,목,15:06,PN-103,Fog cup blue S,글라스웨어,1,28000,28000
PN-260820-037,2026-08-20,목,17:06,PN-108,Bubble mini glass,글라스웨어,1,15000,15000
PN-260820-037,2026-08-20,목,17:06,PN-102,sol room-spray,리빙·프래그런스,1,28500,28500
PN-260820-038,2026-08-20,목,14:24,PN-101,sol diffuser,리빙·프래그런스,1,46000,46000
PN-260820-039,2026-08-20,목,17:17,PN-104,sol candle,리빙·프래그런스,2,23000,46000
PN-260820-040,2026-08-20,목,18:15,PN-101,sol diffuser,리빙·프래그런스,1,46000,46000
PN-260820-041,2026-08-20,목,18:31,PN-105,pattern on-the-rocks glass,글라스웨어,1,18500,18500
PN-260820-042,2026-08-20,목,12:02,PN-107,pattern mini glass,글라스웨어,1,15000,15000
PN-260820-043,2026-08-20,목,15:25,PN-106,Lily bubble glass cup,글라스웨어,1,18500,18500
PN-260820-044,2026-08-20,목,16:39,PN-105,pattern on-the-rocks glass,글라스웨어,2,18500,37000
PN-260821-001,2026-08-21,금,12:40,PN-105,pattern on-the-rocks glass,글라스웨어,1,18500,18500
PN-260821-002,2026-08-21,금,13:44,PN-104,sol candle,리빙·프래그런스,1,23000,23000
PN-260821-003,2026-08-21,금,14:47,PN-101,sol diffuser,리빙·프래그런스,1,46000,46000
PN-260821-004,2026-08-21,금,15:55,PN-103,Fog cup blue S,글라스웨어,1,28000,28000
PN-260821-005,2026-08-21,금,17:31,PN-106,Lily bubble glass cup,글라스웨어,1,18500,18500
PN-260821-006,2026-08-21,금,13:41,PN-101,sol diffuser,리빙·프래그런스,1,46000,46000
PN-260821-007,2026-08-21,금,16:10,PN-102,sol room-spray,리빙·프래그런스,1,28500,28500
PN-260821-008,2026-08-21,금,14:54,PN-105,pattern on-the-rocks glass,글라스웨어,1,18500,18500
PN-260821-009,2026-08-21,금,12:09,PN-106,Lily bubble glass cup,글라스웨어,2,18500,37000
PN-260821-010,2026-08-21,금,16:42,PN-101,sol diffuser,리빙·프래그런스,1,46000,46000
PN-260821-011,2026-08-21,금,15:12,PN-101,sol diffuser,리빙·프래그런스,2,46000,92000
PN-260821-012,2026-08-21,금,17:35,PN-102,sol room-spray,리빙·프래그런스,1,28500,28500
PN-260821-013,2026-08-21,금,13:09,PN-105,pattern on-the-rocks glass,글라스웨어,1,18500,18500
PN-260821-014,2026-08-21,금,12:13,PN-106,Lily bubble glass cup,글라스웨어,1,18500,18500
PN-260821-015,2026-08-21,금,17:26,PN-102,sol room-spray,리빙·프래그런스,1,28500,28500
PN-260821-016,2026-08-21,금,16:00,PN-101,sol diffuser,리빙·프래그런스,1,46000,46000
PN-260821-017,2026-08-21,금,16:54,PN-101,sol diffuser,리빙·프래그런스,1,46000,46000
PN-260821-018,2026-08-21,금,12:24,PN-102,sol room-spray,리빙·프래그런스,1,28500,28500
PN-260821-019,2026-08-21,금,12:50,PN-108,Bubble mini glass,글라스웨어,1,15000,15000
PN-260821-019,2026-08-21,금,12:50,PN-105,pattern on-the-rocks glass,글라스웨어,2,18500,37000
PN-260821-020,2026-08-21,금,17:16,PN-101,sol diffuser,리빙·프래그런스,1,46000,46000
PN-260821-021,2026-08-21,금,13:11,PN-107,pattern mini glass,글라스웨어,1,15000,15000
PN-260821-022,2026-08-21,금,18:20,PN-108,Bubble mini glass,글라스웨어,1,15000,15000
PN-260821-023,2026-08-21,금,15:48,PN-101,sol diffuser,리빙·프래그런스,1,46000,46000
PN-260821-023,2026-08-21,금,15:48,PN-107,pattern mini glass,글라스웨어,1,15000,15000
PN-260821-024,2026-08-21,금,17:53,PN-105,pattern on-the-rocks glass,글라스웨어,1,18500,18500
PN-260821-025,2026-08-21,금,12:19,PN-107,pattern mini glass,글라스웨어,1,15000,15000
PN-260821-025,2026-08-21,금,12:19,PN-103,Fog cup blue S,글라스웨어,1,28000,28000
PN-260821-026,2026-08-21,금,17:17,PN-108,Bubble mini glass,글라스웨어,1,15000,15000
PN-260821-027,2026-08-21,금,18:35,PN-104,sol candle,리빙·프래그런스,1,23000,23000
PN-260821-027,2026-08-21,금,18:35,PN-101,sol diffuser,리빙·프래그런스,1,46000,46000
PN-260821-028,2026-08-21,금,18:42,PN-101,sol diffuser,리빙·프래그런스,1,46000,46000
PN-260821-029,2026-08-21,금,12:15,PN-102,sol room-spray,리빙·프래그런스,1,28500,28500
PN-260821-030,2026-08-21,금,15:54,PN-102,sol room-spray,리빙·프래그런스,1,28500,28500
PN-260821-031,2026-08-21,금,18:34,PN-108,Bubble mini glass,글라스웨어,1,15000,15000
PN-260821-032,2026-08-21,금,17:54,PN-108,Bubble mini glass,글라스웨어,1,15000,15000
PN-260821-033,2026-08-21,금,15:57,PN-106,Lily bubble glass cup,글라스웨어,2,18500,37000
PN-260821-034,2026-08-21,금,12:19,PN-108,Bubble mini glass,글라스웨어,1,15000,15000
PN-260821-035,2026-08-21,금,15:48,PN-103,Fog cup blue S,글라스웨어,2,28000,56000
PN-260821-036,2026-08-21,금,16:57,PN-104,sol candle,리빙·프래그런스,1,23000,23000
PN-260821-037,2026-08-21,금,16:01,PN-101,sol diffuser,리빙·프래그런스,1,46000,46000
PN-260821-037,2026-08-21,금,16:01,PN-108,Bubble mini glass,글라스웨어,1,15000,15000
PN-260821-038,2026-08-21,금,16:13,PN-104,sol candle,리빙·프래그런스,1,23000,23000
PN-260821-038,2026-08-21,금,16:13,PN-108,Bubble mini glass,글라스웨어,1,15000,15000
PN-260821-039,2026-08-21,금,18:28,PN-107,pattern mini glass,글라스웨어,1,15000,15000
PN-260822-001,2026-08-22,토,13:56,PN-103,Fog cup blue S,글라스웨어,1,28000,28000
PN-260822-002,2026-08-22,토,14:09,PN-104,sol candle,리빙·프래그런스,1,23000,23000
PN-260822-002,2026-08-22,토,14:09,PN-108,Bubble mini glass,글라스웨어,2,15000,30000
PN-260822-003,2026-08-22,토,18:22,PN-108,Bubble mini glass,글라스웨어,1,15000,15000
PN-260822-003,2026-08-22,토,18:22,PN-101,sol diffuser,리빙·프래그런스,1,46000,46000
PN-260822-004,2026-08-22,토,17:33,PN-108,Bubble mini glass,글라스웨어,1,15000,15000
PN-260822-005,2026-08-22,토,17:26,PN-107,pattern mini glass,글라스웨어,1,15000,15000
PN-260822-006,2026-08-22,토,13:43,PN-105,pattern on-the-rocks glass,글라스웨어,1,18500,18500
PN-260822-007,2026-08-22,토,18:41,PN-105,pattern on-the-rocks glass,글라스웨어,1,18500,18500
PN-260822-008,2026-08-22,토,12:22,PN-107,pattern mini glass,글라스웨어,1,15000,15000
PN-260822-009,2026-08-22,토,15:56,PN-103,Fog cup blue S,글라스웨어,1,28000,28000
PN-260822-010,2026-08-22,토,14:48,PN-104,sol candle,리빙·프래그런스,1,23000,23000
PN-260822-011,2026-08-22,토,14:56,PN-101,sol diffuser,리빙·프래그런스,1,46000,46000
PN-260822-012,2026-08-22,토,13:03,PN-107,pattern mini glass,글라스웨어,1,15000,15000
PN-260822-013,2026-08-22,토,15:42,PN-101,sol diffuser,리빙·프래그런스,1,46000,46000
PN-260822-014,2026-08-22,토,14:22,PN-101,sol diffuser,리빙·프래그런스,1,46000,46000
PN-260822-015,2026-08-22,토,15:13,PN-104,sol candle,리빙·프래그런스,1,23000,23000
PN-260822-016,2026-08-22,토,14:20,PN-105,pattern on-the-rocks glass,글라스웨어,1,18500,18500
PN-260822-017,2026-08-22,토,17:47,PN-108,Bubble mini glass,글라스웨어,1,15000,15000
PN-260822-018,2026-08-22,토,18:21,PN-103,Fog cup blue S,글라스웨어,1,28000,28000
PN-260822-019,2026-08-22,토,13:05,PN-107,pattern mini glass,글라스웨어,1,15000,15000
PN-260822-020,2026-08-22,토,16:44,PN-103,Fog cup blue S,글라스웨어,1,28000,28000
PN-260822-021,2026-08-22,토,13:47,PN-108,Bubble mini glass,글라스웨어,1,15000,15000
PN-260822-022,2026-08-22,토,18:27,PN-106,Lily bubble glass cup,글라스웨어,1,18500,18500
PN-260822-022,2026-08-22,토,18:27,PN-104,sol candle,리빙·프래그런스,1,23000,23000
PN-260822-023,2026-08-22,토,14:22,PN-108,Bubble mini glass,글라스웨어,1,15000,15000
PN-260822-024,2026-08-22,토,13:07,PN-103,Fog cup blue S,글라스웨어,1,28000,28000
PN-260822-024,2026-08-22,토,13:07,PN-104,sol candle,리빙·프래그런스,1,23000,23000
PN-260822-025,2026-08-22,토,14:14,PN-104,sol candle,리빙·프래그런스,1,23000,23000
PN-260822-026,2026-08-22,토,12:18,PN-102,sol room-spray,리빙·프래그런스,1,28500,28500
PN-260822-027,2026-08-22,토,14:42,PN-102,sol room-spray,리빙·프래그런스,1,28500,28500
PN-260822-028,2026-08-22,토,16:56,PN-104,sol candle,리빙·프래그런스,1,23000,23000
PN-260822-029,2026-08-22,토,13:24,PN-107,pattern mini glass,글라스웨어,1,15000,15000
PN-260822-029,2026-08-22,토,13:24,PN-103,Fog cup blue S,글라스웨어,1,28000,28000
PN-260822-030,2026-08-22,토,13:10,PN-106,Lily bubble glass cup,글라스웨어,1,18500,18500
PN-260822-031,2026-08-22,토,12:13,PN-108,Bubble mini glass,글라스웨어,1,15000,15000
PN-260822-032,2026-08-22,토,14:39,PN-107,pattern mini glass,글라스웨어,1,15000,15000
PN-260822-033,2026-08-22,토,17:52,PN-101,sol diffuser,리빙·프래그런스,1,46000,46000
PN-260822-034,2026-08-22,토,12:37,PN-101,sol diffuser,리빙·프래그런스,1,46000,46000
PN-260822-034,2026-08-22,토,12:37,PN-104,sol candle,리빙·프래그런스,1,23000,23000
PN-260822-035,2026-08-22,토,13:32,PN-107,pattern mini glass,글라스웨어,1,15000,15000
PN-260822-036,2026-08-22,토,17:32,PN-103,Fog cup blue S,글라스웨어,1,28000,28000
PN-260822-037,2026-08-22,토,15:15,PN-102,sol room-spray,리빙·프래그런스,1,28500,28500
PN-260822-038,2026-08-22,토,12:11,PN-105,pattern on-the-rocks glass,글라스웨어,1,18500,18500
PN-260822-039,2026-08-22,토,18:37,PN-103,Fog cup blue S,글라스웨어,1,28000,28000
PN-260822-040,2026-08-22,토,13:26,PN-102,sol room-spray,리빙·프래그런스,1,28500,28500
PN-260822-041,2026-08-22,토,12:05,PN-102,sol room-spray,리빙·프래그런스,1,28500,28500
PN-260822-041,2026-08-22,토,12:05,PN-106,Lily bubble glass cup,글라스웨어,2,18500,37000
PN-260822-042,2026-08-22,토,13:24,PN-106,Lily bubble glass cup,글라스웨어,1,18500,18500
PN-260822-043,2026-08-22,토,18:03,PN-108,Bubble mini glass,글라스웨어,1,15000,15000
PN-260822-043,2026-08-22,토,18:03,PN-106,Lily bubble glass cup,글라스웨어,2,18500,37000
PN-260822-044,2026-08-22,토,14:44,PN-101,sol diffuser,리빙·프래그런스,1,46000,46000
PN-260822-045,2026-08-22,토,12:42,PN-107,pattern mini glass,글라스웨어,1,15000,15000
PN-260822-046,2026-08-22,토,17:38,PN-107,pattern mini glass,글라스웨어,1,15000,15000
PN-260822-047,2026-08-22,토,14:13,PN-101,sol diffuser,리빙·프래그런스,1,46000,46000
PN-260822-048,2026-08-22,토,13:48,PN-106,Lily bubble glass cup,글라스웨어,1,18500,18500
PN-260822-048,2026-08-22,토,13:48,PN-104,sol candle,리빙·프래그런스,1,23000,23000
PN-260822-049,2026-08-22,토,14:52,PN-101,sol diffuser,리빙·프래그런스,1,46000,46000
PN-260822-050,2026-08-22,토,15:00,PN-106,Lily bubble glass cup,글라스웨어,1,18500,18500
PN-260822-051,2026-08-22,토,12:00,PN-104,sol candle,리빙·프래그런스,1,23000,23000
PN-260822-052,2026-08-22,토,13:01,PN-105,pattern on-the-rocks glass,글라스웨어,1,18500,18500
PN-260822-053,2026-08-22,토,16:48,PN-102,sol room-spray,리빙·프래그런스,2,28500,57000
PN-260822-054,2026-08-22,토,17:18,PN-104,sol candle,리빙·프래그런스,1,23000,23000
PN-260823-001,2026-08-23,일,12:55,PN-106,Lily bubble glass cup,글라스웨어,1,18500,18500
PN-260823-001,2026-08-23,일,12:55,PN-103,Fog cup blue S,글라스웨어,1,28000,28000
PN-260823-002,2026-08-23,일,14:25,PN-105,pattern on-the-rocks glass,글라스웨어,1,18500,18500
PN-260823-002,2026-08-23,일,14:25,PN-105,pattern on-the-rocks glass,글라스웨어,1,18500,18500
PN-260823-003,2026-08-23,일,12:51,PN-106,Lily bubble glass cup,글라스웨어,1,18500,18500
PN-260823-004,2026-08-23,일,15:19,PN-103,Fog cup blue S,글라스웨어,1,28000,28000
PN-260823-004,2026-08-23,일,15:19,PN-108,Bubble mini glass,글라스웨어,1,15000,15000
PN-260823-005,2026-08-23,일,12:12,PN-104,sol candle,리빙·프래그런스,2,23000,46000
PN-260823-005,2026-08-23,일,12:12,PN-107,pattern mini glass,글라스웨어,1,15000,15000
PN-260823-006,2026-08-23,일,16:10,PN-102,sol room-spray,리빙·프래그런스,1,28500,28500
PN-260823-007,2026-08-23,일,18:03,PN-107,pattern mini glass,글라스웨어,1,15000,15000
PN-260823-007,2026-08-23,일,18:03,PN-107,pattern mini glass,글라스웨어,1,15000,15000
PN-260823-008,2026-08-23,일,18:28,PN-107,pattern mini glass,글라스웨어,1,15000,15000
PN-260823-009,2026-08-23,일,16:03,PN-102,sol room-spray,리빙·프래그런스,2,28500,57000
PN-260823-009,2026-08-23,일,16:03,PN-104,sol candle,리빙·프래그런스,1,23000,23000
PN-260823-010,2026-08-23,일,16:33,PN-105,pattern on-the-rocks glass,글라스웨어,1,18500,18500
PN-260823-010,2026-08-23,일,16:33,PN-107,pattern mini glass,글라스웨어,1,15000,15000
PN-260823-011,2026-08-23,일,13:38,PN-103,Fog cup blue S,글라스웨어,1,28000,28000
PN-260823-012,2026-08-23,일,17:49,PN-102,sol room-spray,리빙·프래그런스,1,28500,28500
PN-260823-013,2026-08-23,일,13:52,PN-102,sol room-spray,리빙·프래그런스,1,28500,28500
PN-260823-014,2026-08-23,일,15:24,PN-107,pattern mini glass,글라스웨어,1,15000,15000
PN-260823-015,2026-08-23,일,12:49,PN-103,Fog cup blue S,글라스웨어,2,28000,56000
PN-260823-016,2026-08-23,일,17:55,PN-103,Fog cup blue S,글라스웨어,2,28000,56000
PN-260823-016,2026-08-23,일,17:55,PN-101,sol diffuser,리빙·프래그런스,1,46000,46000
PN-260823-017,2026-08-23,일,15:43,PN-104,sol candle,리빙·프래그런스,1,23000,23000
PN-260823-018,2026-08-23,일,12:36,PN-108,Bubble mini glass,글라스웨어,1,15000,15000
PN-260823-019,2026-08-23,일,17:36,PN-107,pattern mini glass,글라스웨어,1,15000,15000
PN-260823-020,2026-08-23,일,12:03,PN-108,Bubble mini glass,글라스웨어,1,15000,15000
PN-260823-021,2026-08-23,일,18:18,PN-101,sol diffuser,리빙·프래그런스,1,46000,46000
PN-260823-022,2026-08-23,일,14:56,PN-108,Bubble mini glass,글라스웨어,1,15000,15000
PN-260823-022,2026-08-23,일,14:56,PN-107,pattern mini glass,글라스웨어,1,15000,15000
PN-260823-023,2026-08-23,일,16:01,PN-102,sol room-spray,리빙·프래그런스,1,28500,28500
PN-260823-024,2026-08-23,일,16:40,PN-105,pattern on-the-rocks glass,글라스웨어,1,18500,18500
PN-260823-025,2026-08-23,일,12:08,PN-102,sol room-spray,리빙·프래그런스,1,28500,28500
PN-260823-026,2026-08-23,일,12:30,PN-105,pattern on-the-rocks glass,글라스웨어,1,18500,18500
PN-260823-027,2026-08-23,일,18:13,PN-107,pattern mini glass,글라스웨어,1,15000,15000
PN-260823-027,2026-08-23,일,18:13,PN-105,pattern on-the-rocks glass,글라스웨어,1,18500,18500
PN-260823-028,2026-08-23,일,16:42,PN-106,Lily bubble glass cup,글라스웨어,1,18500,18500
PN-260823-029,2026-08-23,일,14:32,PN-105,pattern on-the-rocks glass,글라스웨어,1,18500,18500
PN-260823-030,2026-08-23,일,16:59,PN-106,Lily bubble glass cup,글라스웨어,1,18500,18500
PN-260823-031,2026-08-23,일,17:13,PN-104,sol candle,리빙·프래그런스,1,23000,23000
PN-260823-032,2026-08-23,일,12:21,PN-101,sol diffuser,리빙·프래그런스,1,46000,46000
PN-260823-033,2026-08-23,일,14:23,PN-105,pattern on-the-rocks glass,글라스웨어,1,18500,18500
PN-260823-034,2026-08-23,일,13:07,PN-105,pattern on-the-rocks glass,글라스웨어,1,18500,18500
PN-260823-035,2026-08-23,일,17:48,PN-108,Bubble mini glass,글라스웨어,1,15000,15000
PN-260823-035,2026-08-23,일,17:48,PN-107,pattern mini glass,글라스웨어,1,15000,15000
PN-260823-036,2026-08-23,일,18:30,PN-108,Bubble mini glass,글라스웨어,1,15000,15000
PN-260823-037,2026-08-23,일,18:31,PN-103,Fog cup blue S,글라스웨어,1,28000,28000
PN-260823-037,2026-08-23,일,18:31,PN-107,pattern mini glass,글라스웨어,1,15000,15000
PN-260823-038,2026-08-23,일,12:59,PN-106,Lily bubble glass cup,글라스웨어,2,18500,37000
PN-260823-039,2026-08-23,일,13:21,PN-108,Bubble mini glass,글라스웨어,1,15000,15000
PN-260823-040,2026-08-23,일,12:31,PN-106,Lily bubble glass cup,글라스웨어,1,18500,18500
PN-260823-041,2026-08-23,일,16:02,PN-106,Lily bubble glass cup,글라스웨어,1,18500,18500
PN-260823-042,2026-08-23,일,13:51,PN-107,pattern mini glass,글라스웨어,1,15000,15000
PN-260823-043,2026-08-23,일,16:54,PN-102,sol room-spray,리빙·프래그런스,1,28500,28500
PN-260823-044,2026-08-23,일,18:26,PN-107,pattern mini glass,글라스웨어,1,15000,15000
PN-260823-045,2026-08-23,일,14:49,PN-104,sol candle,리빙·프래그런스,1,23000,23000
PN-260823-046,2026-08-23,일,13:56,PN-103,Fog cup blue S,글라스웨어,1,28000,28000
PN-260823-046,2026-08-23,일,13:56,PN-103,Fog cup blue S,글라스웨어,1,28000,28000
PN-260823-047,2026-08-23,일,13:47,PN-101,sol diffuser,리빙·프래그런스,1,46000,46000
PN-260823-048,2026-08-23,일,12:43,PN-104,sol candle,리빙·프래그런스,1,23000,23000
PN-260823-049,2026-08-23,일,12:51,PN-102,sol room-spray,리빙·프래그런스,1,28500,28500
PN-260823-050,2026-08-23,일,12:40,PN-108,Bubble mini glass,글라스웨어,1,15000,15000
PN-260823-050,2026-08-23,일,12:40,PN-106,Lily bubble glass cup,글라스웨어,1,18500,18500
PN-260823-051,2026-08-23,일,13:12,PN-102,sol room-spray,리빙·프래그런스,1,28500,28500
PN-260823-052,2026-08-23,일,13:13,PN-104,sol candle,리빙·프래그런스,1,23000,23000
PN-260823-053,2026-08-23,일,16:17,PN-104,sol candle,리빙·프래그런스,2,23000,46000
PN-260823-054,2026-08-23,일,18:21,PN-107,pattern mini glass,글라스웨어,1,15000,15000
PN-260823-055,2026-08-23,일,12:32,PN-103,Fog cup blue S,글라스웨어,1,28000,28000
PN-260823-056,2026-08-23,일,15:54,PN-104,sol candle,리빙·프래그런스,1,23000,23000
PN-260823-057,2026-08-23,일,14:14,PN-101,sol diffuser,리빙·프래그런스,1,46000,46000
PN-260823-058,2026-08-23,일,18:30,PN-101,sol diffuser,리빙·프래그런스,1,46000,46000
PN-260823-059,2026-08-23,일,17:29,PN-105,pattern on-the-rocks glass,글라스웨어,1,18500,18500
PN-260824-001,2026-08-24,월,15:02,PN-105,pattern on-the-rocks glass,글라스웨어,1,18500,18500
PN-260824-002,2026-08-24,월,12:49,PN-101,sol diffuser,리빙·프래그런스,2,46000,92000
PN-260824-003,2026-08-24,월,13:39,PN-107,pattern mini glass,글라스웨어,1,15000,15000
PN-260824-004,2026-08-24,월,16:12,PN-107,pattern mini glass,글라스웨어,1,15000,15000
PN-260824-005,2026-08-24,월,15:31,PN-105,pattern on-the-rocks glass,글라스웨어,1,18500,18500
PN-260824-006,2026-08-24,월,12:11,PN-107,pattern mini glass,글라스웨어,1,15000,15000
PN-260824-006,2026-08-24,월,12:11,PN-108,Bubble mini glass,글라스웨어,1,15000,15000
PN-260824-007,2026-08-24,월,12:00,PN-107,pattern mini glass,글라스웨어,1,15000,15000
PN-260824-008,2026-08-24,월,14:05,PN-101,sol diffuser,리빙·프래그런스,1,46000,46000
PN-260824-009,2026-08-24,월,15:34,PN-106,Lily bubble glass cup,글라스웨어,1,18500,18500
PN-260824-010,2026-08-24,월,18:48,PN-105,pattern on-the-rocks glass,글라스웨어,1,18500,18500
PN-260824-011,2026-08-24,월,13:46,PN-101,sol diffuser,리빙·프래그런스,1,46000,46000
PN-260824-012,2026-08-24,월,13:25,PN-104,sol candle,리빙·프래그런스,2,23000,46000
PN-260824-013,2026-08-24,월,17:01,PN-106,Lily bubble glass cup,글라스웨어,2,18500,37000
PN-260824-014,2026-08-24,월,12:21,PN-101,sol diffuser,리빙·프래그런스,1,46000,46000
PN-260824-014,2026-08-24,월,12:21,PN-103,Fog cup blue S,글라스웨어,1,28000,28000
PN-260824-015,2026-08-24,월,12:39,PN-105,pattern on-the-rocks glass,글라스웨어,1,18500,18500
PN-260824-015,2026-08-24,월,12:39,PN-101,sol diffuser,리빙·프래그런스,1,46000,46000
PN-260824-016,2026-08-24,월,15:51,PN-106,Lily bubble glass cup,글라스웨어,1,18500,18500
PN-260824-017,2026-08-24,월,12:06,PN-103,Fog cup blue S,글라스웨어,1,28000,28000
PN-260824-018,2026-08-24,월,14:37,PN-106,Lily bubble glass cup,글라스웨어,1,18500,18500
PN-260824-019,2026-08-24,월,17:37,PN-107,pattern mini glass,글라스웨어,1,15000,15000
PN-260824-020,2026-08-24,월,15:36,PN-102,sol room-spray,리빙·프래그런스,1,28500,28500
PN-260824-021,2026-08-24,월,14:37,PN-107,pattern mini glass,글라스웨어,1,15000,15000
PN-260827-001,2026-08-27,목,17:41,PN-101,sol diffuser,리빙·프래그런스,1,46000,46000
PN-260827-002,2026-08-27,목,18:20,PN-106,Lily bubble glass cup,글라스웨어,1,18500,18500
PN-260827-003,2026-08-27,목,17:21,PN-106,Lily bubble glass cup,글라스웨어,1,18500,18500
PN-260827-003,2026-08-27,목,17:21,PN-103,Fog cup blue S,글라스웨어,1,28000,28000
PN-260827-004,2026-08-27,목,16:00,PN-105,pattern on-the-rocks glass,글라스웨어,1,18500,18500
PN-260827-005,2026-08-27,목,14:03,PN-103,Fog cup blue S,글라스웨어,1,28000,28000
PN-260827-005,2026-08-27,목,14:03,PN-108,Bubble mini glass,글라스웨어,2,15000,30000
PN-260827-006,2026-08-27,목,15:24,PN-101,sol diffuser,리빙·프래그런스,1,46000,46000
PN-260827-007,2026-08-27,목,12:56,PN-108,Bubble mini glass,글라스웨어,1,15000,15000
PN-260827-007,2026-08-27,목,12:56,PN-107,pattern mini glass,글라스웨어,1,15000,15000
PN-260827-008,2026-08-27,목,15:52,PN-102,sol room-spray,리빙·프래그런스,2,28500,57000
PN-260827-009,2026-08-27,목,16:09,PN-104,sol candle,리빙·프래그런스,1,23000,23000
PN-260827-010,2026-08-27,목,16:44,PN-106,Lily bubble glass cup,글라스웨어,1,18500,18500
PN-260827-011,2026-08-27,목,12:20,PN-105,pattern on-the-rocks glass,글라스웨어,1,18500,18500
PN-260827-012,2026-08-27,목,17:44,PN-101,sol diffuser,리빙·프래그런스,1,46000,46000
PN-260827-012,2026-08-27,목,17:44,PN-101,sol diffuser,리빙·프래그런스,1,46000,46000
PN-260827-013,2026-08-27,목,15:49,PN-108,Bubble mini glass,글라스웨어,1,15000,15000
PN-260827-014,2026-08-27,목,13:18,PN-101,sol diffuser,리빙·프래그런스,2,46000,92000
PN-260827-015,2026-08-27,목,13:02,PN-106,Lily bubble glass cup,글라스웨어,1,18500,18500
PN-260827-015,2026-08-27,목,13:02,PN-104,sol candle,리빙·프래그런스,1,23000,23000
PN-260827-016,2026-08-27,목,16:56,PN-102,sol room-spray,리빙·프래그런스,1,28500,28500
PN-260827-017,2026-08-27,목,16:21,PN-105,pattern on-the-rocks glass,글라스웨어,1,18500,18500
PN-260827-018,2026-08-27,목,14:42,PN-105,pattern on-the-rocks glass,글라스웨어,1,18500,18500
PN-260827-019,2026-08-27,목,13:13,PN-106,Lily bubble glass cup,글라스웨어,1,18500,18500
PN-260827-019,2026-08-27,목,13:13,PN-108,Bubble mini glass,글라스웨어,1,15000,15000
PN-260827-020,2026-08-27,목,12:58,PN-103,Fog cup blue S,글라스웨어,1,28000,28000
PN-260827-021,2026-08-27,목,16:06,PN-108,Bubble mini glass,글라스웨어,1,15000,15000
PN-260827-022,2026-08-27,목,16:01,PN-106,Lily bubble glass cup,글라스웨어,1,18500,18500
PN-260827-022,2026-08-27,목,16:01,PN-107,pattern mini glass,글라스웨어,2,15000,30000
PN-260827-023,2026-08-27,목,12:31,PN-106,Lily bubble glass cup,글라스웨어,1,18500,18500
PN-260827-024,2026-08-27,목,13:25,PN-103,Fog cup blue S,글라스웨어,1,28000,28000
PN-260827-025,2026-08-27,목,13:46,PN-106,Lily bubble glass cup,글라스웨어,1,18500,18500
PN-260827-025,2026-08-27,목,13:46,PN-101,sol diffuser,리빙·프래그런스,1,46000,46000
PN-260827-026,2026-08-27,목,14:57,PN-102,sol room-spray,리빙·프래그런스,1,28500,28500
PN-260827-027,2026-08-27,목,17:32,PN-106,Lily bubble glass cup,글라스웨어,1,18500,18500
PN-260827-027,2026-08-27,목,17:32,PN-106,Lily bubble glass cup,글라스웨어,1,18500,18500
PN-260827-028,2026-08-27,목,13:27,PN-108,Bubble mini glass,글라스웨어,1,15000,15000
PN-260828-001,2026-08-28,금,14:45,PN-107,pattern mini glass,글라스웨어,1,15000,15000
PN-260828-001,2026-08-28,금,14:45,PN-106,Lily bubble glass cup,글라스웨어,1,18500,18500
PN-260828-002,2026-08-28,금,14:27,PN-103,Fog cup blue S,글라스웨어,1,28000,28000
PN-260828-003,2026-08-28,금,18:16,PN-105,pattern on-the-rocks glass,글라스웨어,2,18500,37000
PN-260828-004,2026-08-28,금,18:43,PN-106,Lily bubble glass cup,글라스웨어,1,18500,18500
PN-260828-005,2026-08-28,금,16:34,PN-103,Fog cup blue S,글라스웨어,1,28000,28000
PN-260828-006,2026-08-28,금,18:16,PN-105,pattern on-the-rocks glass,글라스웨어,1,18500,18500
PN-260828-007,2026-08-28,금,14:02,PN-102,sol room-spray,리빙·프래그런스,1,28500,28500
PN-260828-007,2026-08-28,금,14:02,PN-101,sol diffuser,리빙·프래그런스,1,46000,46000
PN-260828-008,2026-08-28,금,13:22,PN-105,pattern on-the-rocks glass,글라스웨어,2,18500,37000
PN-260828-009,2026-08-28,금,12:46,PN-106,Lily bubble glass cup,글라스웨어,1,18500,18500
PN-260828-009,2026-08-28,금,12:46,PN-102,sol room-spray,리빙·프래그런스,1,28500,28500
PN-260828-010,2026-08-28,금,13:35,PN-101,sol diffuser,리빙·프래그런스,1,46000,46000
PN-260828-011,2026-08-28,금,12:14,PN-108,Bubble mini glass,글라스웨어,1,15000,15000
PN-260828-011,2026-08-28,금,12:14,PN-101,sol diffuser,리빙·프래그런스,1,46000,46000
PN-260828-012,2026-08-28,금,12:52,PN-102,sol room-spray,리빙·프래그런스,1,28500,28500
PN-260828-012,2026-08-28,금,12:52,PN-104,sol candle,리빙·프래그런스,1,23000,23000
PN-260828-013,2026-08-28,금,17:59,PN-108,Bubble mini glass,글라스웨어,1,15000,15000
PN-260828-014,2026-08-28,금,14:24,PN-105,pattern on-the-rocks glass,글라스웨어,1,18500,18500
PN-260828-014,2026-08-28,금,14:24,PN-105,pattern on-the-rocks glass,글라스웨어,1,18500,18500
PN-260828-015,2026-08-28,금,16:01,PN-107,pattern mini glass,글라스웨어,2,15000,30000
PN-260828-016,2026-08-28,금,13:44,PN-104,sol candle,리빙·프래그런스,1,23000,23000
PN-260828-016,2026-08-28,금,13:44,PN-106,Lily bubble glass cup,글라스웨어,1,18500,18500
PN-260828-017,2026-08-28,금,14:52,PN-105,pattern on-the-rocks glass,글라스웨어,2,18500,37000
PN-260828-018,2026-08-28,금,18:49,PN-101,sol diffuser,리빙·프래그런스,1,46000,46000
PN-260828-019,2026-08-28,금,14:52,PN-103,Fog cup blue S,글라스웨어,1,28000,28000
PN-260828-020,2026-08-28,금,15:32,PN-103,Fog cup blue S,글라스웨어,1,28000,28000
PN-260828-021,2026-08-28,금,14:48,PN-102,sol room-spray,리빙·프래그런스,1,28500,28500
PN-260828-021,2026-08-28,금,14:48,PN-104,sol candle,리빙·프래그런스,1,23000,23000
PN-260828-022,2026-08-28,금,15:25,PN-106,Lily bubble glass cup,글라스웨어,1,18500,18500
PN-260828-022,2026-08-28,금,15:25,PN-101,sol diffuser,리빙·프래그런스,1,46000,46000
PN-260828-023,2026-08-28,금,18:13,PN-101,sol diffuser,리빙·프래그런스,1,46000,46000
PN-260828-024,2026-08-28,금,17:11,PN-106,Lily bubble glass cup,글라스웨어,1,18500,18500
PN-260828-024,2026-08-28,금,17:11,PN-101,sol diffuser,리빙·프래그런스,1,46000,46000
PN-260829-001,2026-08-29,토,13:14,PN-108,Bubble mini glass,글라스웨어,1,15000,15000
PN-260829-002,2026-08-29,토,18:36,PN-105,pattern on-the-rocks glass,글라스웨어,1,18500,18500
PN-260829-003,2026-08-29,토,13:27,PN-107,pattern mini glass,글라스웨어,1,15000,15000
PN-260829-004,2026-08-29,토,14:36,PN-103,Fog cup blue S,글라스웨어,1,28000,28000
PN-260829-004,2026-08-29,토,14:36,PN-108,Bubble mini glass,글라스웨어,1,15000,15000
PN-260829-005,2026-08-29,토,17:01,PN-108,Bubble mini glass,글라스웨어,1,15000,15000
PN-260829-006,2026-08-29,토,12:26,PN-101,sol diffuser,리빙·프래그런스,1,46000,46000
PN-260829-007,2026-08-29,토,12:54,PN-107,pattern mini glass,글라스웨어,2,15000,30000
PN-260829-008,2026-08-29,토,15:05,PN-102,sol room-spray,리빙·프래그런스,1,28500,28500
PN-260829-008,2026-08-29,토,15:05,PN-105,pattern on-the-rocks glass,글라스웨어,1,18500,18500
PN-260829-009,2026-08-29,토,16:12,PN-104,sol candle,리빙·프래그런스,1,23000,23000
PN-260829-009,2026-08-29,토,16:12,PN-101,sol diffuser,리빙·프래그런스,1,46000,46000
PN-260829-010,2026-08-29,토,12:05,PN-102,sol room-spray,리빙·프래그런스,1,28500,28500
PN-260829-010,2026-08-29,토,12:05,PN-108,Bubble mini glass,글라스웨어,1,15000,15000
PN-260829-011,2026-08-29,토,14:50,PN-102,sol room-spray,리빙·프래그런스,1,28500,28500
PN-260829-012,2026-08-29,토,18:32,PN-101,sol diffuser,리빙·프래그런스,1,46000,46000
PN-260829-012,2026-08-29,토,18:32,PN-108,Bubble mini glass,글라스웨어,2,15000,30000
PN-260829-013,2026-08-29,토,16:42,PN-103,Fog cup blue S,글라스웨어,2,28000,56000
PN-260829-014,2026-08-29,토,13:08,PN-105,pattern on-the-rocks glass,글라스웨어,1,18500,18500
PN-260829-015,2026-08-29,토,16:40,PN-105,pattern on-the-rocks glass,글라스웨어,1,18500,18500
PN-260829-015,2026-08-29,토,16:40,PN-106,Lily bubble glass cup,글라스웨어,1,18500,18500
PN-260829-016,2026-08-29,토,18:12,PN-104,sol candle,리빙·프래그런스,1,23000,23000
PN-260829-016,2026-08-29,토,18:12,PN-106,Lily bubble glass cup,글라스웨어,2,18500,37000
PN-260829-017,2026-08-29,토,15:53,PN-101,sol diffuser,리빙·프래그런스,1,46000,46000
PN-260829-018,2026-08-29,토,14:45,PN-107,pattern mini glass,글라스웨어,1,15000,15000
PN-260829-019,2026-08-29,토,13:41,PN-106,Lily bubble glass cup,글라스웨어,1,18500,18500
PN-260829-020,2026-08-29,토,13:51,PN-102,sol room-spray,리빙·프래그런스,1,28500,28500
PN-260829-021,2026-08-29,토,15:01,PN-102,sol room-spray,리빙·프래그런스,1,28500,28500
PN-260829-021,2026-08-29,토,15:01,PN-103,Fog cup blue S,글라스웨어,1,28000,28000
PN-260829-022,2026-08-29,토,13:50,PN-108,Bubble mini glass,글라스웨어,1,15000,15000
PN-260829-023,2026-08-29,토,17:53,PN-106,Lily bubble glass cup,글라스웨어,1,18500,18500
PN-260829-023,2026-08-29,토,17:53,PN-108,Bubble mini glass,글라스웨어,2,15000,30000
PN-260829-024,2026-08-29,토,18:46,PN-103,Fog cup blue S,글라스웨어,1,28000,28000
PN-260829-025,2026-08-29,토,18:29,PN-102,sol room-spray,리빙·프래그런스,1,28500,28500
PN-260829-025,2026-08-29,토,18:29,PN-103,Fog cup blue S,글라스웨어,1,28000,28000
PN-260829-026,2026-08-29,토,15:49,PN-101,sol diffuser,리빙·프래그런스,1,46000,46000
PN-260829-027,2026-08-29,토,13:14,PN-107,pattern mini glass,글라스웨어,1,15000,15000
PN-260829-028,2026-08-29,토,16:51,PN-105,pattern on-the-rocks glass,글라스웨어,2,18500,37000
PN-260829-029,2026-08-29,토,15:39,PN-108,Bubble mini glass,글라스웨어,1,15000,15000
PN-260829-030,2026-08-29,토,16:25,PN-105,pattern on-the-rocks glass,글라스웨어,1,18500,18500
PN-260829-031,2026-08-29,토,12:07,PN-105,pattern on-the-rocks glass,글라스웨어,1,18500,18500
PN-260829-031,2026-08-29,토,12:07,PN-108,Bubble mini glass,글라스웨어,1,15000,15000
PN-260829-032,2026-08-29,토,17:01,PN-104,sol candle,리빙·프래그런스,1,23000,23000
PN-260829-033,2026-08-29,토,12:51,PN-106,Lily bubble glass cup,글라스웨어,1,18500,18500
PN-260829-033,2026-08-29,토,12:51,PN-106,Lily bubble glass cup,글라스웨어,1,18500,18500
PN-260829-034,2026-08-29,토,18:00,PN-103,Fog cup blue S,글라스웨어,1,28000,28000
PN-260829-034,2026-08-29,토,18:00,PN-102,sol room-spray,리빙·프래그런스,1,28500,28500
PN-260829-035,2026-08-29,토,14:16,PN-102,sol room-spray,리빙·프래그런스,1,28500,28500
PN-260829-036,2026-08-29,토,18:50,PN-106,Lily bubble glass cup,글라스웨어,1,18500,18500
PN-260829-036,2026-08-29,토,18:50,PN-103,Fog cup blue S,글라스웨어,1,28000,28000
PN-260829-037,2026-08-29,토,13:14,PN-106,Lily bubble glass cup,글라스웨어,1,18500,18500
PN-260829-037,2026-08-29,토,13:14,PN-101,sol diffuser,리빙·프래그런스,1,46000,46000
PN-260829-038,2026-08-29,토,17:30,PN-106,Lily bubble glass cup,글라스웨어,2,18500,37000
PN-260829-039,2026-08-29,토,14:36,PN-104,sol candle,리빙·프래그런스,1,23000,23000
PN-260829-039,2026-08-29,토,14:36,PN-107,pattern mini glass,글라스웨어,1,15000,15000
PN-260829-040,2026-08-29,토,17:24,PN-102,sol room-spray,리빙·프래그런스,1,28500,28500
PN-260829-041,2026-08-29,토,13:31,PN-106,Lily bubble glass cup,글라스웨어,1,18500,18500
PN-260829-042,2026-08-29,토,17:06,PN-108,Bubble mini glass,글라스웨어,1,15000,15000
PN-260829-042,2026-08-29,토,17:06,PN-105,pattern on-the-rocks glass,글라스웨어,2,18500,37000
PN-260829-043,2026-08-29,토,15:20,PN-103,Fog cup blue S,글라스웨어,1,28000,28000
PN-260829-044,2026-08-29,토,14:33,PN-101,sol diffuser,리빙·프래그런스,1,46000,46000
PN-260829-045,2026-08-29,토,17:03,PN-107,pattern mini glass,글라스웨어,1,15000,15000
PN-260829-046,2026-08-29,토,17:19,PN-104,sol candle,리빙·프래그런스,2,23000,46000
PN-260829-047,2026-08-29,토,13:11,PN-105,pattern on-the-rocks glass,글라스웨어,1,18500,18500
PN-260829-047,2026-08-29,토,13:11,PN-101,sol diffuser,리빙·프래그런스,1,46000,46000
PN-260829-048,2026-08-29,토,16:22,PN-103,Fog cup blue S,글라스웨어,1,28000,28000
PN-260829-048,2026-08-29,토,16:22,PN-107,pattern mini glass,글라스웨어,1,15000,15000
PN-260829-049,2026-08-29,토,16:42,PN-106,Lily bubble glass cup,글라스웨어,1,18500,18500
PN-260829-050,2026-08-29,토,17:13,PN-108,Bubble mini glass,글라스웨어,1,15000,15000
PN-260829-050,2026-08-29,토,17:13,PN-105,pattern on-the-rocks glass,글라스웨어,1,18500,18500
PN-260829-051,2026-08-29,토,17:20,PN-101,sol diffuser,리빙·프래그런스,1,46000,46000
PN-260829-052,2026-08-29,토,18:44,PN-107,pattern mini glass,글라스웨어,1,15000,15000
PN-260829-053,2026-08-29,토,17:24,PN-105,pattern on-the-rocks glass,글라스웨어,1,18500,18500
PN-260829-054,2026-08-29,토,18:40,PN-108,Bubble mini glass,글라스웨어,2,15000,30000
PN-260829-055,2026-08-29,토,17:22,PN-103,Fog cup blue S,글라스웨어,1,28000,28000
PN-260829-056,2026-08-29,토,12:26,PN-107,pattern mini glass,글라스웨어,1,15000,15000
PN-260829-057,2026-08-29,토,13:30,PN-104,sol candle,리빙·프래그런스,1,23000,23000
PN-260829-058,2026-08-29,토,18:04,PN-102,sol room-spray,리빙·프래그런스,1,28500,28500
PN-260829-059,2026-08-29,토,14:39,PN-108,Bubble mini glass,글라스웨어,1,15000,15000
PN-260829-060,2026-08-29,토,13:41,PN-107,pattern mini glass,글라스웨어,1,15000,15000
PN-260829-061,2026-08-29,토,18:13,PN-107,pattern mini glass,글라스웨어,1,15000,15000
PN-260829-062,2026-08-29,토,15:39,PN-104,sol candle,리빙·프래그런스,1,23000,23000
PN-260829-063,2026-08-29,토,18:47,PN-102,sol room-spray,리빙·프래그런스,1,28500,28500
PN-260829-064,2026-08-29,토,14:10,PN-102,sol room-spray,리빙·프래그런스,2,28500,57000
PN-260829-064,2026-08-29,토,14:10,PN-106,Lily bubble glass cup,글라스웨어,1,18500,18500
PN-260829-065,2026-08-29,토,18:25,PN-106,Lily bubble glass cup,글라스웨어,1,18500,18500
PN-260829-065,2026-08-29,토,18:25,PN-105,pattern on-the-rocks glass,글라스웨어,2,18500,37000
PN-260829-066,2026-08-29,토,14:39,PN-108,Bubble mini glass,글라스웨어,1,15000,15000
PN-260829-067,2026-08-29,토,18:19,PN-103,Fog cup blue S,글라스웨어,1,28000,28000
PN-260829-068,2026-08-29,토,12:54,PN-104,sol candle,리빙·프래그런스,1,23000,23000
PN-260829-069,2026-08-29,토,17:12,PN-108,Bubble mini glass,글라스웨어,1,15000,15000
PN-260829-070,2026-08-29,토,18:00,PN-108,Bubble mini glass,글라스웨어,1,15000,15000
PN-260829-071,2026-08-29,토,13:28,PN-108,Bubble mini glass,글라스웨어,1,15000,15000
PN-260829-072,2026-08-29,토,13:17,PN-104,sol candle,리빙·프래그런스,1,23000,23000
PN-260829-073,2026-08-29,토,13:21,PN-107,pattern mini glass,글라스웨어,2,15000,30000
PN-260829-073,2026-08-29,토,13:21,PN-103,Fog cup blue S,글라스웨어,1,28000,28000
PN-260829-074,2026-08-29,토,17:48,PN-106,Lily bubble glass cup,글라스웨어,1,18500,18500
PN-260829-075,2026-08-29,토,17:40,PN-106,Lily bubble glass cup,글라스웨어,1,18500,18500
PN-260829-075,2026-08-29,토,17:40,PN-101,sol diffuser,리빙·프래그런스,1,46000,46000
PN-260829-076,2026-08-29,토,13:40,PN-107,pattern mini glass,글라스웨어,1,15000,15000
PN-260829-077,2026-08-29,토,14:48,PN-108,Bubble mini glass,글라스웨어,1,15000,15000
PN-260829-078,2026-08-29,토,12:19,PN-103,Fog cup blue S,글라스웨어,1,28000,28000
PN-260830-001,2026-08-30,일,14:36,PN-103,Fog cup blue S,글라스웨어,1,28000,28000
PN-260830-002,2026-08-30,일,13:39,PN-103,Fog cup blue S,글라스웨어,1,28000,28000
PN-260830-003,2026-08-30,일,18:27,PN-108,Bubble mini glass,글라스웨어,1,15000,15000
PN-260830-003,2026-08-30,일,18:27,PN-102,sol room-spray,리빙·프래그런스,1,28500,28500
PN-260830-004,2026-08-30,일,15:40,PN-107,pattern mini glass,글라스웨어,1,15000,15000
PN-260830-005,2026-08-30,일,13:37,PN-104,sol candle,리빙·프래그런스,2,23000,46000
PN-260830-005,2026-08-30,일,13:37,PN-102,sol room-spray,리빙·프래그런스,1,28500,28500
PN-260830-006,2026-08-30,일,18:32,PN-102,sol room-spray,리빙·프래그런스,1,28500,28500
PN-260830-007,2026-08-30,일,15:46,PN-102,sol room-spray,리빙·프래그런스,1,28500,28500
PN-260830-008,2026-08-30,일,12:55,PN-103,Fog cup blue S,글라스웨어,1,28000,28000
PN-260830-009,2026-08-30,일,17:35,PN-101,sol diffuser,리빙·프래그런스,1,46000,46000
PN-260830-009,2026-08-30,일,17:35,PN-105,pattern on-the-rocks glass,글라스웨어,1,18500,18500
PN-260830-010,2026-08-30,일,16:42,PN-108,Bubble mini glass,글라스웨어,1,15000,15000
PN-260830-011,2026-08-30,일,18:01,PN-105,pattern on-the-rocks glass,글라스웨어,1,18500,18500
PN-260830-012,2026-08-30,일,14:19,PN-106,Lily bubble glass cup,글라스웨어,1,18500,18500
PN-260830-013,2026-08-30,일,14:01,PN-102,sol room-spray,리빙·프래그런스,1,28500,28500
PN-260830-014,2026-08-30,일,13:16,PN-106,Lily bubble glass cup,글라스웨어,1,18500,18500
PN-260830-014,2026-08-30,일,13:16,PN-104,sol candle,리빙·프래그런스,1,23000,23000
PN-260830-015,2026-08-30,일,13:19,PN-106,Lily bubble glass cup,글라스웨어,1,18500,18500
PN-260830-016,2026-08-30,일,17:48,PN-101,sol diffuser,리빙·프래그런스,1,46000,46000
PN-260830-017,2026-08-30,일,15:31,PN-107,pattern mini glass,글라스웨어,1,15000,15000
PN-260830-018,2026-08-30,일,16:52,PN-102,sol room-spray,리빙·프래그런스,1,28500,28500
PN-260830-019,2026-08-30,일,14:46,PN-101,sol diffuser,리빙·프래그런스,1,46000,46000
PN-260830-020,2026-08-30,일,16:33,PN-103,Fog cup blue S,글라스웨어,1,28000,28000
PN-260830-020,2026-08-30,일,16:33,PN-105,pattern on-the-rocks glass,글라스웨어,2,18500,37000
PN-260830-021,2026-08-30,일,12:25,PN-101,sol diffuser,리빙·프래그런스,1,46000,46000
PN-260830-022,2026-08-30,일,14:24,PN-107,pattern mini glass,글라스웨어,1,15000,15000
PN-260830-023,2026-08-30,일,15:22,PN-105,pattern on-the-rocks glass,글라스웨어,1,18500,18500
PN-260830-024,2026-08-30,일,15:09,PN-106,Lily bubble glass cup,글라스웨어,2,18500,37000
PN-260830-024,2026-08-30,일,15:09,PN-103,Fog cup blue S,글라스웨어,1,28000,28000
PN-260830-025,2026-08-30,일,17:07,PN-108,Bubble mini glass,글라스웨어,1,15000,15000
PN-260830-025,2026-08-30,일,17:07,PN-101,sol diffuser,리빙·프래그런스,1,46000,46000
PN-260830-026,2026-08-30,일,16:52,PN-106,Lily bubble glass cup,글라스웨어,1,18500,18500
PN-260830-026,2026-08-30,일,16:52,PN-103,Fog cup blue S,글라스웨어,1,28000,28000
PN-260830-027,2026-08-30,일,17:29,PN-102,sol room-spray,리빙·프래그런스,1,28500,28500
PN-260830-028,2026-08-30,일,13:06,PN-104,sol candle,리빙·프래그런스,2,23000,46000
PN-260830-028,2026-08-30,일,13:06,PN-101,sol diffuser,리빙·프래그런스,1,46000,46000
PN-260830-029,2026-08-30,일,15:23,PN-107,pattern mini glass,글라스웨어,1,15000,15000
PN-260830-030,2026-08-30,일,17:10,PN-102,sol room-spray,리빙·프래그런스,1,28500,28500
PN-260830-031,2026-08-30,일,15:35,PN-105,pattern on-the-rocks glass,글라스웨어,2,18500,37000
PN-260830-032,2026-08-30,일,16:24,PN-106,Lily bubble glass cup,글라스웨어,2,18500,37000
PN-260830-033,2026-08-30,일,13:38,PN-104,sol candle,리빙·프래그런스,1,23000,23000
PN-260830-034,2026-08-30,일,15:36,PN-106,Lily bubble glass cup,글라스웨어,1,18500,18500
PN-260830-034,2026-08-30,일,15:36,PN-108,Bubble mini glass,글라스웨어,1,15000,15000
PN-260830-035,2026-08-30,일,13:10,PN-106,Lily bubble glass cup,글라스웨어,1,18500,18500
PN-260830-036,2026-08-30,일,17:59,PN-101,sol diffuser,리빙·프래그런스,1,46000,46000
PN-260830-037,2026-08-30,일,14:52,PN-108,Bubble mini glass,글라스웨어,1,15000,15000
PN-260830-038,2026-08-30,일,17:17,PN-106,Lily bubble glass cup,글라스웨어,1,18500,18500
PN-260830-039,2026-08-30,일,12:43,PN-105,pattern on-the-rocks glass,글라스웨어,1,18500,18500
PN-260830-040,2026-08-30,일,18:28,PN-108,Bubble mini glass,글라스웨어,2,15000,30000
PN-260830-040,2026-08-30,일,18:28,PN-103,Fog cup blue S,글라스웨어,1,28000,28000
PN-260830-041,2026-08-30,일,14:33,PN-104,sol candle,리빙·프래그런스,1,23000,23000
PN-260830-042,2026-08-30,일,18:03,PN-106,Lily bubble glass cup,글라스웨어,1,18500,18500
PN-260830-043,2026-08-30,일,15:56,PN-108,Bubble mini glass,글라스웨어,1,15000,15000
PN-260830-043,2026-08-30,일,15:56,PN-106,Lily bubble glass cup,글라스웨어,1,18500,18500
PN-260830-044,2026-08-30,일,15:58,PN-105,pattern on-the-rocks glass,글라스웨어,2,18500,37000
PN-260830-044,2026-08-30,일,15:58,PN-103,Fog cup blue S,글라스웨어,1,28000,28000
PN-260830-045,2026-08-30,일,16:46,PN-104,sol candle,리빙·프래그런스,1,23000,23000
PN-260830-046,2026-08-30,일,18:18,PN-108,Bubble mini glass,글라스웨어,1,15000,15000
PN-260830-047,2026-08-30,일,13:19,PN-104,sol candle,리빙·프래그런스,1,23000,23000
PN-260830-048,2026-08-30,일,18:21,PN-105,pattern on-the-rocks glass,글라스웨어,1,18500,18500
PN-260830-049,2026-08-30,일,14:52,PN-101,sol diffuser,리빙·프래그런스,1,46000,46000
PN-260830-050,2026-08-30,일,15:39,PN-106,Lily bubble glass cup,글라스웨어,2,18500,37000
PN-260830-050,2026-08-30,일,15:39,PN-101,sol diffuser,리빙·프래그런스,1,46000,46000
PN-260831-001,2026-08-31,월,17:39,PN-101,sol diffuser,리빙·프래그런스,1,46000,46000
PN-260831-001,2026-08-31,월,17:39,PN-103,Fog cup blue S,글라스웨어,1,28000,28000
PN-260831-002,2026-08-31,월,17:08,PN-106,Lily bubble glass cup,글라스웨어,1,18500,18500
PN-260831-003,2026-08-31,월,14:24,PN-105,pattern on-the-rocks glass,글라스웨어,1,18500,18500
PN-260831-004,2026-08-31,월,17:03,PN-107,pattern mini glass,글라스웨어,1,15000,15000
PN-260831-005,2026-08-31,월,17:55,PN-107,pattern mini glass,글라스웨어,1,15000,15000
PN-260831-005,2026-08-31,월,17:55,PN-106,Lily bubble glass cup,글라스웨어,1,18500,18500
PN-260831-006,2026-08-31,월,13:21,PN-102,sol room-spray,리빙·프래그런스,1,28500,28500
PN-260831-007,2026-08-31,월,13:51,PN-103,Fog cup blue S,글라스웨어,1,28000,28000
PN-260831-007,2026-08-31,월,13:51,PN-103,Fog cup blue S,글라스웨어,1,28000,28000
PN-260831-008,2026-08-31,월,12:36,PN-108,Bubble mini glass,글라스웨어,1,15000,15000
PN-260831-009,2026-08-31,월,13:10,PN-104,sol candle,리빙·프래그런스,2,23000,46000
PN-260831-010,2026-08-31,월,18:15,PN-105,pattern on-the-rocks glass,글라스웨어,1,18500,18500
PN-260831-011,2026-08-31,월,13:03,PN-103,Fog cup blue S,글라스웨어,1,28000,28000
PN-260831-012,2026-08-31,월,17:33,PN-105,pattern on-the-rocks glass,글라스웨어,1,18500,18500
PN-260831-012,2026-08-31,월,17:33,PN-107,pattern mini glass,글라스웨어,1,15000,15000
PN-260831-013,2026-08-31,월,17:09,PN-108,Bubble mini glass,글라스웨어,2,15000,30000
PN-260831-014,2026-08-31,월,16:46,PN-103,Fog cup blue S,글라스웨어,1,28000,28000
PN-260831-015,2026-08-31,월,18:10,PN-103,Fog cup blue S,글라스웨어,1,28000,28000
PN-260831-016,2026-08-31,월,16:44,PN-106,Lily bubble glass cup,글라스웨어,1,18500,18500
PN-260831-017,2026-08-31,월,17:56,PN-106,Lily bubble glass cup,글라스웨어,1,18500,18500
PN-260831-017,2026-08-31,월,17:56,PN-102,sol room-spray,리빙·프래그런스,1,28500,28500
PN-260831-018,2026-08-31,월,12:21,PN-104,sol candle,리빙·프래그런스,1,23000,23000
PN-260831-019,2026-08-31,월,13:03,PN-106,Lily bubble glass cup,글라스웨어,1,18500,18500
PN-260831-019,2026-08-31,월,13:03,PN-102,sol room-spray,리빙·프래그런스,1,28500,28500
PN-260831-020,2026-08-31,월,16:30,PN-108,Bubble mini glass,글라스웨어,1,15000,15000
