주문번호,주문일,주문시간,채널,매장,상품코드,상품명,사이즈,수량,정상가합계,할인액,실결제금액,주문상태,배송유형,배송지역,고객유형,프로모션코드
ST-260601-0001,2026-06-01,10:21,직영매장,대전둔산,SB-M-EVR-Q,이브닝 리버서블 매트리스,Q,1,438900,0,438900,배송완료,설치(용인 설치1),경기,재구매,
ST-260601-0001,2026-06-01,10:21,직영매장,대전둔산,SB-A-DPM,딥뮤트 수면안대,단일,1,32800,0,32800,배송완료,매장수령,경기,재구매,
CP-260601-0001,2026-06-01,13:58,쿠팡 로켓,,SB-T-ARB5-SS,올라운드 밸런스 토퍼 매트리스 5cm,SS,1,241500,0,241500,배송완료,택배(안성1),대전,재구매,
CJ-260601-0001,2026-06-01,12:44,CJ온스타일,,SB-T-ARB7-SS,올라운드 밸런스 토퍼 매트리스 7cm,SS,2,494600,0,494600,설치완료,택배(안성1),서울,재구매,
CJ-260601-0001,2026-06-01,12:44,CJ온스타일,,SB-T-ARC-Q,올라운드 컴포트 토퍼 매트리스,Q,1,247100,0,247100,설치완료,택배(안성1),서울,재구매,
NV-260601-0001,2026-06-01,15:48,네이버 브랜드스토어,,SB-M-DFC-Q,딥플로우 컴포트 매트리스,Q,1,594400,0,594400,배송완료,설치(용인 설치1),경기,재구매,
CP-260601-0002,2026-06-01,22:30,쿠팡 로켓,,SB-T-ARB7-Q,올라운드 밸런스 토퍼 매트리스 7cm,Q,1,290700,0,290700,반품완료,택배(안성1),대전,재구매,
CP-260601-0002,2026-06-01,22:30,쿠팡 로켓,,SB-M-MFM-Q,미드나잇 풀문 매트리스,Q,1,881600,0,881600,반품완료,설치(용인 설치1),대전,재구매,
CP-260601-0002,2026-06-01,22:30,쿠팡 로켓,,SB-M-EVR-Q,이브닝 리버서블 매트리스,Q,1,397100,0,397100,반품완료,설치(용인 설치1),대전,재구매,
CJ-260601-0002,2026-06-01,21:43,CJ온스타일,,SB-M-ORG-SS,오리지널 매트리스 미디엄 소프트,SS,1,428200,0,428200,취소,설치(용인 설치1),대구,신규,
OH-260601-0001,2026-06-01,11:31,오늘의집,,SB-M-DFC-Q,딥플로우 컴포트 매트리스,Q,1,569900,0,569900,배송완료,설치(용인 설치1),인천,재구매,
OH-260601-0001,2026-06-01,11:31,오늘의집,,SB-M-MFM-Q,미드나잇 풀문 매트리스,Q,1,863000,0,863000,배송완료,설치(용인 설치1),인천,재구매,
OH-260601-0001,2026-06-01,11:31,오늘의집,,SB-T-NMX-Q,더 뉴 맥시멈 토퍼 매트리스,Q,1,510600,0,510600,배송완료,택배(안성1),인천,재구매,
HM-260601-0001,2026-06-01,13:28,자사몰,,SB-T-ARB5-Q,올라운드 밸런스 토퍼 매트리스 5cm,Q,1,303400,0,303400,취소,택배(안성1),인천,신규,
OH-260601-0002,2026-06-01,00:21,오늘의집,,SB-M-ORG-Q,오리지널 매트리스 미디엄 소프트,Q,1,441800,0,441800,교환완료,설치(용인 설치1),서울,신규,
SG-260601-0001,2026-06-01,10:43,SSG닷컴,,SB-T-ARB7-SS,올라운드 밸런스 토퍼 매트리스 7cm,SS,1,252500,0,252500,설치완료,택배(안성1),서울,재구매,
CJ-260601-0003,2026-06-01,06:29,CJ온스타일,,SB-T-ARB5-Q,올라운드 밸런스 토퍼 매트리스 5cm,Q,1,291300,0,291300,배송완료,택배(안성1),서울,신규,
CP-260601-0003,2026-06-01,09:51,쿠팡 로켓,,SB-T-ARC-Q,올라운드 컴포트 토퍼 매트리스,Q,1,244500,63900,180600,설치완료,택배(안성1),서울,신규,EX-2026-01
CP-260601-0004,2026-06-01,04:56,쿠팡 로켓,,SB-T-ARB5-SS,올라운드 밸런스 토퍼 매트리스 5cm,SS,1,241500,0,241500,배송중,택배(안성1),경남,신규,
CP-260602-0001,2026-06-02,18:50,쿠팡 로켓,,SB-T-ARB5-Q,올라운드 밸런스 토퍼 매트리스 5cm,Q,1,288200,0,288200,반품완료,택배(안성1),서울,신규,
SG-260602-0001,2026-06-02,09:20,SSG닷컴,,SB-T-ARC-Q,올라운드 컴포트 토퍼 매트리스,Q,2,504600,0,504600,설치완료,택배(안성1),서울,신규,
ST-260602-0001,2026-06-02,16:59,직영매장,대전둔산,SB-T-ARB5-Q,올라운드 밸런스 토퍼 매트리스 5cm,Q,1,318600,0,318600,배송완료,설치(용인 설치1),제주,신규,
NV-260602-0001,2026-06-02,19:07,네이버 브랜드스토어,,SB-T-ARB7-SS,올라운드 밸런스 토퍼 매트리스 7cm,SS,1,249900,0,249900,설치완료,택배(안성1),부산,신규,
NV-260602-0001,2026-06-02,19:07,네이버 브랜드스토어,,SB-T-ARC-Q,올라운드 컴포트 토퍼 매트리스,Q,1,249700,0,249700,설치완료,택배(안성1),부산,신규,
SG-260602-0002,2026-06-02,18:44,SSG닷컴,,SB-T-ARC-Q,올라운드 컴포트 토퍼 매트리스,Q,1,252300,0,252300,배송완료,택배(안성1),강원,신규,
HM-260602-0001,2026-06-02,20:14,자사몰,,SB-M-EVS-Q,이브닝 스타릿 매트리스,Q,1,706000,0,706000,배송완료,설치(용인 설치1),광주,재구매,
HM-260602-0001,2026-06-02,20:14,자사몰,,SB-A-DPM,딥뮤트 수면안대,단일,1,31200,0,31200,배송완료,택배(안성1),광주,재구매,
NV-260602-0002,2026-06-02,12:33,네이버 브랜드스토어,,SB-P-CLL,클라우드 LOW 경추 베개,단일,1,53600,0,53600,반품완료,택배(안성1),대전,신규,
NV-260602-0002,2026-06-02,12:33,네이버 브랜드스토어,,SB-T-NMX-Q,더 뉴 맥시멈 토퍼 매트리스,Q,1,532500,0,532500,반품완료,택배(안성1),대전,신규,
NV-260602-0002,2026-06-02,12:33,네이버 브랜드스토어,,SB-M-EVR-Q,이브닝 리버서블 매트리스,Q,1,405500,0,405500,반품완료,설치(용인 설치1),대전,신규,
CP-260602-0002,2026-06-02,17:38,쿠팡 로켓,,SB-T-ARB7-SS,올라운드 밸런스 토퍼 매트리스 7cm,SS,1,244700,0,244700,설치완료,택배(안성1),서울,신규,
NV-260602-0003,2026-06-02,15:23,네이버 브랜드스토어,,SB-MO-EVM-SS,이브닝 모션 매트리스,SS,1,1039800,0,1039800,배송완료,설치(용인 설치1),울산,재구매,
CJ-260602-0001,2026-06-02,09:09,CJ온스타일,,SB-T-ARB5-Q,올라운드 밸런스 토퍼 매트리스 5cm,Q,1,291300,0,291300,배송완료,택배(안성1),부산,신규,
CJ-260602-0001,2026-06-02,09:09,CJ온스타일,,SB-T-GRB-SS,그라운드 밸런스 토퍼 매트리스,SS,1,501100,0,501100,배송완료,택배(안성1),부산,신규,
HM-260602-0002,2026-06-02,11:13,자사몰,,SB-T-ARB5-Q,올라운드 밸런스 토퍼 매트리스 5cm,Q,2,606800,0,606800,설치완료,택배(안성1),서울,재구매,
HM-260602-0002,2026-06-02,11:13,자사몰,,SB-P-CLB,클라우드 버디 베개,단일,1,63200,0,63200,설치완료,택배(안성1),서울,재구매,
HM-260603-0001,2026-06-03,22:51,자사몰,,SB-P-CLB,클라우드 버디 베개,단일,1,63200,0,63200,취소,택배(안성1),인천,재구매,
NV-260603-0001,2026-06-03,08:50,네이버 브랜드스토어,,SB-M-ORG-SS,오리지널 매트리스 미디엄 소프트,SS,1,432600,0,432600,배송완료,설치(용인 설치1),경기,신규,
CP-260603-0001,2026-06-03,10:54,쿠팡 로켓,,SB-M-ORG-Q,오리지널 매트리스 미디엄 소프트,Q,1,451200,0,451200,배송완료,설치(용인 설치1),광주,재구매,
OH-260603-0001,2026-06-03,06:27,오늘의집,,SB-A-DPM,딥뮤트 수면안대,단일,2,58000,0,58000,배송완료,택배(안성1),경기,신규,
HM-260603-0002,2026-06-03,13:34,자사몰,,SB-T-ARC-Q,올라운드 컴포트 토퍼 매트리스,Q,1,257400,0,257400,배송완료,택배(안성1),광주,신규,
ST-260603-0001,2026-06-03,20:37,직영매장,용산,SB-T-ARCP-Q,올라운드 컴포트 플러스 토퍼 매트리스,Q,2,619000,0,619000,배송완료,설치(용인 설치1),대구,재구매,
ST-260603-0002,2026-06-03,19:02,직영매장,슬로우나잇 논현,SB-T-MAX-Q,맥시멈 토퍼 매트리스,Q,1,576400,0,576400,배송중,설치(용인 설치1),경남,신규,
CJ-260603-0001,2026-06-03,09:06,CJ온스타일,,SB-T-ARB7-SS,올라운드 밸런스 토퍼 매트리스 7cm,SS,1,247300,0,247300,배송중,택배(안성1),서울,신규,
HM-260603-0003,2026-06-03,16:03,자사몰,,SB-T-ARB5-SS,올라운드 밸런스 토퍼 매트리스 5cm,SS,1,254200,0,254200,배송완료,택배(안성1),인천,재구매,
CJ-260603-0002,2026-06-03,16:46,CJ온스타일,,SB-T-ARB7-Q,올라운드 밸런스 토퍼 매트리스 7cm,Q,1,293800,0,293800,배송완료,택배(안성1),강원,신규,
CJ-260603-0002,2026-06-03,16:46,CJ온스타일,,SB-T-ARC-SS,올라운드 컴포트 토퍼 매트리스,SS,1,209700,0,209700,배송완료,택배(안성1),강원,신규,
CJ-260603-0002,2026-06-03,16:46,CJ온스타일,,SB-M-ORG-SS,오리지널 매트리스 미디엄 소프트,SS,1,428200,0,428200,배송완료,설치(용인 설치1),강원,신규,
ST-260603-0003,2026-06-03,09:26,직영매장,슬로우나잇 스타필드 수원,SB-T-ARB5-SS,올라운드 밸런스 토퍼 매트리스 5cm,SS,1,266900,0,266900,배송완료,설치(용인 설치1),서울,재구매,
ST-260604-0001,2026-06-04,07:43,직영매장,대전둔산,SB-P-CLB,클라우드 버디 베개,단일,1,66400,0,66400,배송완료,매장수령,경기,신규,
NV-260604-0001,2026-06-04,23:45,네이버 브랜드스토어,,SB-T-ARB5-SS,올라운드 밸런스 토퍼 매트리스 5cm,SS,2,493200,0,493200,배송완료,택배(안성1),경기,신규,
NV-260604-0002,2026-06-04,13:22,네이버 브랜드스토어,,SB-A-DPM,딥뮤트 수면안대,단일,1,30300,0,30300,배송완료,택배(안성1),충남,신규,
OH-260604-0001,2026-06-04,11:36,오늘의집,,SB-P-CLB,클라우드 버디 베개,단일,2,117600,0,117600,설치완료,택배(안성1),경기,신규,
NV-260604-0003,2026-06-04,11:23,네이버 브랜드스토어,,SB-MO-MBL-Q,모션 밸런스드 매트리스,Q,1,1501600,0,1501600,배송완료,설치(용인 설치1),경기,재구매,
NV-260604-0004,2026-06-04,19:28,네이버 브랜드스토어,,SB-T-ARB7-Q,올라운드 밸런스 토퍼 매트리스 7cm,Q,1,296800,0,296800,설치완료,택배(안성1),인천,재구매,
NV-260604-0004,2026-06-04,19:28,네이버 브랜드스토어,,SB-M-DFC-Q,딥플로우 컴포트 매트리스,Q,1,594400,0,594400,설치완료,설치(용인 설치1),인천,재구매,
NV-260604-0004,2026-06-04,19:28,네이버 브랜드스토어,,SB-T-NMX-SS,더 뉴 맥시멈 토퍼 매트리스,SS,1,445200,0,445200,설치완료,택배(안성1),인천,재구매,
CP-260604-0001,2026-06-04,16:19,쿠팡 로켓,,SB-T-NMX-Q,더 뉴 맥시멈 토퍼 매트리스,Q,1,521600,0,521600,배송완료,택배(안성1),경기,신규,
OH-260604-0002,2026-06-04,11:04,오늘의집,,SB-P-CLL,클라우드 LOW 경추 베개,단일,2,102800,0,102800,배송완료,택배(안성1),서울,신규,
OH-260604-0003,2026-06-04,19:25,오늘의집,,SB-P-CLB,클라우드 버디 베개,단일,1,58800,0,58800,설치완료,택배(안성1),부산,신규,
OH-260604-0003,2026-06-04,19:25,오늘의집,,SB-T-ARB7-Q,올라운드 밸런스 토퍼 매트리스 7cm,Q,1,284600,0,284600,설치완료,택배(안성1),부산,신규,
CP-260604-0002,2026-06-04,21:08,쿠팡 로켓,,SB-A-DPM,딥뮤트 수면안대,단일,1,29600,0,29600,배송완료,택배(안성1),부산,신규,
CP-260604-0002,2026-06-04,21:08,쿠팡 로켓,,SB-MO-MBL-SS,모션 밸런스드 매트리스,SS,1,1353800,0,1353800,배송완료,설치(용인 설치1),부산,신규,
CP-260604-0002,2026-06-04,21:08,쿠팡 로켓,,SB-M-EVR-SS,이브닝 리버서블 매트리스,SS,1,372400,0,372400,배송완료,설치(용인 설치1),부산,신규,
CP-260604-0003,2026-06-04,23:05,쿠팡 로켓,,SB-T-MAX-SS,맥시멈 토퍼 매트리스,SS,1,436000,0,436000,교환완료,택배(안성1),경기,신규,
SG-260604-0001,2026-06-04,17:24,SSG닷컴,,SB-F-BAU-O,바우 키즈 원목 오픈형 데이베드 침대,SS,1,587000,0,587000,배송중,설치(용인 설치1),서울,재구매,
CP-260604-0004,2026-06-04,07:34,쿠팡 로켓,,SB-T-ARB5-Q,올라운드 밸런스 토퍼 매트리스 5cm,Q,2,576400,0,576400,배송완료,택배(안성1),서울,신규,
SG-260605-0001,2026-06-05,10:52,SSG닷컴,,SB-P-CLL,클라우드 LOW 경추 베개,단일,1,54100,0,54100,배송완료,택배(안성1),서울,신규,
CJ-260605-0001,2026-06-05,17:06,CJ온스타일,,SB-M-EVS-Q,이브닝 스타릿 매트리스,Q,1,677800,0,677800,배송완료,설치(용인 설치1),충남,재구매,
CJ-260605-0002,2026-06-05,13:58,CJ온스타일,,SB-T-NMX-SS,더 뉴 맥시멈 토퍼 매트리스,SS,1,440600,0,440600,설치완료,택배(안성1),서울,신규,
CP-260605-0001,2026-06-05,08:18,쿠팡 로켓,,SB-T-ARB5-Q,올라운드 밸런스 토퍼 매트리스 5cm,Q,1,288200,0,288200,배송완료,택배(안성1),서울,신규,
CP-260605-0001,2026-06-05,08:18,쿠팡 로켓,,SB-M-DFC-SS,딥플로우 컴포트 매트리스,SS,1,555800,0,555800,배송완료,설치(용인 설치1),서울,신규,
CP-260605-0001,2026-06-05,08:18,쿠팡 로켓,,SB-T-NMX-Q,더 뉴 맥시멈 토퍼 매트리스,Q,1,521600,0,521600,배송완료,택배(안성1),서울,신규,
HM-260605-0001,2026-06-05,07:33,자사몰,,SB-T-ARC-Q,올라운드 컴포트 토퍼 매트리스,Q,1,257400,0,257400,반품완료,택배(안성1),대구,신규,
OH-260605-0001,2026-06-05,19:32,오늘의집,,SB-A-DPM,딥뮤트 수면안대,단일,1,29000,0,29000,배송완료,택배(안성1),광주,신규,
CP-260605-0002,2026-06-05,23:08,쿠팡 로켓,,SB-M-EVR-SS,이브닝 리버서블 매트리스,SS,1,372400,0,372400,설치완료,설치(용인 설치1),부산,신규,
OH-260605-0002,2026-06-05,15:39,오늘의집,,SB-T-NMX-Q,더 뉴 맥시멈 토퍼 매트리스,Q,1,510600,0,510600,배송완료,택배(안성1),서울,재구매,
NV-260605-0001,2026-06-05,16:42,네이버 브랜드스토어,,SB-M-DFB-SS,딥플로우 밸런스 매트리스,SS,1,498600,0,498600,설치완료,설치(용인 설치1),대구,신규,
NV-260605-0002,2026-06-05,16:53,네이버 브랜드스토어,,SB-T-ARB5-Q,올라운드 밸런스 토퍼 매트리스 5cm,Q,1,294300,0,294300,반품완료,택배(안성1),서울,재구매,
NV-260605-0003,2026-06-05,19:33,네이버 브랜드스토어,,SB-T-GRB-SS,그라운드 밸런스 토퍼 매트리스,SS,1,506300,0,506300,설치완료,택배(안성1),인천,신규,
NV-260605-0003,2026-06-05,19:33,네이버 브랜드스토어,,SB-M-DFB-Q,딥플로우 밸런스 매트리스,Q,1,522200,0,522200,설치완료,설치(용인 설치1),인천,신규,
NV-260605-0004,2026-06-05,06:15,네이버 브랜드스토어,,SB-T-ARB5-SS,올라운드 밸런스 토퍼 매트리스 5cm,SS,1,246600,0,246600,배송완료,택배(안성1),대전,신규,
NV-260605-0004,2026-06-05,06:15,네이버 브랜드스토어,,SB-M-EVS-Q,이브닝 스타릿 매트리스,Q,1,684800,0,684800,배송완료,설치(용인 설치1),대전,신규,
NV-260605-0005,2026-06-05,19:02,네이버 브랜드스토어,,SB-M-ORG-SS,오리지널 매트리스 미디엄 소프트,SS,1,432600,0,432600,배송완료,설치(용인 설치1),서울,신규,
NV-260606-0001,2026-06-06,18:59,네이버 브랜드스토어,,SB-A-DPM,딥뮤트 수면안대,단일,1,30300,0,30300,배송완료,택배(안성1),서울,신규,
CP-260606-0001,2026-06-06,20:10,쿠팡 로켓,,SB-F-BAU-O,바우 키즈 원목 오픈형 데이베드 침대,SS,1,569000,0,569000,설치완료,설치(용인 설치1),경남,신규,
SG-260606-0001,2026-06-06,11:28,SSG닷컴,,SB-M-DFB-Q,딥플로우 밸런스 매트리스,Q,1,527600,0,527600,배송완료,설치(용인 설치1),서울,신규,
SG-260606-0001,2026-06-06,11:28,SSG닷컴,,SB-MO-EVM-SS,이브닝 모션 매트리스,SS,1,1050600,0,1050600,배송완료,설치(용인 설치1),서울,신규,
NV-260606-0002,2026-06-06,09:13,네이버 브랜드스토어,,SB-T-ARCP-Q,올라운드 컴포트 플러스 토퍼 매트리스,Q,1,286000,0,286000,설치완료,택배(안성1),광주,신규,
ST-260606-0001,2026-06-06,21:28,직영매장,슬로우나잇 스타필드 수원,SB-T-ARB7-Q,올라운드 밸런스 토퍼 매트리스 7cm,Q,1,321300,0,321300,설치완료,설치(용인 설치1),인천,재구매,
NV-260606-0003,2026-06-06,07:27,네이버 브랜드스토어,,SB-T-NMX-Q,더 뉴 맥시멈 토퍼 매트리스,Q,1,532500,0,532500,배송완료,택배(안성1),경기,신규,
NV-260606-0004,2026-06-06,06:52,네이버 브랜드스토어,,SB-M-DFC-Q,딥플로우 컴포트 매트리스,Q,1,594400,0,594400,설치완료,설치(용인 설치1),인천,재구매,
NV-260606-0005,2026-06-06,16:50,네이버 브랜드스토어,,SB-T-ARC-Q,올라운드 컴포트 토퍼 매트리스,Q,1,249700,0,249700,배송완료,택배(안성1),경기,신규,
CP-260606-0002,2026-06-06,21:16,쿠팡 로켓,,SB-A-DPM,딥뮤트 수면안대,단일,1,29600,0,29600,배송완료,택배(안성1),서울,재구매,
NV-260606-0006,2026-06-06,19:33,네이버 브랜드스토어,,SB-P-CLL,클라우드 LOW 경추 베개,단일,1,53600,0,53600,설치완료,택배(안성1),경기,신규,
ST-260606-0002,2026-06-06,21:40,직영매장,슬로우나잇 논현,SB-T-NMX-SS,더 뉴 맥시멈 토퍼 매트리스,SS,1,482000,0,482000,배송완료,설치(용인 설치1),경기,신규,
NV-260606-0007,2026-06-06,19:52,네이버 브랜드스토어,,SB-MO-EVM-Q,이브닝 모션 매트리스,Q,1,1131000,0,1131000,반품완료,설치(용인 설치1),서울,신규,
NV-260606-0008,2026-06-06,19:16,네이버 브랜드스토어,,SB-MO-EVM-SS,이브닝 모션 매트리스,SS,1,1039800,0,1039800,반품완료,설치(용인 설치1),서울,신규,
CP-260606-0003,2026-06-06,06:41,쿠팡 로켓,,SB-T-ARB5-Q,올라운드 밸런스 토퍼 매트리스 5cm,Q,1,288200,0,288200,배송완료,택배(안성1),경기,신규,
CP-260606-0003,2026-06-06,06:41,쿠팡 로켓,,SB-M-ORG-SS,오리지널 매트리스 미디엄 소프트,SS,1,423700,0,423700,배송완료,설치(용인 설치1),경기,신규,
HM-260607-0001,2026-06-07,11:27,자사몰,,SB-F-BAU-G,바우 키즈 원목 가드형 데이베드 침대,SS,1,799000,0,799000,설치완료,설치(용인 설치1),경기,신규,
ST-260607-0001,2026-06-07,14:29,직영매장,대전둔산,SB-M-ORG-Q,오리지널 매트리스 미디엄 소프트,Q,1,498800,0,498800,배송완료,설치(용인 설치1),서울,신규,
OH-260607-0001,2026-06-07,20:26,오늘의집,,SB-T-ARB5-Q,올라운드 밸런스 토퍼 매트리스 5cm,Q,1,282200,0,282200,배송완료,택배(안성1),서울,재구매,
OH-260607-0001,2026-06-07,20:26,오늘의집,,SB-F-AMD-K,아몬드 무헤드형 침대,K,1,864900,0,864900,배송완료,설치(용인 설치1),서울,재구매,
CP-260607-0001,2026-06-07,09:37,쿠팡 로켓,,SB-T-ARB5-Q,올라운드 밸런스 토퍼 매트리스 5cm,Q,1,288200,0,288200,배송완료,택배(안성1),인천,신규,
ST-260607-0002,2026-06-07,09:32,직영매장,노원,SB-P-CLL,클라우드 LOW 경추 베개,단일,1,58000,0,58000,배송완료,매장수령,경기,신규,
CJ-260607-0001,2026-06-07,15:09,CJ온스타일,,SB-T-ARC-Q,올라운드 컴포트 토퍼 매트리스,Q,1,247100,0,247100,설치완료,택배(안성1),부산,신규,
ST-260607-0003,2026-06-07,11:31,직영매장,슬로우나잇 논현,SB-M-MFM-K,미드나잇 풀문 매트리스,K,1,1073100,0,1073100,취소,설치(용인 설치1),경기,재구매,
NV-260607-0001,2026-06-07,16:18,네이버 브랜드스토어,,SB-T-NMX-Q,더 뉴 맥시멈 토퍼 매트리스,Q,1,532500,0,532500,반품완료,택배(안성1),부산,재구매,
NV-260607-0001,2026-06-07,16:18,네이버 브랜드스토어,,SB-A-DPM,딥뮤트 수면안대,단일,1,30300,0,30300,반품완료,택배(안성1),부산,재구매,
NV-260607-0002,2026-06-07,14:33,네이버 브랜드스토어,,SB-T-ARB7-Q,올라운드 밸런스 토퍼 매트리스 7cm,Q,1,296800,0,296800,배송중,택배(안성1),인천,신규,
CJ-260607-0002,2026-06-07,10:09,CJ온스타일,,SB-T-ARB5-Q,올라운드 밸런스 토퍼 매트리스 5cm,Q,1,291300,0,291300,배송완료,택배(안성1),서울,신규,
OH-260607-0002,2026-06-07,10:42,오늘의집,,SB-P-CLL,클라우드 LOW 경추 베개,단일,1,51400,0,51400,설치완료,택배(안성1),서울,재구매,
HM-260607-0002,2026-06-07,12:21,자사몰,,SB-T-ARB7-SS,올라운드 밸런스 토퍼 매트리스 7cm,SS,2,515200,0,515200,배송완료,택배(안성1),서울,신규,
ST-260607-0004,2026-06-07,15:05,직영매장,송파,SB-M-EVR-SS,이브닝 리버서블 매트리스,SS,1,411600,0,411600,배송완료,설치(용인 설치1),서울,신규,
CP-260607-0002,2026-06-07,09:37,쿠팡 로켓,,SB-T-ARB5-Q,올라운드 밸런스 토퍼 매트리스 5cm,Q,1,288200,0,288200,배송완료,택배(안성1),대구,재구매,
CP-260607-0002,2026-06-07,09:37,쿠팡 로켓,,SB-T-NMX-Q,더 뉴 맥시멈 토퍼 매트리스,Q,1,521600,0,521600,배송완료,택배(안성1),대구,재구매,
CP-260607-0002,2026-06-07,09:37,쿠팡 로켓,,SB-P-CLB,클라우드 버디 베개,단일,2,120000,0,120000,배송완료,택배(안성1),대구,재구매,
ST-260607-0005,2026-06-07,09:57,직영매장,용산,SB-T-ARB5-Q,올라운드 밸런스 토퍼 매트리스 5cm,Q,1,318600,0,318600,배송완료,설치(용인 설치1),서울,신규,
OH-260608-0001,2026-06-08,18:52,오늘의집,,SB-P-CLL,클라우드 LOW 경추 베개,단일,1,51400,0,51400,교환완료,택배(안성1),광주,신규,
OH-260608-0002,2026-06-08,14:35,오늘의집,,SB-MO-MBL-Q,모션 밸런스드 매트리스,Q,1,1439600,0,1439600,배송중,설치(용인 설치1),경기,신규,
NV-260608-0001,2026-06-08,11:18,네이버 브랜드스토어,,SB-T-ARB5-SS,올라운드 밸런스 토퍼 매트리스 5cm,SS,1,246600,0,246600,배송완료,택배(안성1),광주,재구매,
NV-260608-0002,2026-06-08,20:21,네이버 브랜드스토어,,SB-F-AMD-KK,아몬드 무헤드형 침대,KK,1,950600,0,950600,배송완료,설치(용인 설치1),경기,신규,
NV-260608-0002,2026-06-08,20:21,네이버 브랜드스토어,,SB-T-ARB7-SS,올라운드 밸런스 토퍼 매트리스 7cm,SS,1,249900,0,249900,배송완료,택배(안성1),경기,신규,
NV-260608-0002,2026-06-08,20:21,네이버 브랜드스토어,,SB-M-DFB-SS,딥플로우 밸런스 매트리스,SS,1,498600,0,498600,배송완료,설치(용인 설치1),경기,신규,
ST-260608-0001,2026-06-08,08:18,직영매장,슬로우나잇 스타필드 수원,SB-T-ARB5-Q,올라운드 밸런스 토퍼 매트리스 5cm,Q,1,318600,0,318600,배송완료,설치(용인 설치1),경기,재구매,
CJ-260608-0001,2026-06-08,10:55,CJ온스타일,,SB-T-ARC-Q,올라운드 컴포트 토퍼 매트리스,Q,1,247100,0,247100,설치완료,택배(안성1),대전,재구매,
OH-260608-0003,2026-06-08,18:24,오늘의집,,SB-T-ARC-Q,올라운드 컴포트 토퍼 매트리스,Q,2,478800,0,478800,설치완료,택배(안성1),경기,재구매,
CP-260608-0001,2026-06-08,19:57,쿠팡 로켓,,SB-T-ARC-Q,올라운드 컴포트 토퍼 매트리스,Q,1,244500,63900,180600,배송완료,택배(안성1),대전,재구매,EX-2026-01
NV-260608-0003,2026-06-08,10:39,네이버 브랜드스토어,,SB-M-DFC-Q,딥플로우 컴포트 매트리스,Q,1,594400,0,594400,반품완료,설치(용인 설치1),광주,신규,
CJ-260608-0002,2026-06-08,21:26,CJ온스타일,,SB-T-ARB5-Q,올라운드 밸런스 토퍼 매트리스 5cm,Q,1,291300,0,291300,배송완료,택배(안성1),경남,재구매,
CJ-260608-0002,2026-06-08,21:26,CJ온스타일,,SB-T-ARB7-Q,올라운드 밸런스 토퍼 매트리스 7cm,Q,1,293800,0,293800,배송완료,택배(안성1),경남,재구매,
OH-260608-0004,2026-06-08,22:06,오늘의집,,SB-T-ARCP-Q,올라운드 컴포트 플러스 토퍼 매트리스,Q,1,274200,0,274200,배송완료,택배(안성1),인천,재구매,
NV-260609-0001,2026-06-09,11:39,네이버 브랜드스토어,,SB-T-ARC-SS,올라운드 컴포트 토퍼 매트리스,SS,1,211800,0,211800,반품완료,택배(안성1),인천,신규,
NV-260609-0002,2026-06-09,16:40,네이버 브랜드스토어,,SB-M-DFC-SS,딥플로우 컴포트 매트리스,SS,1,567400,0,567400,배송완료,설치(용인 설치1),부산,재구매,
CP-260609-0001,2026-06-09,05:51,쿠팡 로켓,,SB-F-AMD-KK,아몬드 무헤드형 침대,KK,1,931000,0,931000,교환완료,설치(용인 설치1),경기,신규,
CP-260609-0001,2026-06-09,05:51,쿠팡 로켓,,SB-P-CLB,클라우드 버디 베개,단일,1,60000,0,60000,교환완료,택배(안성1),경기,신규,
CP-260609-0001,2026-06-09,05:51,쿠팡 로켓,,SB-P-CLL,클라우드 LOW 경추 베개,단일,1,52500,0,52500,교환완료,택배(안성1),경기,신규,
ST-260609-0001,2026-06-09,17:32,직영매장,슬로우나잇 논현,SB-T-NMX-Q,더 뉴 맥시멈 토퍼 매트리스,Q,1,576400,0,576400,배송중,설치(용인 설치1),서울,신규,
NV-260609-0003,2026-06-09,06:34,네이버 브랜드스토어,,SB-M-DFC-SS,딥플로우 컴포트 매트리스,SS,1,567400,0,567400,배송완료,설치(용인 설치1),강원,신규,
CP-260609-0002,2026-06-09,15:40,쿠팡 로켓,,SB-T-ARC-Q,올라운드 컴포트 토퍼 매트리스,Q,1,244500,0,244500,반품완료,택배(안성1),경기,신규,
NV-260609-0004,2026-06-09,09:44,네이버 브랜드스토어,,SB-T-ARCP-Q,올라운드 컴포트 플러스 토퍼 매트리스,Q,1,286000,0,286000,설치완료,택배(안성1),서울,재구매,
NV-260609-0004,2026-06-09,09:44,네이버 브랜드스토어,,SB-A-DPM,딥뮤트 수면안대,단일,1,30300,0,30300,설치완료,택배(안성1),서울,재구매,
CP-260609-0003,2026-06-09,12:42,쿠팡 로켓,,SB-T-ARB5-SS,올라운드 밸런스 토퍼 매트리스 5cm,SS,1,241500,0,241500,배송완료,택배(안성1),인천,재구매,
NV-260609-0005,2026-06-09,09:21,네이버 브랜드스토어,,SB-M-EVR-S,이브닝 리버서블 매트리스,S,1,349100,0,349100,설치완료,설치(용인 설치1),경기,신규,
ST-260609-0002,2026-06-09,09:06,직영매장,슬로우나잇 논현,SB-M-ORG-SS,오리지널 매트리스 미디엄 소프트,SS,1,468300,0,468300,배송중,설치(용인 설치1),대전,신규,
NV-260610-0001,2026-06-10,19:05,네이버 브랜드스토어,,SB-M-DFC-SS,딥플로우 컴포트 매트리스,SS,1,567400,0,567400,반품완료,설치(용인 설치1),경기,신규,
HM-260610-0001,2026-06-10,07:34,자사몰,,SB-M-DFB-SS,딥플로우 밸런스 매트리스,SS,1,514000,0,514000,배송완료,설치(용인 설치1),인천,신규,
OH-260610-0001,2026-06-10,11:28,오늘의집,,SB-T-NMX-Q,더 뉴 맥시멈 토퍼 매트리스,Q,1,510600,0,510600,반품완료,택배(안성1),광주,신규,
CP-260610-0001,2026-06-10,22:31,쿠팡 로켓,,SB-A-DPM,딥뮤트 수면안대,단일,1,29600,0,29600,설치완료,택배(안성1),서울,재구매,
OH-260610-0002,2026-06-10,04:51,오늘의집,,SB-T-ARB7-Q,올라운드 밸런스 토퍼 매트리스 7cm,Q,1,284600,0,284600,배송완료,택배(안성1),서울,재구매,
ST-260610-0001,2026-06-10,22:38,직영매장,슬로우나잇 논현,SB-M-EVS-Q,이브닝 스타릿 매트리스,Q,1,741300,0,741300,배송완료,설치(용인 설치1),대구,신규,
ST-260610-0001,2026-06-10,22:38,직영매장,슬로우나잇 논현,SB-M-DFC-Q,딥플로우 컴포트 매트리스,Q,1,643400,0,643400,배송완료,설치(용인 설치1),대구,신규,
ST-260610-0001,2026-06-10,22:38,직영매장,슬로우나잇 논현,SB-T-GRB-SS,그라운드 밸런스 토퍼 매트리스,SS,1,548100,0,548100,배송완료,설치(용인 설치1),대구,신규,
NV-260610-0002,2026-06-10,19:44,네이버 브랜드스토어,,SB-M-DFC-Q,딥플로우 컴포트 매트리스,Q,1,594400,0,594400,배송완료,설치(용인 설치1),서울,신규,
NV-260610-0003,2026-06-10,12:20,네이버 브랜드스토어,,SB-T-ARB5-Q,올라운드 밸런스 토퍼 매트리스 5cm,Q,1,294300,0,294300,배송중,택배(안성1),대전,재구매,
HM-260610-0002,2026-06-10,18:10,자사몰,,SB-M-DFC-SS,딥플로우 컴포트 매트리스,SS,1,585000,0,585000,배송완료,설치(용인 설치1),서울,재구매,
NV-260610-0004,2026-06-10,13:17,네이버 브랜드스토어,,SB-P-CLL,클라우드 LOW 경추 베개,단일,1,53600,0,53600,배송완료,택배(안성1),서울,신규,
NV-260610-0004,2026-06-10,13:17,네이버 브랜드스토어,,SB-T-NMX-Q,더 뉴 맥시멈 토퍼 매트리스,Q,1,532500,0,532500,배송완료,택배(안성1),서울,신규,
NV-260610-0005,2026-06-10,22:40,네이버 브랜드스토어,,SB-T-ARB5-Q,올라운드 밸런스 토퍼 매트리스 5cm,Q,1,294300,0,294300,배송완료,택배(안성1),인천,신규,
NV-260610-0005,2026-06-10,22:40,네이버 브랜드스토어,,SB-M-EVS-Q,이브닝 스타릿 매트리스,Q,1,684800,0,684800,배송완료,설치(용인 설치1),인천,신규,
NV-260610-0006,2026-06-10,09:25,네이버 브랜드스토어,,SB-T-ARCP-Q,올라운드 컴포트 플러스 토퍼 매트리스,Q,1,286000,0,286000,배송중,택배(안성1),강원,신규,
HM-260610-0003,2026-06-10,15:37,자사몰,,SB-T-ARB5-Q,올라운드 밸런스 토퍼 매트리스 5cm,Q,1,303400,0,303400,설치완료,택배(안성1),서울,재구매,
HM-260610-0003,2026-06-10,15:37,자사몰,,SB-T-ARCP-Q,올라운드 컴포트 플러스 토퍼 매트리스,Q,1,294800,0,294800,설치완료,택배(안성1),서울,재구매,
ST-260610-0002,2026-06-10,07:56,직영매장,용산,SB-T-ARB5-SS,올라운드 밸런스 토퍼 매트리스 5cm,SS,1,266900,0,266900,취소,설치(용인 설치1),인천,신규,
NV-260611-0001,2026-06-11,12:47,네이버 브랜드스토어,,SB-M-EVR-Q,이브닝 리버서블 매트리스,Q,1,405500,103000,302500,배송완료,설치(용인 설치1),충남,신규,LV-2026-01
NV-260611-0002,2026-06-11,12:25,네이버 브랜드스토어,,SB-M-EVR-Q,이브닝 리버서블 매트리스,Q,1,405500,103000,302500,배송완료,설치(용인 설치1),서울,신규,LV-2026-01
SG-260611-0001,2026-06-11,21:50,SSG닷컴,,SB-M-EVR-SS,이브닝 리버서블 매트리스,SS,1,384200,0,384200,배송완료,설치(용인 설치1),경기,재구매,
SG-260611-0001,2026-06-11,21:50,SSG닷컴,,SB-T-ARC-SS,올라운드 컴포트 토퍼 매트리스,SS,1,214000,0,214000,배송완료,택배(안성1),경기,재구매,
SG-260611-0001,2026-06-11,21:50,SSG닷컴,,SB-T-ARC-Q,올라운드 컴포트 토퍼 매트리스,Q,2,504600,0,504600,배송완료,택배(안성1),경기,재구매,
NV-260611-0003,2026-06-11,10:35,네이버 브랜드스토어,,SB-M-EVR-Q,이브닝 리버서블 매트리스,Q,1,405500,103000,302500,배송완료,설치(용인 설치1),대전,신규,LV-2026-01
NV-260611-0004,2026-06-11,13:23,네이버 브랜드스토어,,SB-T-ARB5-Q,올라운드 밸런스 토퍼 매트리스 5cm,Q,1,294300,0,294300,배송완료,택배(안성1),대구,신규,
NV-260611-0005,2026-06-11,09:34,네이버 브랜드스토어,,SB-T-ARC-Q,올라운드 컴포트 토퍼 매트리스,Q,1,249700,0,249700,설치완료,택배(안성1),경남,신규,
NV-260611-0006,2026-06-11,07:58,네이버 브랜드스토어,,SB-T-ARCP-Q,올라운드 컴포트 플러스 토퍼 매트리스,Q,1,286000,0,286000,설치완료,택배(안성1),서울,신규,
NV-260611-0007,2026-06-11,21:45,네이버 브랜드스토어,,SB-M-EVR-Q,이브닝 리버서블 매트리스,Q,1,405500,103000,302500,배송완료,설치(용인 설치1),인천,신규,LV-2026-01
NV-260611-0007,2026-06-11,21:45,네이버 브랜드스토어,,SB-M-EVR-SS,이브닝 리버서블 매트리스,SS,1,380200,98400,281800,배송완료,설치(용인 설치1),인천,신규,LV-2026-01
NV-260611-0008,2026-06-11,21:33,네이버 브랜드스토어,,SB-T-ARB5-Q,올라운드 밸런스 토퍼 매트리스 5cm,Q,2,588600,0,588600,배송완료,택배(안성1),부산,신규,
NV-260611-0009,2026-06-11,15:52,네이버 브랜드스토어,,SB-T-ARB5-Q,올라운드 밸런스 토퍼 매트리스 5cm,Q,1,294300,0,294300,설치완료,택배(안성1),제주,신규,
NV-260611-0010,2026-06-11,09:34,네이버 브랜드스토어,,SB-M-EVR-SS,이브닝 리버서블 매트리스,SS,1,380200,98400,281800,배송완료,설치(용인 설치1),경기,신규,LV-2026-01
NV-260611-0011,2026-06-11,13:46,네이버 브랜드스토어,,SB-M-EVR-Q,이브닝 리버서블 매트리스,Q,1,405500,103000,302500,배송완료,설치(용인 설치1),인천,재구매,LV-2026-01
NV-260611-0012,2026-06-11,20:43,네이버 브랜드스토어,,SB-M-DFC-SS,딥플로우 컴포트 매트리스,SS,1,567400,0,567400,배송완료,설치(용인 설치1),경기,재구매,
NV-260611-0013,2026-06-11,17:45,네이버 브랜드스토어,,SB-M-EVR-Q,이브닝 리버서블 매트리스,Q,1,405500,103000,302500,배송중,설치(용인 설치1),서울,재구매,LV-2026-01
NV-260611-0014,2026-06-11,11:00,네이버 브랜드스토어,,SB-M-EVR-SS,이브닝 리버서블 매트리스,SS,1,380200,98400,281800,배송중,설치(용인 설치1),서울,신규,LV-2026-01
NV-260611-0015,2026-06-11,10:00,네이버 브랜드스토어,,SB-M-EVR-SS,이브닝 리버서블 매트리스,SS,1,380200,98400,281800,배송완료,설치(용인 설치1),경남,재구매,LV-2026-01
NV-260611-0016,2026-06-11,08:35,네이버 브랜드스토어,,SB-M-EVR-Q,이브닝 리버서블 매트리스,Q,1,405500,103000,302500,배송완료,설치(용인 설치1),부산,신규,LV-2026-01
NV-260611-0017,2026-06-11,15:10,네이버 브랜드스토어,,SB-M-EVR-Q,이브닝 리버서블 매트리스,Q,1,405500,103000,302500,배송완료,설치(용인 설치1),서울,신규,LV-2026-01
NV-260611-0018,2026-06-11,16:47,네이버 브랜드스토어,,SB-M-EVR-Q,이브닝 리버서블 매트리스,Q,1,405500,103000,302500,반품완료,설치(용인 설치1),울산,신규,LV-2026-01
NV-260611-0019,2026-06-11,11:59,네이버 브랜드스토어,,SB-M-DFC-Q,딥플로우 컴포트 매트리스,Q,1,594400,0,594400,설치완료,설치(용인 설치1),경기,신규,
NV-260611-0019,2026-06-11,11:59,네이버 브랜드스토어,,SB-T-NMX-Q,더 뉴 맥시멈 토퍼 매트리스,Q,1,532500,0,532500,설치완료,택배(안성1),경기,신규,
NV-260611-0020,2026-06-11,18:47,네이버 브랜드스토어,,SB-M-EVR-SS,이브닝 리버서블 매트리스,SS,1,380200,98400,281800,배송완료,설치(용인 설치1),경기,재구매,LV-2026-01
NV-260611-0020,2026-06-11,18:47,네이버 브랜드스토어,,SB-M-ORG-Q,오리지널 매트리스 미디엄 소프트,Q,1,460800,0,460800,배송완료,설치(용인 설치1),경기,재구매,
NV-260611-0021,2026-06-11,19:10,네이버 브랜드스토어,,SB-M-EVR-SS,이브닝 리버서블 매트리스,SS,1,380200,98400,281800,배송완료,설치(용인 설치1),대전,재구매,LV-2026-01
NV-260611-0022,2026-06-11,11:44,네이버 브랜드스토어,,SB-M-EVR-SS,이브닝 리버서블 매트리스,SS,1,380200,98400,281800,배송완료,설치(용인 설치1),부산,신규,LV-2026-01
NV-260611-0023,2026-06-11,09:25,네이버 브랜드스토어,,SB-M-EVR-SS,이브닝 리버서블 매트리스,SS,1,380200,98400,281800,배송완료,설치(용인 설치1),서울,신규,LV-2026-01
SG-260611-0002,2026-06-11,15:44,SSG닷컴,,SB-M-EVR-Q,이브닝 리버서블 매트리스,Q,1,409600,0,409600,설치완료,설치(용인 설치1),경기,신규,
NV-260611-0024,2026-06-11,11:09,네이버 브랜드스토어,,SB-A-DPM,딥뮤트 수면안대,단일,2,60600,0,60600,배송완료,택배(안성1),서울,재구매,
NV-260611-0025,2026-06-11,09:28,네이버 브랜드스토어,,SB-M-EVR-Q,이브닝 리버서블 매트리스,Q,1,405500,103000,302500,배송완료,설치(용인 설치1),서울,신규,LV-2026-01
CJ-260611-0001,2026-06-11,21:27,CJ온스타일,,SB-T-NMX-Q,더 뉴 맥시멈 토퍼 매트리스,Q,1,527000,0,527000,배송완료,택배(안성1),서울,신규,
NV-260611-0026,2026-06-11,22:26,네이버 브랜드스토어,,SB-T-ARB7-Q,올라운드 밸런스 토퍼 매트리스 7cm,Q,2,593600,0,593600,반품완료,택배(안성1),대전,재구매,
NV-260611-0027,2026-06-11,07:27,네이버 브랜드스토어,,SB-P-CLL,클라우드 LOW 경추 베개,단일,1,53600,0,53600,배송완료,택배(안성1),경남,신규,
NV-260611-0027,2026-06-11,07:27,네이버 브랜드스토어,,SB-T-ARB7-SS,올라운드 밸런스 토퍼 매트리스 7cm,SS,1,249900,0,249900,배송완료,택배(안성1),경남,신규,
NV-260611-0028,2026-06-11,23:55,네이버 브랜드스토어,,SB-M-EVR-Q,이브닝 리버서블 매트리스,Q,1,405500,103000,302500,배송완료,설치(용인 설치1),경기,신규,LV-2026-01
NV-260611-0029,2026-06-11,21:33,네이버 브랜드스토어,,SB-F-AMD-K,아몬드 무헤드형 침대,K,1,902100,0,902100,배송완료,설치(용인 설치1),강원,재구매,
NV-260611-0030,2026-06-11,21:17,네이버 브랜드스토어,,SB-M-EVR-SS,이브닝 리버서블 매트리스,SS,1,380200,98400,281800,설치완료,설치(용인 설치1),경기,신규,LV-2026-01
HM-260611-0001,2026-06-11,10:06,자사몰,,SB-M-EVR-Q,이브닝 리버서블 매트리스,Q,1,418000,0,418000,설치완료,설치(용인 설치1),대전,신규,
NV-260611-0031,2026-06-11,22:55,네이버 브랜드스토어,,SB-M-EVR-Q,이브닝 리버서블 매트리스,Q,1,405500,103000,302500,배송완료,설치(용인 설치1),경기,재구매,LV-2026-01
NV-260611-0032,2026-06-11,05:38,네이버 브랜드스토어,,SB-M-EVR-SS,이브닝 리버서블 매트리스,SS,1,380200,98400,281800,배송완료,설치(용인 설치1),부산,신규,LV-2026-01
NV-260611-0033,2026-06-11,20:33,네이버 브랜드스토어,,SB-M-EVR-Q,이브닝 리버서블 매트리스,Q,1,405500,103000,302500,배송완료,설치(용인 설치1),대구,재구매,LV-2026-01
SG-260612-0001,2026-06-12,20:14,SSG닷컴,,SB-M-EVR-Q,이브닝 리버서블 매트리스,Q,1,409600,0,409600,배송완료,설치(용인 설치1),부산,재구매,
NV-260612-0001,2026-06-12,13:33,네이버 브랜드스토어,,SB-T-ARB7-Q,올라운드 밸런스 토퍼 매트리스 7cm,Q,1,296800,0,296800,배송완료,택배(안성1),경기,신규,
CP-260612-0001,2026-06-12,09:46,쿠팡 로켓,,SB-T-ARC-Q,올라운드 컴포트 토퍼 매트리스,Q,1,244500,0,244500,배송완료,택배(안성1),충남,신규,
NV-260612-0002,2026-06-12,11:28,네이버 브랜드스토어,,SB-M-EVR-Q,이브닝 리버서블 매트리스,Q,1,405500,0,405500,배송완료,설치(용인 설치1),서울,신규,
CP-260612-0002,2026-06-12,22:03,쿠팡 로켓,,SB-P-CLL,클라우드 LOW 경추 베개,단일,1,52500,0,52500,배송완료,택배(안성1),강원,신규,
OH-260612-0001,2026-06-12,18:14,오늘의집,,SB-M-EVR-SS,이브닝 리버서블 매트리스,SS,1,364600,0,364600,설치완료,설치(용인 설치1),서울,재구매,
NV-260612-0003,2026-06-12,22:33,네이버 브랜드스토어,,SB-M-DFC-SS,딥플로우 컴포트 매트리스,SS,1,567400,0,567400,반품완료,설치(용인 설치1),충남,신규,
NV-260612-0004,2026-06-12,14:45,네이버 브랜드스토어,,SB-M-EVR-SS,이브닝 리버서블 매트리스,SS,1,380200,0,380200,배송완료,설치(용인 설치1),서울,신규,
ST-260612-0001,2026-06-12,16:25,직영매장,슬로우나잇 스타필드 수원,SB-T-ARB5-Q,올라운드 밸런스 토퍼 매트리스 5cm,Q,1,318600,0,318600,배송완료,설치(용인 설치1),서울,재구매,
NV-260612-0005,2026-06-12,14:56,네이버 브랜드스토어,,SB-M-EVR-Q,이브닝 리버서블 매트리스,Q,1,405500,0,405500,배송완료,설치(용인 설치1),경기,신규,
NV-260612-0005,2026-06-12,14:56,네이버 브랜드스토어,,SB-M-EVR-SS,이브닝 리버서블 매트리스,SS,1,380200,0,380200,배송완료,설치(용인 설치1),경기,신규,
NV-260612-0006,2026-06-12,20:46,네이버 브랜드스토어,,SB-M-EVR-SS,이브닝 리버서블 매트리스,SS,1,380200,0,380200,배송완료,설치(용인 설치1),서울,재구매,
NV-260612-0006,2026-06-12,20:46,네이버 브랜드스토어,,SB-T-ARCP-Q,올라운드 컴포트 플러스 토퍼 매트리스,Q,1,286000,0,286000,배송완료,택배(안성1),서울,재구매,
NV-260612-0006,2026-06-12,20:46,네이버 브랜드스토어,,SB-M-DFB-Q,딥플로우 밸런스 매트리스,Q,1,522200,0,522200,배송완료,설치(용인 설치1),서울,재구매,
NV-260612-0007,2026-06-12,00:50,네이버 브랜드스토어,,SB-M-ORG-Q,오리지널 매트리스 미디엄 소프트,Q,1,460800,0,460800,배송완료,설치(용인 설치1),충남,신규,
NV-260612-0008,2026-06-12,19:15,네이버 브랜드스토어,,SB-M-EVR-Q,이브닝 리버서블 매트리스,Q,1,405500,0,405500,배송중,설치(용인 설치1),광주,재구매,
NV-260612-0009,2026-06-12,11:48,네이버 브랜드스토어,,SB-M-EVR-Q,이브닝 리버서블 매트리스,Q,1,405500,0,405500,배송완료,설치(용인 설치1),경기,신규,
NV-260612-0009,2026-06-12,11:48,네이버 브랜드스토어,,SB-T-NMX-Q,더 뉴 맥시멈 토퍼 매트리스,Q,1,532500,0,532500,배송완료,택배(안성1),경기,신규,
NV-260612-0010,2026-06-12,05:27,네이버 브랜드스토어,,SB-T-ARB5-SS,올라운드 밸런스 토퍼 매트리스 5cm,SS,1,246600,0,246600,배송완료,택배(안성1),대전,재구매,
NV-260612-0011,2026-06-12,21:20,네이버 브랜드스토어,,SB-T-NMX-SS,더 뉴 맥시멈 토퍼 매트리스,SS,1,445200,0,445200,배송중,택배(안성1),대구,신규,
NV-260612-0012,2026-06-12,17:58,네이버 브랜드스토어,,SB-T-NMX-Q,더 뉴 맥시멈 토퍼 매트리스,Q,1,532500,0,532500,배송완료,택배(안성1),경기,재구매,
NV-260612-0013,2026-06-12,11:22,네이버 브랜드스토어,,SB-M-EVR-SS,이브닝 리버서블 매트리스,SS,1,380200,0,380200,반품완료,설치(용인 설치1),경기,신규,
NV-260612-0014,2026-06-12,21:05,네이버 브랜드스토어,,SB-M-EVR-SS,이브닝 리버서블 매트리스,SS,1,380200,0,380200,배송중,설치(용인 설치1),서울,재구매,
NV-260612-0015,2026-06-12,15:30,네이버 브랜드스토어,,SB-M-ORG-SS,오리지널 매트리스 미디엄 소프트,SS,1,432600,0,432600,배송중,설치(용인 설치1),충남,신규,
NV-260612-0016,2026-06-12,18:08,네이버 브랜드스토어,,SB-M-EVR-SS,이브닝 리버서블 매트리스,SS,1,380200,0,380200,설치완료,설치(용인 설치1),경기,재구매,
NV-260612-0016,2026-06-12,18:08,네이버 브랜드스토어,,SB-M-EVR-Q,이브닝 리버서블 매트리스,Q,1,405500,0,405500,설치완료,설치(용인 설치1),경기,재구매,
NV-260612-0017,2026-06-12,07:10,네이버 브랜드스토어,,SB-T-ARB7-Q,올라운드 밸런스 토퍼 매트리스 7cm,Q,1,296800,0,296800,배송완료,택배(안성1),경기,재구매,
NV-260612-0018,2026-06-12,20:25,네이버 브랜드스토어,,SB-M-EVR-SS,이브닝 리버서블 매트리스,SS,1,380200,0,380200,배송중,설치(용인 설치1),대전,신규,
NV-260612-0018,2026-06-12,20:25,네이버 브랜드스토어,,SB-T-NMX-SS,더 뉴 맥시멈 토퍼 매트리스,SS,2,890400,0,890400,배송중,택배(안성1),대전,신규,
OH-260612-0002,2026-06-12,15:57,오늘의집,,SB-T-ARB5-Q,올라운드 밸런스 토퍼 매트리스 5cm,Q,1,282200,0,282200,배송완료,택배(안성1),서울,재구매,
NV-260612-0019,2026-06-12,15:03,네이버 브랜드스토어,,SB-M-EVR-Q,이브닝 리버서블 매트리스,Q,1,405500,0,405500,반품완료,설치(용인 설치1),대전,신규,
NV-260612-0020,2026-06-12,16:37,네이버 브랜드스토어,,SB-MO-EVM-Q,이브닝 모션 매트리스,Q,1,1131000,0,1131000,배송완료,설치(용인 설치1),부산,신규,
NV-260612-0021,2026-06-12,19:02,네이버 브랜드스토어,,SB-MO-MBL-Q,모션 밸런스드 매트리스,Q,1,1501600,0,1501600,배송완료,설치(용인 설치1),경기,신규,
NV-260612-0022,2026-06-12,09:03,네이버 브랜드스토어,,SB-T-ARC-Q,올라운드 컴포트 토퍼 매트리스,Q,1,249700,0,249700,반품완료,택배(안성1),경기,신규,
NV-260612-0022,2026-06-12,09:03,네이버 브랜드스토어,,SB-T-ARB7-SS,올라운드 밸런스 토퍼 매트리스 7cm,SS,1,249900,0,249900,반품완료,택배(안성1),경기,신규,
CP-260612-0003,2026-06-12,07:13,쿠팡 로켓,,SB-T-ARB7-Q,올라운드 밸런스 토퍼 매트리스 7cm,Q,1,290700,0,290700,배송중,택배(안성1),광주,재구매,
CP-260612-0004,2026-06-12,13:20,쿠팡 로켓,,SB-M-EVR-Q,이브닝 리버서블 매트리스,Q,1,397100,0,397100,배송중,설치(용인 설치1),경기,재구매,
NV-260612-0023,2026-06-12,20:36,네이버 브랜드스토어,,SB-T-MAX-Q,맥시멈 토퍼 매트리스,Q,1,532500,0,532500,설치완료,택배(안성1),대구,재구매,
NV-260613-0001,2026-06-13,14:07,네이버 브랜드스토어,,SB-MO-EVM-SS,이브닝 모션 매트리스,SS,1,1039800,0,1039800,설치완료,설치(용인 설치1),부산,신규,
CJ-260613-0001,2026-06-13,07:15,CJ온스타일,,SB-T-ARC-Q,올라운드 컴포트 토퍼 매트리스,Q,1,247100,0,247100,배송중,택배(안성1),서울,신규,
CP-260613-0001,2026-06-13,10:49,쿠팡 로켓,,SB-T-ARB5-SS,올라운드 밸런스 토퍼 매트리스 5cm,SS,1,241500,0,241500,배송완료,택배(안성1),서울,재구매,
NV-260613-0002,2026-06-13,18:42,네이버 브랜드스토어,,SB-P-CLB,클라우드 버디 베개,단일,2,122600,0,122600,배송완료,택배(안성1),경기,신규,
SG-260613-0001,2026-06-13,14:02,SSG닷컴,,SB-P-CLL,클라우드 LOW 경추 베개,단일,1,54100,0,54100,설치완료,택배(안성1),서울,신규,
ST-260613-0001,2026-06-13,10:04,직영매장,노원,SB-T-ARB5-Q,올라운드 밸런스 토퍼 매트리스 5cm,Q,1,318600,0,318600,배송완료,설치(용인 설치1),대구,재구매,
ST-260613-0001,2026-06-13,10:04,직영매장,노원,SB-A-DPM,딥뮤트 수면안대,단일,1,32800,0,32800,배송완료,매장수령,대구,재구매,
OH-260613-0001,2026-06-13,22:38,오늘의집,,SB-T-NMX-Q,더 뉴 맥시멈 토퍼 매트리스,Q,1,510600,0,510600,배송완료,택배(안성1),부산,재구매,
OH-260613-0001,2026-06-13,22:38,오늘의집,,SB-M-EVS-Q,이브닝 스타릿 매트리스,Q,1,656600,0,656600,배송완료,설치(용인 설치1),부산,재구매,
OH-260613-0001,2026-06-13,22:38,오늘의집,,SB-M-EVR-S,이브닝 리버서블 매트리스,S,1,334700,0,334700,배송완료,설치(용인 설치1),부산,재구매,
NV-260613-0003,2026-06-13,18:12,네이버 브랜드스토어,,SB-T-ARCP-Q,올라운드 컴포트 플러스 토퍼 매트리스,Q,1,286000,0,286000,설치완료,택배(안성1),서울,재구매,
CP-260613-0002,2026-06-13,16:18,쿠팡 로켓,,SB-M-EVR-SS,이브닝 리버서블 매트리스,SS,1,372400,0,372400,배송완료,설치(용인 설치1),경기,신규,
NV-260613-0004,2026-06-13,17:34,네이버 브랜드스토어,,SB-T-ARB5-SS,올라운드 밸런스 토퍼 매트리스 5cm,SS,1,246600,0,246600,배송완료,택배(안성1),대전,재구매,
NV-260613-0005,2026-06-13,14:53,네이버 브랜드스토어,,SB-P-CLL,클라우드 LOW 경추 베개,단일,1,53600,0,53600,반품완료,택배(안성1),경기,신규,
ST-260613-0002,2026-06-13,12:45,직영매장,슬로우나잇 논현,SB-T-NMX-Q,더 뉴 맥시멈 토퍼 매트리스,Q,1,576400,0,576400,배송완료,설치(용인 설치1),경기,신규,
CJ-260613-0002,2026-06-13,08:18,CJ온스타일,,SB-T-ARC-SS,올라운드 컴포트 토퍼 매트리스,SS,1,209700,0,209700,설치완료,택배(안성1),경기,재구매,
SG-260613-0002,2026-06-13,23:00,SSG닷컴,,SB-T-NMX-SS,더 뉴 맥시멈 토퍼 매트리스,SS,1,449800,0,449800,취소,택배(안성1),서울,신규,
ST-260613-0003,2026-06-13,15:47,직영매장,송파,SB-M-EVR-Q,이브닝 리버서블 매트리스,Q,1,438900,0,438900,배송완료,설치(용인 설치1),대구,재구매,
ST-260613-0003,2026-06-13,15:47,직영매장,송파,SB-M-EVR-SS,이브닝 리버서블 매트리스,SS,1,411600,0,411600,배송완료,설치(용인 설치1),대구,재구매,
HM-260614-0001,2026-06-14,11:25,자사몰,,SB-M-ORG-SS,오리지널 매트리스 미디엄 소프트,SS,1,446000,0,446000,배송완료,설치(용인 설치1),인천,신규,
HM-260614-0001,2026-06-14,11:25,자사몰,,SB-P-CLL,클라우드 LOW 경추 베개,단일,2,110400,0,110400,배송완료,택배(안성1),인천,신규,
NV-260614-0001,2026-06-14,12:24,네이버 브랜드스토어,,SB-T-ARC-Q,올라운드 컴포트 토퍼 매트리스,Q,1,249700,0,249700,배송완료,택배(안성1),경기,신규,
HM-260614-0002,2026-06-14,21:30,자사몰,,SB-T-MAX-Q,맥시멈 토퍼 매트리스,Q,1,549000,0,549000,배송완료,택배(안성1),강원,재구매,
CP-260614-0001,2026-06-14,12:29,쿠팡 로켓,,SB-T-ARC-SS,올라운드 컴포트 토퍼 매트리스,SS,1,207500,0,207500,배송완료,택배(안성1),울산,신규,
CP-260614-0001,2026-06-14,12:29,쿠팡 로켓,,SB-T-ARC-Q,올라운드 컴포트 토퍼 매트리스,Q,1,244500,0,244500,배송완료,택배(안성1),울산,신규,
NV-260614-0002,2026-06-14,07:05,네이버 브랜드스토어,,SB-A-DPM,딥뮤트 수면안대,단일,1,30300,0,30300,설치완료,택배(안성1),서울,재구매,
NV-260614-0002,2026-06-14,07:05,네이버 브랜드스토어,,SB-M-DFB-Q,딥플로우 밸런스 매트리스,Q,1,522200,0,522200,설치완료,설치(용인 설치1),서울,재구매,
NV-260614-0003,2026-06-14,19:19,네이버 브랜드스토어,,SB-P-CLL,클라우드 LOW 경추 베개,단일,1,53600,0,53600,설치완료,택배(안성1),경기,신규,
SG-260614-0001,2026-06-14,20:36,SSG닷컴,,SB-T-ARC-Q,올라운드 컴포트 토퍼 매트리스,Q,1,252300,0,252300,배송완료,택배(안성1),경기,신규,
HM-260614-0003,2026-06-14,08:06,자사몰,,SB-P-CLB,클라우드 버디 베개,단일,1,63200,0,63200,배송완료,택배(안성1),경남,신규,
OH-260614-0001,2026-06-14,23:25,오늘의집,,SB-P-CLB,클라우드 버디 베개,단일,1,58800,0,58800,취소,택배(안성1),서울,신규,
OH-260614-0002,2026-06-14,11:45,오늘의집,,SB-T-NMX-SS,더 뉴 맥시멈 토퍼 매트리스,SS,2,853800,0,853800,배송완료,택배(안성1),충남,재구매,
CJ-260614-0001,2026-06-14,20:18,CJ온스타일,,SB-M-ORG-Q,오리지널 매트리스 미디엄 소프트,Q,1,456000,0,456000,배송완료,설치(용인 설치1),광주,재구매,
CP-260614-0002,2026-06-14,18:40,쿠팡 로켓,,SB-T-ARB7-Q,올라운드 밸런스 토퍼 매트리스 7cm,Q,2,581400,0,581400,배송완료,택배(안성1),경기,재구매,
CP-260614-0002,2026-06-14,18:40,쿠팡 로켓,,SB-T-ARCP-Q,올라운드 컴포트 플러스 토퍼 매트리스,Q,1,280100,0,280100,배송완료,택배(안성1),경기,재구매,
CJ-260614-0002,2026-06-14,18:37,CJ온스타일,,SB-M-EVR-SS,이브닝 리버서블 매트리스,SS,1,376300,0,376300,배송완료,설치(용인 설치1),서울,신규,
NV-260615-0001,2026-06-15,13:08,네이버 브랜드스토어,,SB-MO-EVM-Q,이브닝 모션 매트리스,Q,1,1131000,0,1131000,설치완료,설치(용인 설치1),강원,신규,
CP-260615-0001,2026-06-15,07:23,쿠팡 로켓,,SB-M-DFC-SS,딥플로우 컴포트 매트리스,SS,1,555800,0,555800,배송중,설치(용인 설치1),서울,신규,
OH-260615-0001,2026-06-15,22:54,오늘의집,,SB-M-ORG-SS,오리지널 매트리스 미디엄 소프트,SS,1,414800,0,414800,배송완료,설치(용인 설치1),경기,신규,
CP-260615-0002,2026-06-15,09:05,쿠팡 로켓,,SB-F-BAU-G,바우 키즈 원목 가드형 데이베드 침대,SS,1,759000,0,759000,취소,설치(용인 설치1),제주,신규,
OH-260615-0002,2026-06-15,08:25,오늘의집,,SB-M-DFB-Q,딥플로우 밸런스 매트리스,Q,1,500700,0,500700,교환완료,설치(용인 설치1),경기,신규,
OH-260615-0003,2026-06-15,22:35,오늘의집,,SB-F-AMD-K,아몬드 무헤드형 침대,K,1,864900,0,864900,설치완료,설치(용인 설치1),서울,신규,
OH-260615-0003,2026-06-15,22:35,오늘의집,,SB-T-ARCP-Q,올라운드 컴포트 플러스 토퍼 매트리스,Q,1,274200,0,274200,설치완료,택배(안성1),서울,신규,
OH-260615-0003,2026-06-15,22:35,오늘의집,,SB-M-EVS-Q,이브닝 스타릿 매트리스,Q,1,656600,0,656600,설치완료,설치(용인 설치1),서울,신규,
CP-260615-0003,2026-06-15,16:27,쿠팡 로켓,,SB-M-DFC-SS,딥플로우 컴포트 매트리스,SS,1,555800,0,555800,배송완료,설치(용인 설치1),경기,신규,
CP-260615-0003,2026-06-15,16:27,쿠팡 로켓,,SB-MO-EVM-Q,이브닝 모션 매트리스,Q,1,1107700,0,1107700,배송완료,설치(용인 설치1),경기,신규,
ST-260615-0001,2026-06-15,01:47,직영매장,노원,SB-P-CLB,클라우드 버디 베개,단일,1,66400,0,66400,교환완료,매장수령,인천,신규,
NV-260615-0002,2026-06-15,19:38,네이버 브랜드스토어,,SB-T-ARC-Q,올라운드 컴포트 토퍼 매트리스,Q,1,249700,0,249700,배송완료,택배(안성1),광주,신규,
CJ-260615-0001,2026-06-15,15:46,CJ온스타일,,SB-M-EVS-Q,이브닝 스타릿 매트리스,Q,1,677800,0,677800,설치완료,설치(용인 설치1),울산,신규,
NV-260615-0003,2026-06-15,06:36,네이버 브랜드스토어,,SB-M-DFC-Q,딥플로우 컴포트 매트리스,Q,1,594400,0,594400,설치완료,설치(용인 설치1),경기,신규,
SG-260615-0001,2026-06-15,19:51,SSG닷컴,,SB-A-DPM,딥뮤트 수면안대,단일,1,30600,0,30600,배송완료,택배(안성1),서울,재구매,
CP-260615-0004,2026-06-15,18:31,쿠팡 로켓,,SB-M-DFC-Q,딥플로우 컴포트 매트리스,Q,1,582200,0,582200,배송중,설치(용인 설치1),경기,신규,
NV-260615-0004,2026-06-15,08:46,네이버 브랜드스토어,,SB-T-ARB7-Q,올라운드 밸런스 토퍼 매트리스 7cm,Q,1,296800,0,296800,교환완료,택배(안성1),경기,신규,
CP-260615-0005,2026-06-15,13:41,쿠팡 로켓,,SB-M-DFC-SS,딥플로우 컴포트 매트리스,SS,1,555800,0,555800,배송완료,설치(용인 설치1),인천,신규,
HM-260615-0001,2026-06-15,11:52,자사몰,,SB-M-DFB-SS,딥플로우 밸런스 매트리스,SS,1,514000,0,514000,반품완료,설치(용인 설치1),대전,재구매,
NV-260616-0001,2026-06-16,09:02,네이버 브랜드스토어,,SB-M-MFM-K,미드나잇 풀문 매트리스,K,1,991300,0,991300,배송완료,설치(용인 설치1),울산,재구매,
NV-260616-0001,2026-06-16,09:02,네이버 브랜드스토어,,SB-P-CLL,클라우드 LOW 경추 베개,단일,1,53600,0,53600,배송완료,택배(안성1),울산,재구매,
OH-260616-0001,2026-06-16,14:40,오늘의집,,SB-M-EVR-SS,이브닝 리버서블 매트리스,SS,1,364600,0,364600,배송완료,설치(용인 설치1),경기,신규,
CJ-260616-0001,2026-06-16,21:58,CJ온스타일,,SB-T-ARCP-Q,올라운드 컴포트 플러스 토퍼 매트리스,Q,2,566000,0,566000,배송완료,택배(안성1),경기,재구매,
NV-260616-0002,2026-06-16,15:11,네이버 브랜드스토어,,SB-T-ARB7-Q,올라운드 밸런스 토퍼 매트리스 7cm,Q,1,296800,0,296800,취소,택배(안성1),서울,재구매,
ST-260616-0001,2026-06-16,21:03,직영매장,대전둔산,SB-P-CLB,클라우드 버디 베개,단일,1,66400,0,66400,반품완료,매장수령,경기,신규,
ST-260616-0002,2026-06-16,18:34,직영매장,대전둔산,SB-A-DPM,딥뮤트 수면안대,단일,1,32800,0,32800,교환완료,매장수령,서울,재구매,
ST-260616-0003,2026-06-16,20:21,직영매장,슬로우나잇 논현,SB-T-ARC-SS,올라운드 컴포트 토퍼 매트리스,SS,1,229300,0,229300,배송중,설치(용인 설치1),대구,신규,
ST-260616-0003,2026-06-16,20:21,직영매장,슬로우나잇 논현,SB-T-NMX-Q,더 뉴 맥시멈 토퍼 매트리스,Q,1,576400,0,576400,배송중,설치(용인 설치1),대구,신규,
ST-260616-0003,2026-06-16,20:21,직영매장,슬로우나잇 논현,SB-T-ARC-Q,올라운드 컴포트 토퍼 매트리스,Q,1,270300,0,270300,배송중,설치(용인 설치1),대구,신규,
NV-260616-0003,2026-06-16,18:14,네이버 브랜드스토어,,SB-M-DFC-SS,딥플로우 컴포트 매트리스,SS,1,567400,0,567400,설치완료,설치(용인 설치1),경기,재구매,
HM-260616-0001,2026-06-16,08:22,자사몰,,SB-M-DFC-Q,딥플로우 컴포트 매트리스,Q,1,612800,103500,509300,배송완료,설치(용인 설치1),경남,신규,EX-2026-02
HM-260616-0001,2026-06-16,08:22,자사몰,,SB-P-CLB,클라우드 버디 베개,단일,1,63200,28440,34760,배송완료,택배(안성1),경남,신규,EX-2026-02
NV-260616-0004,2026-06-16,17:00,네이버 브랜드스토어,,SB-P-CLB,클라우드 버디 베개,단일,1,61300,0,61300,반품완료,택배(안성1),광주,재구매,
NV-260616-0005,2026-06-16,19:21,네이버 브랜드스토어,,SB-M-EVS-K,이브닝 스타릿 매트리스,K,1,754700,0,754700,설치완료,설치(용인 설치1),서울,신규,
ST-260617-0001,2026-06-17,08:22,직영매장,용산,SB-P-CLL,클라우드 LOW 경추 베개,단일,1,58000,0,58000,반품완료,매장수령,서울,재구매,
CP-260617-0001,2026-06-17,17:52,쿠팡 로켓,,SB-T-NMX-SS,더 뉴 맥시멈 토퍼 매트리스,SS,1,436000,0,436000,배송완료,택배(안성1),경기,신규,
HM-260617-0001,2026-06-17,12:22,자사몰,,SB-T-NMX-SS,더 뉴 맥시멈 토퍼 매트리스,SS,1,459000,0,459000,설치완료,택배(안성1),경기,신규,
HM-260617-0001,2026-06-17,12:22,자사몰,,SB-M-DFC-Q,딥플로우 컴포트 매트리스,Q,1,612800,103500,509300,설치완료,설치(용인 설치1),경기,신규,EX-2026-02
OH-260617-0001,2026-06-17,20:26,오늘의집,,SB-T-ARB5-Q,올라운드 밸런스 토퍼 매트리스 5cm,Q,2,564400,0,564400,배송완료,택배(안성1),서울,신규,
CJ-260617-0001,2026-06-17,17:03,CJ온스타일,,SB-T-ARC-SS,올라운드 컴포트 토퍼 매트리스,SS,1,209700,0,209700,배송완료,택배(안성1),경기,신규,
ST-260617-0002,2026-06-17,17:46,직영매장,노원,SB-A-DPM,딥뮤트 수면안대,단일,1,32800,0,32800,설치완료,매장수령,대전,재구매,
NV-260617-0001,2026-06-17,17:21,네이버 브랜드스토어,,SB-T-NMX-Q,더 뉴 맥시멈 토퍼 매트리스,Q,1,532500,0,532500,설치완료,택배(안성1),경기,신규,
CP-260617-0002,2026-06-17,23:28,쿠팡 로켓,,SB-F-BAU-G,바우 키즈 원목 가드형 데이베드 침대,SS,1,759000,0,759000,설치완료,설치(용인 설치1),서울,재구매,
CJ-260617-0002,2026-06-17,15:53,CJ온스타일,,SB-T-MAX-SS,맥시멈 토퍼 매트리스,SS,1,440600,0,440600,설치완료,택배(안성1),대구,신규,
HM-260617-0002,2026-06-17,11:33,자사몰,,SB-T-ARCP-Q,올라운드 컴포트 플러스 토퍼 매트리스,Q,1,294800,0,294800,배송완료,택배(안성1),강원,재구매,
OH-260617-0002,2026-06-17,16:51,오늘의집,,SB-M-DFB-Q,딥플로우 밸런스 매트리스,Q,1,500700,0,500700,설치완료,설치(용인 설치1),대전,신규,
OH-260617-0002,2026-06-17,16:51,오늘의집,,SB-T-ARB5-SS,올라운드 밸런스 토퍼 매트리스 5cm,SS,1,236400,0,236400,설치완료,택배(안성1),대전,신규,
CP-260617-0003,2026-06-17,08:35,쿠팡 로켓,,SB-P-CLB,클라우드 버디 베개,단일,1,60000,0,60000,배송완료,택배(안성1),서울,신규,
NV-260617-0002,2026-06-17,13:34,네이버 브랜드스토어,,SB-T-GRB-SS,그라운드 밸런스 토퍼 매트리스,SS,1,506300,0,506300,배송완료,택배(안성1),광주,신규,
NV-260617-0002,2026-06-17,13:34,네이버 브랜드스토어,,SB-T-ARCP-Q,올라운드 컴포트 플러스 토퍼 매트리스,Q,1,286000,0,286000,배송완료,택배(안성1),광주,신규,
NV-260617-0003,2026-06-17,22:35,네이버 브랜드스토어,,SB-M-EVR-S,이브닝 리버서블 매트리스,S,1,349100,0,349100,배송완료,설치(용인 설치1),서울,재구매,
CP-260618-0001,2026-06-18,19:00,쿠팡 로켓,,SB-T-ARB5-SS,올라운드 밸런스 토퍼 매트리스 5cm,SS,2,483000,0,483000,설치완료,택배(안성1),울산,신규,
CP-260618-0001,2026-06-18,19:00,쿠팡 로켓,,SB-T-ARC-SS,올라운드 컴포트 토퍼 매트리스,SS,1,207500,0,207500,설치완료,택배(안성1),울산,신규,
CP-260618-0001,2026-06-18,19:00,쿠팡 로켓,,SB-T-ARC-Q,올라운드 컴포트 토퍼 매트리스,Q,1,244500,0,244500,설치완료,택배(안성1),울산,신규,
ST-260618-0001,2026-06-18,09:18,직영매장,슬로우나잇 논현,SB-T-ARB7-Q,올라운드 밸런스 토퍼 매트리스 7cm,Q,1,321300,0,321300,설치완료,설치(용인 설치1),서울,신규,
NV-260618-0001,2026-06-18,14:29,네이버 브랜드스토어,,SB-M-EVR-SS,이브닝 리버서블 매트리스,SS,1,380200,0,380200,배송완료,설치(용인 설치1),경기,재구매,
HM-260618-0001,2026-06-18,16:34,자사몰,,SB-M-EVR-SS,이브닝 리버서블 매트리스,SS,1,392000,0,392000,설치완료,설치(용인 설치1),인천,신규,
OH-260618-0001,2026-06-18,22:46,오늘의집,,SB-P-CLL,클라우드 LOW 경추 베개,단일,1,51400,0,51400,설치완료,택배(안성1),광주,재구매,
SG-260618-0001,2026-06-18,16:44,SSG닷컴,,SB-F-BAU-O,바우 키즈 원목 오픈형 데이베드 침대,SS,1,587000,0,587000,배송완료,설치(용인 설치1),서울,신규,
HM-260618-0002,2026-06-18,06:14,자사몰,,SB-T-ARC-SS,올라운드 컴포트 토퍼 매트리스,SS,1,218400,0,218400,배송완료,택배(안성1),경기,재구매,
CJ-260618-0001,2026-06-18,18:35,CJ온스타일,,SB-T-MAX-SS,맥시멈 토퍼 매트리스,SS,1,440600,0,440600,취소,택배(안성1),부산,신규,
CJ-260618-0001,2026-06-18,18:35,CJ온스타일,,SB-T-ARB5-SS,올라운드 밸런스 토퍼 매트리스 5cm,SS,2,488000,0,488000,취소,택배(안성1),부산,신규,
CJ-260618-0001,2026-06-18,18:35,CJ온스타일,,SB-T-ARB7-Q,올라운드 밸런스 토퍼 매트리스 7cm,Q,1,293800,0,293800,취소,택배(안성1),부산,신규,
CJ-260618-0002,2026-06-18,19:04,CJ온스타일,,SB-T-NMX-Q,더 뉴 맥시멈 토퍼 매트리스,Q,1,527000,0,527000,배송완료,택배(안성1),경남,신규,
CP-260618-0002,2026-06-18,10:52,쿠팡 로켓,,SB-T-ARC-Q,올라운드 컴포트 토퍼 매트리스,Q,1,244500,0,244500,배송완료,택배(안성1),광주,신규,
OH-260618-0002,2026-06-18,22:16,오늘의집,,SB-A-DPM,딥뮤트 수면안대,단일,1,29000,0,29000,취소,택배(안성1),부산,재구매,
OH-260618-0002,2026-06-18,22:16,오늘의집,,SB-T-ARC-SS,올라운드 컴포트 토퍼 매트리스,SS,1,203100,0,203100,취소,택배(안성1),부산,재구매,
NV-260618-0002,2026-06-18,18:26,네이버 브랜드스토어,,SB-P-CLB,클라우드 버디 베개,단일,1,61300,0,61300,취소,택배(안성1),인천,신규,
OH-260618-0003,2026-06-18,21:54,오늘의집,,SB-T-ARB7-Q,올라운드 밸런스 토퍼 매트리스 7cm,Q,1,284600,0,284600,설치완료,택배(안성1),제주,신규,
NV-260619-0001,2026-06-19,10:36,네이버 브랜드스토어,,SB-M-EVS-K,이브닝 스타릿 매트리스,K,1,754700,0,754700,반품완료,설치(용인 설치1),부산,신규,
OH-260619-0001,2026-06-19,18:29,오늘의집,,SB-T-ARC-SS,올라운드 컴포트 토퍼 매트리스,SS,1,203100,0,203100,반품완료,택배(안성1),광주,신규,
OH-260619-0002,2026-06-19,03:22,오늘의집,,SB-P-CLL,클라우드 LOW 경추 베개,단일,1,51400,0,51400,설치완료,택배(안성1),부산,신규,
OH-260619-0002,2026-06-19,03:22,오늘의집,,SB-M-DFB-SS,딥플로우 밸런스 매트리스,SS,1,478000,0,478000,설치완료,설치(용인 설치1),부산,신규,
SG-260619-0001,2026-06-19,01:56,SSG닷컴,,SB-P-CLB,클라우드 버디 베개,단일,2,123800,0,123800,배송완료,택배(안성1),충남,신규,
SG-260619-0001,2026-06-19,01:56,SSG닷컴,,SB-T-NMX-Q,더 뉴 맥시멈 토퍼 매트리스,Q,1,538000,0,538000,배송완료,택배(안성1),충남,신규,
SG-260619-0001,2026-06-19,01:56,SSG닷컴,,SB-M-EVS-Q,이브닝 스타릿 매트리스,Q,1,691900,0,691900,배송완료,설치(용인 설치1),충남,신규,
OH-260619-0003,2026-06-19,08:45,오늘의집,,SB-A-DPM,딥뮤트 수면안대,단일,1,29000,0,29000,설치완료,택배(안성1),울산,신규,
NV-260619-0002,2026-06-19,20:39,네이버 브랜드스토어,,SB-T-NMX-Q,더 뉴 맥시멈 토퍼 매트리스,Q,1,532500,0,532500,배송완료,택배(안성1),경기,재구매,
CP-260619-0001,2026-06-19,21:26,쿠팡 로켓,,SB-M-EVR-S,이브닝 리버서블 매트리스,S,1,341900,0,341900,설치완료,설치(용인 설치1),경기,신규,
SG-260619-0002,2026-06-19,22:24,SSG닷컴,,SB-T-ARB5-SS,올라운드 밸런스 토퍼 매트리스 5cm,SS,1,249100,0,249100,설치완료,택배(안성1),대전,신규,
SG-260619-0002,2026-06-19,22:24,SSG닷컴,,SB-M-EVR-SS,이브닝 리버서블 매트리스,SS,1,384200,0,384200,설치완료,설치(용인 설치1),대전,신규,
OH-260619-0004,2026-06-19,16:34,오늘의집,,SB-T-NMX-Q,더 뉴 맥시멈 토퍼 매트리스,Q,1,510600,0,510600,배송완료,택배(안성1),제주,신규,
NV-260619-0003,2026-06-19,16:25,네이버 브랜드스토어,,SB-MO-EVM-SS,이브닝 모션 매트리스,SS,1,1039800,0,1039800,배송완료,설치(용인 설치1),서울,신규,
HM-260619-0001,2026-06-19,15:51,자사몰,,SB-T-NMX-Q,더 뉴 맥시멈 토퍼 매트리스,Q,2,1098000,191800,906200,배송완료,택배(안성1),경기,재구매,EX-2026-02
HM-260619-0001,2026-06-19,15:51,자사몰,,SB-T-ARB7-Q,올라운드 밸런스 토퍼 매트리스 7cm,Q,1,306000,0,306000,배송완료,택배(안성1),경기,재구매,
HM-260619-0001,2026-06-19,15:51,자사몰,,SB-P-CLB,클라우드 버디 베개,단일,1,63200,28440,34760,배송완료,택배(안성1),경기,재구매,EX-2026-02
ST-260619-0001,2026-06-19,07:14,직영매장,용산,SB-MO-EVM-Q,이브닝 모션 매트리스,Q,1,1224300,0,1224300,배송완료,설치(용인 설치1),서울,신규,
CJ-260620-0001,2026-06-20,19:10,CJ온스타일,,SB-T-NMX-Q,더 뉴 맥시멈 토퍼 매트리스,Q,1,527000,0,527000,배송완료,택배(안성1),서울,신규,
CP-260620-0001,2026-06-20,09:57,쿠팡 로켓,,SB-P-CLB,클라우드 버디 베개,단일,1,60000,0,60000,취소,택배(안성1),경기,신규,
CP-260620-0001,2026-06-20,09:57,쿠팡 로켓,,SB-T-NMX-SS,더 뉴 맥시멈 토퍼 매트리스,SS,1,436000,0,436000,취소,택배(안성1),경기,신규,
CP-260620-0001,2026-06-20,09:57,쿠팡 로켓,,SB-F-AMD-K,아몬드 무헤드형 침대,K,1,883500,0,883500,취소,설치(용인 설치1),경기,신규,
OH-260620-0001,2026-06-20,11:22,오늘의집,,SB-T-ARCP-Q,올라운드 컴포트 플러스 토퍼 매트리스,Q,1,274200,0,274200,배송완료,택배(안성1),울산,재구매,
OH-260620-0001,2026-06-20,11:22,오늘의집,,SB-M-ORG-SS,오리지널 매트리스 미디엄 소프트,SS,1,414800,0,414800,배송완료,설치(용인 설치1),울산,재구매,
OH-260620-0001,2026-06-20,11:22,오늘의집,,SB-M-EVR-SS,이브닝 리버서블 매트리스,SS,1,364600,0,364600,배송완료,설치(용인 설치1),울산,재구매,
CP-260620-0002,2026-06-20,18:44,쿠팡 로켓,,SB-T-NMX-SS,더 뉴 맥시멈 토퍼 매트리스,SS,1,436000,0,436000,배송완료,택배(안성1),서울,신규,
NV-260620-0001,2026-06-20,05:37,네이버 브랜드스토어,,SB-M-EVS-K,이브닝 스타릿 매트리스,K,1,754700,0,754700,배송완료,설치(용인 설치1),인천,신규,
ST-260620-0001,2026-06-20,15:02,직영매장,슬로우나잇 스타필드 수원,SB-MO-EVM-SS,이브닝 모션 매트리스,SS,1,1125600,0,1125600,배송완료,설치(용인 설치1),충남,신규,
OH-260620-0002,2026-06-20,18:38,오늘의집,,SB-T-ARB5-Q,올라운드 밸런스 토퍼 매트리스 5cm,Q,1,282200,0,282200,배송완료,택배(안성1),대구,신규,
NV-260620-0002,2026-06-20,21:18,네이버 브랜드스토어,,SB-A-DPM,딥뮤트 수면안대,단일,1,30300,0,30300,설치완료,택배(안성1),대전,신규,
HM-260620-0001,2026-06-20,20:57,자사몰,,SB-M-EVR-SS,이브닝 리버서블 매트리스,SS,1,392000,0,392000,배송완료,설치(용인 설치1),대전,신규,
NV-260620-0003,2026-06-20,21:41,네이버 브랜드스토어,,SB-MO-MBL-SS,모션 밸런스드 매트리스,SS,1,1382200,0,1382200,배송완료,설치(용인 설치1),서울,신규,
HM-260620-0002,2026-06-20,17:54,자사몰,,SB-T-ARB5-Q,올라운드 밸런스 토퍼 매트리스 5cm,Q,1,303400,0,303400,반품완료,택배(안성1),인천,신규,
HM-260620-0002,2026-06-20,17:54,자사몰,,SB-M-DFC-Q,딥플로우 컴포트 매트리스,Q,1,612800,103500,509300,반품완료,설치(용인 설치1),인천,신규,EX-2026-02
HM-260620-0002,2026-06-20,17:54,자사몰,,SB-T-NMX-SS,더 뉴 맥시멈 토퍼 매트리스,SS,1,459000,0,459000,반품완료,택배(안성1),인천,신규,
CJ-260620-0002,2026-06-20,16:25,CJ온스타일,,SB-M-EVR-SS,이브닝 리버서블 매트리스,SS,1,376300,0,376300,배송완료,설치(용인 설치1),서울,신규,
CJ-260620-0002,2026-06-20,16:25,CJ온스타일,,SB-T-ARB7-Q,올라운드 밸런스 토퍼 매트리스 7cm,Q,1,293800,0,293800,배송완료,택배(안성1),서울,신규,
CJ-260620-0002,2026-06-20,16:25,CJ온스타일,,SB-T-ARCP-Q,올라운드 컴포트 플러스 토퍼 매트리스,Q,1,283000,0,283000,배송완료,택배(안성1),서울,신규,
ST-260620-0002,2026-06-20,08:04,직영매장,용산,SB-P-CLB,클라우드 버디 베개,단일,1,66400,0,66400,설치완료,매장수령,서울,신규,
ST-260620-0002,2026-06-20,08:04,직영매장,용산,SB-M-EVS-Q,이브닝 스타릿 매트리스,Q,1,741300,0,741300,설치완료,설치(용인 설치1),서울,신규,
ST-260620-0002,2026-06-20,08:04,직영매장,용산,SB-T-MAX-SS,맥시멈 토퍼 매트리스,SS,1,482000,0,482000,설치완료,설치(용인 설치1),서울,신규,
HM-260620-0003,2026-06-20,13:31,자사몰,,SB-M-ORG-Q,오리지널 매트리스 미디엄 소프트,Q,1,475000,0,475000,배송완료,설치(용인 설치1),경기,신규,
HM-260620-0003,2026-06-20,13:31,자사몰,,SB-T-ARB5-SS,올라운드 밸런스 토퍼 매트리스 5cm,SS,1,254200,0,254200,배송완료,택배(안성1),경기,신규,
HM-260620-0003,2026-06-20,13:31,자사몰,,SB-M-EVR-Q,이브닝 리버서블 매트리스,Q,1,418000,0,418000,배송완료,설치(용인 설치1),경기,신규,
NV-260620-0004,2026-06-20,19:42,네이버 브랜드스토어,,SB-T-NMX-Q,더 뉴 맥시멈 토퍼 매트리스,Q,1,532500,0,532500,배송완료,택배(안성1),서울,재구매,
NV-260620-0005,2026-06-20,16:53,네이버 브랜드스토어,,SB-T-ARC-Q,올라운드 컴포트 토퍼 매트리스,Q,1,249700,0,249700,배송완료,택배(안성1),서울,신규,
CJ-260621-0001,2026-06-21,19:19,CJ온스타일,,SB-T-ARC-SS,올라운드 컴포트 토퍼 매트리스,SS,1,209700,0,209700,설치완료,택배(안성1),충남,신규,
NV-260621-0001,2026-06-21,13:43,네이버 브랜드스토어,,SB-T-NMX-Q,더 뉴 맥시멈 토퍼 매트리스,Q,2,1065000,0,1065000,배송완료,택배(안성1),강원,신규,
HM-260621-0001,2026-06-21,14:47,자사몰,,SB-T-ARB5-SS,올라운드 밸런스 토퍼 매트리스 5cm,SS,1,254200,0,254200,취소,택배(안성1),경남,신규,
NV-260621-0002,2026-06-21,12:45,네이버 브랜드스토어,,SB-T-ARC-Q,올라운드 컴포트 토퍼 매트리스,Q,1,249700,0,249700,배송중,택배(안성1),인천,신규,
NV-260621-0002,2026-06-21,12:45,네이버 브랜드스토어,,SB-M-EVS-Q,이브닝 스타릿 매트리스,Q,1,684800,0,684800,배송중,설치(용인 설치1),인천,신규,
CP-260621-0001,2026-06-21,07:12,쿠팡 로켓,,SB-A-DPM,딥뮤트 수면안대,단일,1,29600,0,29600,배송완료,택배(안성1),경기,신규,
NV-260621-0003,2026-06-21,22:34,네이버 브랜드스토어,,SB-A-DPM,딥뮤트 수면안대,단일,1,30300,0,30300,설치완료,택배(안성1),서울,재구매,
CP-260621-0002,2026-06-21,20:58,쿠팡 로켓,,SB-P-CLB,클라우드 버디 베개,단일,1,60000,0,60000,배송완료,택배(안성1),대전,신규,
CP-260621-0002,2026-06-21,20:58,쿠팡 로켓,,SB-P-CLL,클라우드 LOW 경추 베개,단일,1,52500,0,52500,배송완료,택배(안성1),대전,신규,
NV-260621-0004,2026-06-21,08:27,네이버 브랜드스토어,,SB-M-DFC-SS,딥플로우 컴포트 매트리스,SS,1,567400,0,567400,배송완료,설치(용인 설치1),서울,신규,
NV-260621-0005,2026-06-21,18:40,네이버 브랜드스토어,,SB-P-CLB,클라우드 버디 베개,단일,1,61300,0,61300,배송완료,택배(안성1),서울,재구매,
NV-260621-0005,2026-06-21,18:40,네이버 브랜드스토어,,SB-T-NMX-SS,더 뉴 맥시멈 토퍼 매트리스,SS,1,445200,0,445200,배송완료,택배(안성1),서울,재구매,
HM-260621-0002,2026-06-21,08:55,자사몰,,SB-P-CLB,클라우드 버디 베개,단일,1,63200,28440,34760,배송중,택배(안성1),제주,신규,EX-2026-02
HM-260621-0002,2026-06-21,08:55,자사몰,,SB-M-MFM-K,미드나잇 풀문 매트리스,K,1,1022000,0,1022000,배송중,설치(용인 설치1),제주,신규,
HM-260621-0002,2026-06-21,08:55,자사몰,,SB-M-DFB-SS,딥플로우 밸런스 매트리스,SS,1,514000,0,514000,배송중,설치(용인 설치1),제주,신규,
SG-260621-0001,2026-06-21,21:26,SSG닷컴,,SB-M-EVR-Q,이브닝 리버서블 매트리스,Q,1,409600,0,409600,반품완료,설치(용인 설치1),대전,신규,
OH-260621-0001,2026-06-21,21:27,오늘의집,,SB-T-ARB5-SS,올라운드 밸런스 토퍼 매트리스 5cm,SS,1,236400,0,236400,배송완료,택배(안성1),경기,신규,
ST-260621-0001,2026-06-21,09:35,직영매장,노원,SB-T-ARC-Q,올라운드 컴포트 토퍼 매트리스,Q,1,270300,0,270300,배송완료,설치(용인 설치1),경기,신규,
SG-260621-0002,2026-06-21,12:40,SSG닷컴,,SB-T-ARCP-Q,올라운드 컴포트 플러스 토퍼 매트리스,Q,1,288900,0,288900,배송완료,택배(안성1),인천,재구매,
NV-260621-0006,2026-06-21,22:35,네이버 브랜드스토어,,SB-M-ORG-Q,오리지널 매트리스 미디엄 소프트,Q,1,460800,0,460800,배송중,설치(용인 설치1),서울,재구매,
OH-260621-0002,2026-06-21,12:41,오늘의집,,SB-M-EVR-S,이브닝 리버서블 매트리스,S,1,334700,0,334700,배송완료,설치(용인 설치1),서울,재구매,
OH-260621-0002,2026-06-21,12:41,오늘의집,,SB-T-MAX-Q,맥시멈 토퍼 매트리스,Q,1,510600,0,510600,배송완료,택배(안성1),서울,재구매,
HM-260622-0001,2026-06-22,05:29,자사몰,,SB-M-MFM-Q,미드나잇 풀문 매트리스,Q,1,928000,0,928000,설치완료,설치(용인 설치1),대구,신규,
NV-260622-0001,2026-06-22,04:41,네이버 브랜드스토어,,SB-A-DPM,딥뮤트 수면안대,단일,2,60600,0,60600,배송완료,택배(안성1),서울,신규,
OH-260622-0001,2026-06-22,09:32,오늘의집,,SB-T-ARB5-Q,올라운드 밸런스 토퍼 매트리스 5cm,Q,1,282200,0,282200,설치완료,택배(안성1),인천,신규,
CJ-260622-0001,2026-06-22,16:01,CJ온스타일,,SB-M-DFB-Q,딥플로우 밸런스 매트리스,Q,1,516900,0,516900,배송완료,설치(용인 설치1),대구,신규,
CJ-260622-0002,2026-06-22,13:43,CJ온스타일,,SB-T-ARB5-Q,올라운드 밸런스 토퍼 매트리스 5cm,Q,1,291300,0,291300,배송완료,택배(안성1),경기,신규,
CP-260622-0001,2026-06-22,03:36,쿠팡 로켓,,SB-A-DPM,딥뮤트 수면안대,단일,1,29600,0,29600,배송완료,택배(안성1),서울,신규,
NV-260622-0002,2026-06-22,09:03,네이버 브랜드스토어,,SB-T-ARCP-Q,올라운드 컴포트 플러스 토퍼 매트리스,Q,1,286000,0,286000,배송중,택배(안성1),경기,재구매,
CJ-260622-0003,2026-06-22,13:39,CJ온스타일,,SB-T-NMX-Q,더 뉴 맥시멈 토퍼 매트리스,Q,1,527000,0,527000,배송중,택배(안성1),부산,신규,
CP-260622-0002,2026-06-22,13:42,쿠팡 로켓,,SB-P-CLL,클라우드 LOW 경추 베개,단일,1,52500,0,52500,배송완료,택배(안성1),제주,신규,
ST-260622-0001,2026-06-22,22:01,직영매장,용산,SB-T-NMX-SS,더 뉴 맥시멈 토퍼 매트리스,SS,2,964000,0,964000,배송완료,설치(용인 설치1),경기,신규,
HM-260622-0002,2026-06-22,02:26,자사몰,,SB-T-ARB5-Q,올라운드 밸런스 토퍼 매트리스 5cm,Q,2,606800,0,606800,배송완료,택배(안성1),서울,재구매,
HM-260622-0003,2026-06-22,09:26,자사몰,,SB-T-ARB5-SS,올라운드 밸런스 토퍼 매트리스 5cm,SS,1,254200,0,254200,배송완료,택배(안성1),서울,재구매,
HM-260622-0003,2026-06-22,09:26,자사몰,,SB-M-MFM-Q,미드나잇 풀문 매트리스,Q,1,928000,0,928000,배송완료,설치(용인 설치1),서울,재구매,
HM-260622-0004,2026-06-22,14:55,자사몰,,SB-M-EVR-S,이브닝 리버서블 매트리스,S,1,359900,0,359900,배송완료,설치(용인 설치1),충남,신규,
NV-260622-0003,2026-06-22,12:03,네이버 브랜드스토어,,SB-T-ARB5-Q,올라운드 밸런스 토퍼 매트리스 5cm,Q,2,588600,0,588600,배송완료,택배(안성1),강원,신규,
NV-260623-0001,2026-06-23,20:49,네이버 브랜드스토어,,SB-A-DPM,딥뮤트 수면안대,단일,1,30300,0,30300,배송완료,택배(안성1),대전,신규,
NV-260623-0002,2026-06-23,11:03,네이버 브랜드스토어,,SB-T-ARB5-Q,올라운드 밸런스 토퍼 매트리스 5cm,Q,1,294300,0,294300,취소,택배(안성1),인천,재구매,
NV-260623-0002,2026-06-23,11:03,네이버 브랜드스토어,,SB-M-DFC-Q,딥플로우 컴포트 매트리스,Q,1,594400,0,594400,취소,설치(용인 설치1),인천,재구매,
NV-260623-0003,2026-06-23,08:57,네이버 브랜드스토어,,SB-T-ARB7-Q,올라운드 밸런스 토퍼 매트리스 7cm,Q,1,296800,0,296800,설치완료,택배(안성1),충남,신규,
NV-260623-0004,2026-06-23,06:28,네이버 브랜드스토어,,SB-M-MFM-Q,미드나잇 풀문 매트리스,Q,1,900200,0,900200,설치완료,설치(용인 설치1),서울,신규,
HM-260623-0001,2026-06-23,14:48,자사몰,,SB-M-DFC-Q,딥플로우 컴포트 매트리스,Q,1,612800,0,612800,설치완료,설치(용인 설치1),강원,신규,
ST-260623-0001,2026-06-23,08:20,직영매장,대전둔산,SB-T-ARC-Q,올라운드 컴포트 토퍼 매트리스,Q,1,270300,0,270300,배송완료,설치(용인 설치1),서울,재구매,
HM-260623-0002,2026-06-23,19:58,자사몰,,SB-A-DPM,딥뮤트 수면안대,단일,1,31200,0,31200,취소,택배(안성1),경기,재구매,
HM-260623-0003,2026-06-23,12:04,자사몰,,SB-T-ARC-Q,올라운드 컴포트 토퍼 매트리스,Q,1,257400,0,257400,배송완료,택배(안성1),강원,신규,
SG-260623-0001,2026-06-23,15:14,SSG닷컴,,SB-T-ARC-Q,올라운드 컴포트 토퍼 매트리스,Q,1,252300,0,252300,배송완료,택배(안성1),서울,재구매,
ST-260623-0002,2026-06-23,19:00,직영매장,용산,SB-T-ARC-Q,올라운드 컴포트 토퍼 매트리스,Q,1,270300,0,270300,배송중,설치(용인 설치1),부산,신규,
NV-260623-0005,2026-06-23,19:08,네이버 브랜드스토어,,SB-M-EVR-SS,이브닝 리버서블 매트리스,SS,1,380200,0,380200,배송중,설치(용인 설치1),대구,신규,
CP-260623-0001,2026-06-23,22:42,쿠팡 로켓,,SB-M-DFC-Q,딥플로우 컴포트 매트리스,Q,1,582200,0,582200,교환완료,설치(용인 설치1),경남,재구매,
ST-260623-0003,2026-06-23,20:50,직영매장,슬로우나잇 논현,SB-M-DFC-Q,딥플로우 컴포트 매트리스,Q,1,643400,0,643400,배송완료,설치(용인 설치1),제주,재구매,
OH-260624-0001,2026-06-24,08:34,오늘의집,,SB-P-CLL,클라우드 LOW 경추 베개,단일,1,51400,0,51400,배송완료,택배(안성1),서울,신규,
NV-260624-0001,2026-06-24,18:04,네이버 브랜드스토어,,SB-M-DFC-Q,딥플로우 컴포트 매트리스,Q,1,594400,0,594400,배송완료,설치(용인 설치1),경남,신규,
ST-260624-0001,2026-06-24,13:18,직영매장,대전둔산,SB-T-NMX-Q,더 뉴 맥시멈 토퍼 매트리스,Q,1,576400,0,576400,설치완료,설치(용인 설치1),서울,신규,
NV-260624-0002,2026-06-24,10:06,네이버 브랜드스토어,,SB-T-ARB5-SS,올라운드 밸런스 토퍼 매트리스 5cm,SS,1,246600,0,246600,배송완료,택배(안성1),서울,재구매,
ST-260624-0002,2026-06-24,16:40,직영매장,슬로우나잇 스타필드 수원,SB-T-NMX-SS,더 뉴 맥시멈 토퍼 매트리스,SS,1,482000,0,482000,배송완료,설치(용인 설치1),인천,신규,
NV-260624-0003,2026-06-24,12:41,네이버 브랜드스토어,,SB-P-CLL,클라우드 LOW 경추 베개,단일,2,107200,0,107200,배송완료,택배(안성1),부산,신규,
CJ-260624-0001,2026-06-24,21:26,CJ온스타일,,SB-T-ARC-Q,올라운드 컴포트 토퍼 매트리스,Q,1,247100,0,247100,배송완료,택배(안성1),경기,신규,
CP-260624-0001,2026-06-24,12:14,쿠팡 로켓,,SB-MO-MBL-Q,모션 밸런스드 매트리스,Q,1,1470600,0,1470600,배송완료,설치(용인 설치1),서울,신규,
CP-260624-0001,2026-06-24,12:14,쿠팡 로켓,,SB-M-EVR-SS,이브닝 리버서블 매트리스,SS,1,372400,0,372400,배송완료,설치(용인 설치1),서울,신규,
CP-260624-0001,2026-06-24,12:14,쿠팡 로켓,,SB-P-CLB,클라우드 버디 베개,단일,2,120000,0,120000,배송완료,택배(안성1),서울,신규,
SG-260624-0001,2026-06-24,10:53,SSG닷컴,,SB-T-ARB5-Q,올라운드 밸런스 토퍼 매트리스 5cm,Q,1,297300,0,297300,설치완료,택배(안성1),서울,신규,
SG-260624-0002,2026-06-24,16:53,SSG닷컴,,SB-T-ARB7-SS,올라운드 밸런스 토퍼 매트리스 7cm,SS,1,252500,0,252500,배송완료,택배(안성1),경기,신규,
SG-260624-0002,2026-06-24,16:53,SSG닷컴,,SB-P-CLB,클라우드 버디 베개,단일,1,61900,0,61900,배송완료,택배(안성1),경기,신규,
NV-260624-0004,2026-06-24,10:22,네이버 브랜드스토어,,SB-T-ARC-Q,올라운드 컴포트 토퍼 매트리스,Q,1,249700,0,249700,배송완료,택배(안성1),서울,재구매,
NV-260624-0004,2026-06-24,10:22,네이버 브랜드스토어,,SB-T-ARCP-Q,올라운드 컴포트 플러스 토퍼 매트리스,Q,1,286000,0,286000,배송완료,택배(안성1),서울,재구매,
NV-260625-0001,2026-06-25,19:02,네이버 브랜드스토어,,SB-T-ARC-Q,올라운드 컴포트 토퍼 매트리스,Q,2,499400,115000,384400,설치완료,택배(안성1),인천,신규,LV-2026-02
NV-260625-0002,2026-06-25,23:53,네이버 브랜드스토어,,SB-T-ARB5-Q,올라운드 밸런스 토퍼 매트리스 5cm,Q,1,294300,64100,230200,설치완료,택배(안성1),서울,신규,LV-2026-02
NV-260625-0003,2026-06-25,14:18,네이버 브랜드스토어,,SB-T-ARB5-Q,올라운드 밸런스 토퍼 매트리스 5cm,Q,1,294300,64100,230200,배송완료,택배(안성1),경기,신규,LV-2026-02
NV-260625-0004,2026-06-25,14:36,네이버 브랜드스토어,,SB-T-ARC-Q,올라운드 컴포트 토퍼 매트리스,Q,1,249700,57500,192200,배송완료,택배(안성1),경기,신규,LV-2026-02
NV-260625-0004,2026-06-25,14:36,네이버 브랜드스토어,,SB-M-EVR-S,이브닝 리버서블 매트리스,S,1,349100,0,349100,배송완료,설치(용인 설치1),경기,신규,
NV-260625-0005,2026-06-25,13:27,네이버 브랜드스토어,,SB-T-ARB5-Q,올라운드 밸런스 토퍼 매트리스 5cm,Q,1,294300,64100,230200,배송중,택배(안성1),경기,신규,LV-2026-02
NV-260625-0006,2026-06-25,15:17,네이버 브랜드스토어,,SB-T-ARB5-Q,올라운드 밸런스 토퍼 매트리스 5cm,Q,1,294300,64100,230200,배송완료,택배(안성1),서울,신규,LV-2026-02
CP-260625-0001,2026-06-25,23:04,쿠팡 로켓,,SB-T-ARC-Q,올라운드 컴포트 토퍼 매트리스,Q,1,244500,0,244500,배송완료,택배(안성1),강원,재구매,
HM-260625-0001,2026-06-25,07:42,자사몰,,SB-P-CLL,클라우드 LOW 경추 베개,단일,2,110400,0,110400,배송완료,택배(안성1),제주,신규,
ST-260625-0001,2026-06-25,13:52,직영매장,용산,SB-T-ARB5-Q,올라운드 밸런스 토퍼 매트리스 5cm,Q,1,318600,0,318600,반품완료,설치(용인 설치1),경기,신규,
NV-260625-0007,2026-06-25,14:27,네이버 브랜드스토어,,SB-M-EVR-Q,이브닝 리버서블 매트리스,Q,1,405500,0,405500,반품완료,설치(용인 설치1),인천,신규,
NV-260625-0008,2026-06-25,09:44,네이버 브랜드스토어,,SB-T-ARB5-Q,올라운드 밸런스 토퍼 매트리스 5cm,Q,1,294300,64100,230200,배송완료,택배(안성1),대전,신규,LV-2026-02
NV-260625-0009,2026-06-25,20:35,네이버 브랜드스토어,,SB-T-ARC-Q,올라운드 컴포트 토퍼 매트리스,Q,1,249700,57500,192200,설치완료,택배(안성1),서울,재구매,LV-2026-02
NV-260625-0010,2026-06-25,20:55,네이버 브랜드스토어,,SB-T-ARB5-Q,올라운드 밸런스 토퍼 매트리스 5cm,Q,2,588600,128200,460400,설치완료,택배(안성1),서울,신규,LV-2026-02
HM-260625-0002,2026-06-25,20:13,자사몰,,SB-T-ARC-Q,올라운드 컴포트 토퍼 매트리스,Q,1,257400,0,257400,배송완료,택배(안성1),경기,재구매,
NV-260625-0011,2026-06-25,20:08,네이버 브랜드스토어,,SB-T-ARC-SS,올라운드 컴포트 토퍼 매트리스,SS,1,211800,0,211800,배송완료,택배(안성1),서울,신규,
NV-260625-0012,2026-06-25,09:12,네이버 브랜드스토어,,SB-T-ARB5-Q,올라운드 밸런스 토퍼 매트리스 5cm,Q,2,588600,128200,460400,배송완료,택배(안성1),서울,신규,LV-2026-02
NV-260625-0013,2026-06-25,11:29,네이버 브랜드스토어,,SB-T-ARB5-Q,올라운드 밸런스 토퍼 매트리스 5cm,Q,1,294300,64100,230200,설치완료,택배(안성1),서울,재구매,LV-2026-02
NV-260625-0013,2026-06-25,11:29,네이버 브랜드스토어,,SB-A-DPM,딥뮤트 수면안대,단일,1,30300,0,30300,설치완료,택배(안성1),서울,재구매,
ST-260625-0002,2026-06-25,15:30,직영매장,송파,SB-M-EVR-S,이브닝 리버서블 매트리스,S,1,377900,0,377900,배송완료,설치(용인 설치1),서울,재구매,
NV-260625-0014,2026-06-25,09:06,네이버 브랜드스토어,,SB-T-ARB5-Q,올라운드 밸런스 토퍼 매트리스 5cm,Q,2,588600,128200,460400,설치완료,택배(안성1),경기,신규,LV-2026-02
NV-260625-0015,2026-06-25,19:58,네이버 브랜드스토어,,SB-T-ARC-Q,올라운드 컴포트 토퍼 매트리스,Q,1,249700,57500,192200,설치완료,택배(안성1),울산,신규,LV-2026-02
NV-260625-0016,2026-06-25,08:31,네이버 브랜드스토어,,SB-T-ARB5-Q,올라운드 밸런스 토퍼 매트리스 5cm,Q,1,294300,64100,230200,설치완료,택배(안성1),강원,재구매,LV-2026-02
NV-260625-0017,2026-06-25,18:26,네이버 브랜드스토어,,SB-T-ARC-Q,올라운드 컴포트 토퍼 매트리스,Q,1,249700,57500,192200,반품완료,택배(안성1),서울,신규,LV-2026-02
NV-260625-0018,2026-06-25,14:16,네이버 브랜드스토어,,SB-A-DPM,딥뮤트 수면안대,단일,2,60600,0,60600,배송완료,택배(안성1),서울,신규,
NV-260625-0019,2026-06-25,09:34,네이버 브랜드스토어,,SB-T-ARB5-Q,올라운드 밸런스 토퍼 매트리스 5cm,Q,1,294300,64100,230200,배송완료,택배(안성1),서울,신규,LV-2026-02
NV-260625-0020,2026-06-25,19:31,네이버 브랜드스토어,,SB-T-ARC-Q,올라운드 컴포트 토퍼 매트리스,Q,1,249700,57500,192200,설치완료,택배(안성1),강원,재구매,LV-2026-02
NV-260625-0021,2026-06-25,11:56,네이버 브랜드스토어,,SB-A-DPM,딥뮤트 수면안대,단일,1,30300,0,30300,배송완료,택배(안성1),경남,신규,
NV-260625-0022,2026-06-25,20:45,네이버 브랜드스토어,,SB-T-ARC-Q,올라운드 컴포트 토퍼 매트리스,Q,1,249700,57500,192200,배송완료,택배(안성1),경기,재구매,LV-2026-02
NV-260625-0022,2026-06-25,20:45,네이버 브랜드스토어,,SB-T-ARB5-Q,올라운드 밸런스 토퍼 매트리스 5cm,Q,1,294300,64100,230200,배송완료,택배(안성1),경기,재구매,LV-2026-02
NV-260625-0022,2026-06-25,20:45,네이버 브랜드스토어,,SB-M-EVR-Q,이브닝 리버서블 매트리스,Q,1,405500,0,405500,배송완료,설치(용인 설치1),경기,재구매,
ST-260625-0003,2026-06-25,14:18,직영매장,노원,SB-T-ARC-Q,올라운드 컴포트 토퍼 매트리스,Q,1,270300,0,270300,배송완료,설치(용인 설치1),제주,신규,
NV-260625-0023,2026-06-25,09:41,네이버 브랜드스토어,,SB-T-ARC-Q,올라운드 컴포트 토퍼 매트리스,Q,1,249700,57500,192200,설치완료,택배(안성1),경남,재구매,LV-2026-02
NV-260625-0024,2026-06-25,21:05,네이버 브랜드스토어,,SB-T-ARC-Q,올라운드 컴포트 토퍼 매트리스,Q,1,249700,57500,192200,배송완료,택배(안성1),대전,재구매,LV-2026-02
NV-260625-0025,2026-06-25,08:28,네이버 브랜드스토어,,SB-T-ARB5-Q,올라운드 밸런스 토퍼 매트리스 5cm,Q,2,588600,128200,460400,배송완료,택배(안성1),충남,신규,LV-2026-02
OH-260625-0001,2026-06-25,22:27,오늘의집,,SB-T-ARC-SS,올라운드 컴포트 토퍼 매트리스,SS,1,203100,0,203100,설치완료,택배(안성1),인천,신규,
OH-260625-0001,2026-06-25,22:27,오늘의집,,SB-T-ARC-Q,올라운드 컴포트 토퍼 매트리스,Q,1,239400,0,239400,설치완료,택배(안성1),인천,신규,
SG-260625-0001,2026-06-25,10:30,SSG닷컴,,SB-T-ARC-Q,올라운드 컴포트 토퍼 매트리스,Q,1,252300,0,252300,배송완료,택배(안성1),대전,신규,
NV-260625-0026,2026-06-25,17:14,네이버 브랜드스토어,,SB-T-ARC-SS,올라운드 컴포트 토퍼 매트리스,SS,1,211800,0,211800,설치완료,택배(안성1),인천,신규,
NV-260625-0027,2026-06-25,18:48,네이버 브랜드스토어,,SB-T-ARB5-Q,올라운드 밸런스 토퍼 매트리스 5cm,Q,1,294300,64100,230200,배송완료,택배(안성1),서울,신규,LV-2026-02
HM-260625-0003,2026-06-25,10:03,자사몰,,SB-T-ARB5-Q,올라운드 밸런스 토퍼 매트리스 5cm,Q,1,303400,0,303400,배송완료,택배(안성1),서울,신규,
HM-260625-0003,2026-06-25,10:03,자사몰,,SB-T-ARC-Q,올라운드 컴포트 토퍼 매트리스,Q,1,257400,0,257400,배송완료,택배(안성1),서울,신규,
HM-260625-0003,2026-06-25,10:03,자사몰,,SB-P-CLB,클라우드 버디 베개,단일,1,63200,0,63200,배송완료,택배(안성1),서울,신규,
NV-260625-0028,2026-06-25,09:36,네이버 브랜드스토어,,SB-T-ARC-Q,올라운드 컴포트 토퍼 매트리스,Q,1,249700,57500,192200,취소,택배(안성1),인천,재구매,LV-2026-02
NV-260625-0029,2026-06-25,19:19,네이버 브랜드스토어,,SB-T-ARC-Q,올라운드 컴포트 토퍼 매트리스,Q,1,249700,57500,192200,배송중,택배(안성1),부산,신규,LV-2026-02
NV-260625-0030,2026-06-25,16:51,네이버 브랜드스토어,,SB-F-BAU-O,바우 키즈 원목 오픈형 데이베드 침대,SS,1,581000,0,581000,배송완료,설치(용인 설치1),경기,신규,
HM-260625-0004,2026-06-25,19:56,자사몰,,SB-M-EVR-SS,이브닝 리버서블 매트리스,SS,1,392000,0,392000,배송완료,설치(용인 설치1),경기,신규,
NV-260625-0031,2026-06-25,17:44,네이버 브랜드스토어,,SB-T-ARB5-Q,올라운드 밸런스 토퍼 매트리스 5cm,Q,1,294300,64100,230200,배송완료,택배(안성1),광주,재구매,LV-2026-02
NV-260625-0031,2026-06-25,17:44,네이버 브랜드스토어,,SB-T-ARC-Q,올라운드 컴포트 토퍼 매트리스,Q,1,249700,57500,192200,배송완료,택배(안성1),광주,재구매,LV-2026-02
NV-260625-0032,2026-06-25,21:26,네이버 브랜드스토어,,SB-T-ARB7-SS,올라운드 밸런스 토퍼 매트리스 7cm,SS,2,499800,0,499800,설치완료,택배(안성1),대전,신규,
NV-260625-0032,2026-06-25,21:26,네이버 브랜드스토어,,SB-T-ARC-Q,올라운드 컴포트 토퍼 매트리스,Q,1,249700,57500,192200,설치완료,택배(안성1),대전,신규,LV-2026-02
NV-260625-0033,2026-06-25,06:25,네이버 브랜드스토어,,SB-T-ARB5-Q,올라운드 밸런스 토퍼 매트리스 5cm,Q,1,294300,64100,230200,배송완료,택배(안성1),경기,신규,LV-2026-02
NV-260625-0034,2026-06-25,19:03,네이버 브랜드스토어,,SB-T-ARC-Q,올라운드 컴포트 토퍼 매트리스,Q,1,249700,57500,192200,설치완료,택배(안성1),인천,재구매,LV-2026-02
NV-260625-0034,2026-06-25,19:03,네이버 브랜드스토어,,SB-MO-EVM-SS,이브닝 모션 매트리스,SS,1,1039800,0,1039800,설치완료,설치(용인 설치1),인천,재구매,
NV-260625-0035,2026-06-25,16:13,네이버 브랜드스토어,,SB-T-ARB5-Q,올라운드 밸런스 토퍼 매트리스 5cm,Q,1,294300,64100,230200,배송완료,택배(안성1),서울,신규,LV-2026-02
NV-260625-0035,2026-06-25,16:13,네이버 브랜드스토어,,SB-P-CLB,클라우드 버디 베개,단일,1,61300,0,61300,배송완료,택배(안성1),서울,신규,
NV-260625-0035,2026-06-25,16:13,네이버 브랜드스토어,,SB-P-CLL,클라우드 LOW 경추 베개,단일,1,53600,0,53600,배송완료,택배(안성1),서울,신규,
NV-260625-0036,2026-06-25,17:26,네이버 브랜드스토어,,SB-T-ARC-Q,올라운드 컴포트 토퍼 매트리스,Q,1,249700,57500,192200,설치완료,택배(안성1),광주,재구매,LV-2026-02
NV-260625-0036,2026-06-25,17:26,네이버 브랜드스토어,,SB-T-ARB5-Q,올라운드 밸런스 토퍼 매트리스 5cm,Q,1,294300,64100,230200,설치완료,택배(안성1),광주,재구매,LV-2026-02
OH-260625-0002,2026-06-25,09:54,오늘의집,,SB-T-ARC-Q,올라운드 컴포트 토퍼 매트리스,Q,1,239400,0,239400,설치완료,택배(안성1),경기,재구매,
NV-260625-0037,2026-06-25,14:13,네이버 브랜드스토어,,SB-T-ARC-Q,올라운드 컴포트 토퍼 매트리스,Q,1,249700,57500,192200,배송완료,택배(안성1),경기,신규,LV-2026-02
NV-260625-0038,2026-06-25,11:24,네이버 브랜드스토어,,SB-T-ARB5-Q,올라운드 밸런스 토퍼 매트리스 5cm,Q,1,294300,64100,230200,배송완료,택배(안성1),서울,신규,LV-2026-02
NV-260625-0038,2026-06-25,11:24,네이버 브랜드스토어,,SB-T-ARC-Q,올라운드 컴포트 토퍼 매트리스,Q,1,249700,57500,192200,배송완료,택배(안성1),서울,신규,LV-2026-02
NV-260625-0039,2026-06-25,20:17,네이버 브랜드스토어,,SB-T-ARC-Q,올라운드 컴포트 토퍼 매트리스,Q,1,249700,57500,192200,배송완료,택배(안성1),서울,재구매,LV-2026-02
NV-260625-0039,2026-06-25,20:17,네이버 브랜드스토어,,SB-M-EVR-Q,이브닝 리버서블 매트리스,Q,1,405500,0,405500,배송완료,설치(용인 설치1),서울,재구매,
CP-260626-0001,2026-06-26,17:58,쿠팡 로켓,,SB-T-ARC-Q,올라운드 컴포트 토퍼 매트리스,Q,1,244500,0,244500,배송완료,택배(안성1),대구,신규,
CP-260626-0001,2026-06-26,17:58,쿠팡 로켓,,SB-P-CLL,클라우드 LOW 경추 베개,단일,2,105000,0,105000,배송완료,택배(안성1),대구,신규,
CP-260626-0001,2026-06-26,17:58,쿠팡 로켓,,SB-T-ARB5-Q,올라운드 밸런스 토퍼 매트리스 5cm,Q,1,288200,0,288200,배송완료,택배(안성1),대구,신규,
ST-260626-0001,2026-06-26,18:17,직영매장,슬로우나잇 논현,SB-T-ARB5-Q,올라운드 밸런스 토퍼 매트리스 5cm,Q,1,318600,0,318600,설치완료,설치(용인 설치1),경남,재구매,
NV-260626-0001,2026-06-26,19:16,네이버 브랜드스토어,,SB-T-ARB5-Q,올라운드 밸런스 토퍼 매트리스 5cm,Q,1,294300,0,294300,배송중,택배(안성1),서울,신규,
NV-260626-0002,2026-06-26,09:42,네이버 브랜드스토어,,SB-A-DPM,딥뮤트 수면안대,단일,1,30300,0,30300,배송완료,택배(안성1),경기,재구매,
NV-260626-0003,2026-06-26,17:11,네이버 브랜드스토어,,SB-T-ARB5-Q,올라운드 밸런스 토퍼 매트리스 5cm,Q,1,294300,0,294300,설치완료,택배(안성1),강원,재구매,
NV-260626-0004,2026-06-26,17:08,네이버 브랜드스토어,,SB-T-ARB5-Q,올라운드 밸런스 토퍼 매트리스 5cm,Q,1,294300,0,294300,배송완료,택배(안성1),대구,신규,
NV-260626-0005,2026-06-26,21:54,네이버 브랜드스토어,,SB-T-ARC-Q,올라운드 컴포트 토퍼 매트리스,Q,1,249700,0,249700,배송완료,택배(안성1),부산,신규,
NV-260626-0006,2026-06-26,14:19,네이버 브랜드스토어,,SB-T-ARB5-Q,올라운드 밸런스 토퍼 매트리스 5cm,Q,1,294300,0,294300,배송완료,택배(안성1),부산,재구매,
NV-260626-0007,2026-06-26,20:25,네이버 브랜드스토어,,SB-M-DFC-Q,딥플로우 컴포트 매트리스,Q,1,594400,0,594400,배송완료,설치(용인 설치1),서울,신규,
NV-260626-0007,2026-06-26,20:25,네이버 브랜드스토어,,SB-T-ARCP-Q,올라운드 컴포트 플러스 토퍼 매트리스,Q,1,286000,0,286000,배송완료,택배(안성1),서울,신규,
HM-260626-0001,2026-06-26,18:27,자사몰,,SB-T-NMX-Q,더 뉴 맥시멈 토퍼 매트리스,Q,2,1098000,0,1098000,설치완료,택배(안성1),경기,재구매,
HM-260626-0001,2026-06-26,18:27,자사몰,,SB-T-ARC-Q,올라운드 컴포트 토퍼 매트리스,Q,1,257400,0,257400,설치완료,택배(안성1),경기,재구매,
NV-260626-0008,2026-06-26,19:37,네이버 브랜드스토어,,SB-T-ARC-Q,올라운드 컴포트 토퍼 매트리스,Q,1,249700,0,249700,설치완료,택배(안성1),서울,신규,
NV-260626-0009,2026-06-26,21:50,네이버 브랜드스토어,,SB-P-CLL,클라우드 LOW 경추 베개,단일,1,53600,0,53600,배송완료,택배(안성1),경기,신규,
OH-260626-0001,2026-06-26,18:18,오늘의집,,SB-T-ARB5-Q,올라운드 밸런스 토퍼 매트리스 5cm,Q,2,564400,0,564400,취소,택배(안성1),경기,신규,
NV-260626-0010,2026-06-26,06:42,네이버 브랜드스토어,,SB-T-MAX-SS,맥시멈 토퍼 매트리스,SS,1,445200,0,445200,배송완료,택배(안성1),경기,신규,
NV-260626-0011,2026-06-26,14:06,네이버 브랜드스토어,,SB-T-NMX-Q,더 뉴 맥시멈 토퍼 매트리스,Q,1,532500,0,532500,교환완료,택배(안성1),경기,재구매,
NV-260626-0011,2026-06-26,14:06,네이버 브랜드스토어,,SB-T-MAX-SS,맥시멈 토퍼 매트리스,SS,1,445200,0,445200,교환완료,택배(안성1),경기,재구매,
NV-260626-0012,2026-06-26,15:05,네이버 브랜드스토어,,SB-T-ARC-Q,올라운드 컴포트 토퍼 매트리스,Q,1,249700,0,249700,배송완료,택배(안성1),경기,신규,
NV-260626-0013,2026-06-26,13:00,네이버 브랜드스토어,,SB-T-ARC-Q,올라운드 컴포트 토퍼 매트리스,Q,1,249700,0,249700,배송완료,택배(안성1),부산,신규,
NV-260626-0014,2026-06-26,01:00,네이버 브랜드스토어,,SB-P-CLL,클라우드 LOW 경추 베개,단일,1,53600,0,53600,설치완료,택배(안성1),대전,신규,
ST-260626-0002,2026-06-26,16:17,직영매장,노원,SB-T-ARC-Q,올라운드 컴포트 토퍼 매트리스,Q,1,270300,0,270300,취소,설치(용인 설치1),서울,신규,
NV-260626-0015,2026-06-26,23:24,네이버 브랜드스토어,,SB-P-CLL,클라우드 LOW 경추 베개,단일,1,53600,0,53600,배송완료,택배(안성1),경기,재구매,
NV-260626-0016,2026-06-26,11:34,네이버 브랜드스토어,,SB-T-ARC-Q,올라운드 컴포트 토퍼 매트리스,Q,1,249700,0,249700,배송완료,택배(안성1),경기,신규,
NV-260626-0017,2026-06-26,01:54,네이버 브랜드스토어,,SB-M-DFC-Q,딥플로우 컴포트 매트리스,Q,1,594400,0,594400,교환완료,설치(용인 설치1),인천,신규,
NV-260626-0018,2026-06-26,22:49,네이버 브랜드스토어,,SB-T-ARCP-Q,올라운드 컴포트 플러스 토퍼 매트리스,Q,1,286000,0,286000,배송완료,택배(안성1),대구,신규,
NV-260626-0019,2026-06-26,20:30,네이버 브랜드스토어,,SB-M-DFB-Q,딥플로우 밸런스 매트리스,Q,1,522200,0,522200,배송완료,설치(용인 설치1),경기,재구매,
NV-260626-0019,2026-06-26,20:30,네이버 브랜드스토어,,SB-M-DFC-Q,딥플로우 컴포트 매트리스,Q,1,594400,0,594400,배송완료,설치(용인 설치1),경기,재구매,
CP-260626-0002,2026-06-26,18:14,쿠팡 로켓,,SB-T-ARC-Q,올라운드 컴포트 토퍼 매트리스,Q,1,244500,0,244500,배송완료,택배(안성1),인천,신규,
ST-260626-0003,2026-06-26,23:19,직영매장,노원,SB-T-ARB5-Q,올라운드 밸런스 토퍼 매트리스 5cm,Q,1,318600,0,318600,배송완료,설치(용인 설치1),부산,재구매,
ST-260626-0003,2026-06-26,23:19,직영매장,노원,SB-T-ARC-Q,올라운드 컴포트 토퍼 매트리스,Q,2,540600,0,540600,배송완료,설치(용인 설치1),부산,재구매,
SG-260626-0001,2026-06-26,05:06,SSG닷컴,,SB-A-DPM,딥뮤트 수면안대,단일,1,30600,0,30600,배송완료,택배(안성1),부산,재구매,
CP-260626-0003,2026-06-26,20:12,쿠팡 로켓,,SB-T-ARC-Q,올라운드 컴포트 토퍼 매트리스,Q,1,244500,0,244500,배송완료,택배(안성1),경남,신규,
NV-260626-0020,2026-06-26,18:14,네이버 브랜드스토어,,SB-T-ARB5-Q,올라운드 밸런스 토퍼 매트리스 5cm,Q,1,294300,0,294300,배송완료,택배(안성1),서울,신규,
NV-260626-0021,2026-06-26,16:10,네이버 브랜드스토어,,SB-T-NMX-SS,더 뉴 맥시멈 토퍼 매트리스,SS,1,445200,0,445200,배송완료,택배(안성1),인천,신규,
NV-260626-0022,2026-06-26,23:02,네이버 브랜드스토어,,SB-T-NMX-SS,더 뉴 맥시멈 토퍼 매트리스,SS,2,890400,0,890400,배송완료,택배(안성1),대전,신규,
NV-260626-0022,2026-06-26,23:02,네이버 브랜드스토어,,SB-T-ARB5-SS,올라운드 밸런스 토퍼 매트리스 5cm,SS,2,493200,0,493200,배송완료,택배(안성1),대전,신규,
NV-260626-0023,2026-06-26,18:43,네이버 브랜드스토어,,SB-T-ARB5-Q,올라운드 밸런스 토퍼 매트리스 5cm,Q,1,294300,0,294300,배송완료,택배(안성1),경남,신규,
NV-260626-0024,2026-06-26,21:35,네이버 브랜드스토어,,SB-T-ARB5-SS,올라운드 밸런스 토퍼 매트리스 5cm,SS,1,246600,0,246600,배송완료,택배(안성1),대구,신규,
NV-260626-0024,2026-06-26,21:35,네이버 브랜드스토어,,SB-T-ARC-Q,올라운드 컴포트 토퍼 매트리스,Q,2,499400,0,499400,배송완료,택배(안성1),대구,신규,
NV-260626-0025,2026-06-26,20:36,네이버 브랜드스토어,,SB-T-ARB5-Q,올라운드 밸런스 토퍼 매트리스 5cm,Q,1,294300,0,294300,배송완료,택배(안성1),경기,신규,
NV-260626-0026,2026-06-26,11:36,네이버 브랜드스토어,,SB-T-ARC-Q,올라운드 컴포트 토퍼 매트리스,Q,1,249700,0,249700,반품완료,택배(안성1),제주,신규,
NV-260626-0027,2026-06-26,13:31,네이버 브랜드스토어,,SB-T-ARB5-Q,올라운드 밸런스 토퍼 매트리스 5cm,Q,1,294300,0,294300,배송완료,택배(안성1),경기,신규,
NV-260626-0028,2026-06-26,10:55,네이버 브랜드스토어,,SB-T-ARB5-Q,올라운드 밸런스 토퍼 매트리스 5cm,Q,1,294300,0,294300,교환완료,택배(안성1),서울,신규,
NV-260626-0028,2026-06-26,10:55,네이버 브랜드스토어,,SB-T-ARC-Q,올라운드 컴포트 토퍼 매트리스,Q,2,499400,0,499400,교환완료,택배(안성1),서울,신규,
NV-260626-0029,2026-06-26,10:35,네이버 브랜드스토어,,SB-T-ARB5-Q,올라운드 밸런스 토퍼 매트리스 5cm,Q,1,294300,0,294300,배송완료,택배(안성1),경기,신규,
NV-260626-0030,2026-06-26,22:22,네이버 브랜드스토어,,SB-T-ARC-Q,올라운드 컴포트 토퍼 매트리스,Q,1,249700,0,249700,설치완료,택배(안성1),경기,재구매,
NV-260626-0031,2026-06-26,19:25,네이버 브랜드스토어,,SB-T-ARB5-Q,올라운드 밸런스 토퍼 매트리스 5cm,Q,2,588600,0,588600,배송완료,택배(안성1),경기,신규,
NV-260626-0032,2026-06-26,15:17,네이버 브랜드스토어,,SB-T-ARC-SS,올라운드 컴포트 토퍼 매트리스,SS,1,211800,0,211800,배송완료,택배(안성1),서울,신규,
NV-260626-0032,2026-06-26,15:17,네이버 브랜드스토어,,SB-T-ARB5-Q,올라운드 밸런스 토퍼 매트리스 5cm,Q,1,294300,0,294300,배송완료,택배(안성1),서울,신규,
NV-260626-0032,2026-06-26,15:17,네이버 브랜드스토어,,SB-T-ARC-Q,올라운드 컴포트 토퍼 매트리스,Q,1,249700,0,249700,배송완료,택배(안성1),서울,신규,
NV-260626-0033,2026-06-26,17:56,네이버 브랜드스토어,,SB-T-ARB5-Q,올라운드 밸런스 토퍼 매트리스 5cm,Q,2,588600,0,588600,반품완료,택배(안성1),경기,재구매,
NV-260626-0034,2026-06-26,14:50,네이버 브랜드스토어,,SB-T-ARC-Q,올라운드 컴포트 토퍼 매트리스,Q,1,249700,0,249700,설치완료,택배(안성1),부산,신규,
NV-260626-0035,2026-06-26,19:10,네이버 브랜드스토어,,SB-T-ARC-Q,올라운드 컴포트 토퍼 매트리스,Q,2,499400,0,499400,배송완료,택배(안성1),서울,신규,
NV-260626-0036,2026-06-26,16:07,네이버 브랜드스토어,,SB-T-ARB5-Q,올라운드 밸런스 토퍼 매트리스 5cm,Q,1,294300,0,294300,설치완료,택배(안성1),부산,재구매,
NV-260626-0037,2026-06-26,07:36,네이버 브랜드스토어,,SB-T-MAX-Q,맥시멈 토퍼 매트리스,Q,1,532500,0,532500,배송중,택배(안성1),서울,신규,
NV-260626-0038,2026-06-26,12:05,네이버 브랜드스토어,,SB-T-ARC-Q,올라운드 컴포트 토퍼 매트리스,Q,1,249700,0,249700,설치완료,택배(안성1),부산,신규,
NV-260626-0039,2026-06-26,11:26,네이버 브랜드스토어,,SB-T-ARC-Q,올라운드 컴포트 토퍼 매트리스,Q,1,249700,0,249700,배송완료,택배(안성1),부산,재구매,
HM-260626-0002,2026-06-26,05:08,자사몰,,SB-T-ARB5-Q,올라운드 밸런스 토퍼 매트리스 5cm,Q,1,303400,0,303400,배송완료,택배(안성1),제주,재구매,
HM-260626-0002,2026-06-26,05:08,자사몰,,SB-T-ARC-Q,올라운드 컴포트 토퍼 매트리스,Q,1,257400,0,257400,배송완료,택배(안성1),제주,재구매,
CP-260626-0004,2026-06-26,20:29,쿠팡 로켓,,SB-T-NMX-SS,더 뉴 맥시멈 토퍼 매트리스,SS,2,872000,0,872000,취소,택배(안성1),경기,신규,
NV-260626-0040,2026-06-26,09:36,네이버 브랜드스토어,,SB-T-ARC-Q,올라운드 컴포트 토퍼 매트리스,Q,1,249700,0,249700,배송완료,택배(안성1),대전,신규,
HM-260627-0001,2026-06-27,07:46,자사몰,,SB-T-ARC-SS,올라운드 컴포트 토퍼 매트리스,SS,2,436800,0,436800,반품완료,택배(안성1),인천,신규,
HM-260627-0001,2026-06-27,07:46,자사몰,,SB-T-NMX-Q,더 뉴 맥시멈 토퍼 매트리스,Q,1,549000,0,549000,반품완료,택배(안성1),인천,신규,
OH-260627-0001,2026-06-27,21:17,오늘의집,,SB-MO-EVM-Q,이브닝 모션 매트리스,Q,1,1084400,0,1084400,교환완료,설치(용인 설치1),인천,신규,
OH-260627-0001,2026-06-27,21:17,오늘의집,,SB-T-ARC-SS,올라운드 컴포트 토퍼 매트리스,SS,1,203100,0,203100,교환완료,택배(안성1),인천,신규,
CP-260627-0001,2026-06-27,19:14,쿠팡 로켓,,SB-T-MAX-Q,맥시멈 토퍼 매트리스,Q,1,521600,0,521600,배송완료,택배(안성1),대구,신규,
CP-260627-0002,2026-06-27,17:52,쿠팡 로켓,,SB-F-BAU-G,바우 키즈 원목 가드형 데이베드 침대,SS,1,759000,0,759000,배송완료,설치(용인 설치1),경기,신규,
OH-260627-0002,2026-06-27,16:43,오늘의집,,SB-T-NMX-Q,더 뉴 맥시멈 토퍼 매트리스,Q,2,1021200,0,1021200,배송완료,택배(안성1),대구,재구매,
OH-260627-0002,2026-06-27,16:43,오늘의집,,SB-M-EVR-SS,이브닝 리버서블 매트리스,SS,1,364600,0,364600,배송완료,설치(용인 설치1),대구,재구매,
ST-260627-0001,2026-06-27,19:55,직영매장,슬로우나잇 논현,SB-T-NMX-Q,더 뉴 맥시멈 토퍼 매트리스,Q,2,1152800,0,1152800,배송완료,설치(용인 설치1),부산,신규,
CP-260627-0003,2026-06-27,19:23,쿠팡 로켓,,SB-T-ARCP-Q,올라운드 컴포트 플러스 토퍼 매트리스,Q,1,280100,0,280100,배송완료,택배(안성1),대구,신규,
CP-260627-0003,2026-06-27,19:23,쿠팡 로켓,,SB-M-DFC-Q,딥플로우 컴포트 매트리스,Q,1,582200,0,582200,배송완료,설치(용인 설치1),대구,신규,
ST-260627-0002,2026-06-27,10:17,직영매장,슬로우나잇 스타필드 수원,SB-P-CLL,클라우드 LOW 경추 베개,단일,1,58000,0,58000,배송완료,매장수령,서울,신규,
ST-260627-0002,2026-06-27,10:17,직영매장,슬로우나잇 스타필드 수원,SB-T-GRB-SS,그라운드 밸런스 토퍼 매트리스,SS,1,548100,0,548100,배송완료,설치(용인 설치1),서울,신규,
NV-260627-0001,2026-06-27,07:52,네이버 브랜드스토어,,SB-M-DFB-Q,딥플로우 밸런스 매트리스,Q,1,522200,0,522200,배송완료,설치(용인 설치1),서울,신규,
NV-260627-0002,2026-06-27,22:14,네이버 브랜드스토어,,SB-T-ARC-Q,올라운드 컴포트 토퍼 매트리스,Q,1,249700,0,249700,배송완료,택배(안성1),대구,재구매,
NV-260627-0002,2026-06-27,22:14,네이버 브랜드스토어,,SB-A-DPM,딥뮤트 수면안대,단일,1,30300,0,30300,배송완료,택배(안성1),대구,재구매,
ST-260627-0003,2026-06-27,20:52,직영매장,슬로우나잇 스타필드 수원,SB-M-DFC-SS,딥플로우 컴포트 매트리스,SS,1,614200,0,614200,배송완료,설치(용인 설치1),경남,신규,
OH-260627-0003,2026-06-27,13:38,오늘의집,,SB-T-NMX-Q,더 뉴 맥시멈 토퍼 매트리스,Q,1,510600,0,510600,반품완료,택배(안성1),경기,재구매,
NV-260627-0003,2026-06-27,19:21,네이버 브랜드스토어,,SB-A-DPM,딥뮤트 수면안대,단일,1,30300,0,30300,설치완료,택배(안성1),경기,신규,
NV-260627-0003,2026-06-27,19:21,네이버 브랜드스토어,,SB-T-ARB5-SS,올라운드 밸런스 토퍼 매트리스 5cm,SS,1,246600,0,246600,설치완료,택배(안성1),경기,신규,
OH-260627-0004,2026-06-27,18:53,오늘의집,,SB-T-ARB5-SS,올라운드 밸런스 토퍼 매트리스 5cm,SS,1,236400,0,236400,반품완료,택배(안성1),서울,신규,
ST-260627-0004,2026-06-27,12:12,직영매장,슬로우나잇 스타필드 수원,SB-P-CLB,클라우드 버디 베개,단일,1,66400,0,66400,반품완료,매장수령,경기,신규,
ST-260627-0005,2026-06-27,11:00,직영매장,대전둔산,SB-T-ARB7-SS,올라운드 밸런스 토퍼 매트리스 7cm,SS,2,541000,0,541000,배송완료,설치(용인 설치1),경기,신규,
OH-260628-0001,2026-06-28,10:37,오늘의집,,SB-T-ARC-Q,올라운드 컴포트 토퍼 매트리스,Q,1,239400,0,239400,설치완료,택배(안성1),대전,신규,
CJ-260628-0001,2026-06-28,17:59,CJ온스타일,,SB-M-EVR-Q,이브닝 리버서블 매트리스,Q,1,401300,0,401300,배송완료,설치(용인 설치1),경기,재구매,
CJ-260628-0001,2026-06-28,17:59,CJ온스타일,,SB-T-NMX-SS,더 뉴 맥시멈 토퍼 매트리스,SS,1,440600,0,440600,배송완료,택배(안성1),경기,재구매,
SG-260628-0001,2026-06-28,17:05,SSG닷컴,,SB-M-DFC-SS,딥플로우 컴포트 매트리스,SS,1,573300,0,573300,설치완료,설치(용인 설치1),부산,신규,
OH-260628-0002,2026-06-28,09:25,오늘의집,,SB-T-ARB5-Q,올라운드 밸런스 토퍼 매트리스 5cm,Q,1,282200,0,282200,설치완료,택배(안성1),서울,신규,
CP-260628-0001,2026-06-28,19:16,쿠팡 로켓,,SB-T-ARB5-Q,올라운드 밸런스 토퍼 매트리스 5cm,Q,1,288200,0,288200,설치완료,택배(안성1),서울,재구매,
CP-260628-0001,2026-06-28,19:16,쿠팡 로켓,,SB-M-EVR-Q,이브닝 리버서블 매트리스,Q,1,397100,0,397100,설치완료,설치(용인 설치1),서울,재구매,
OH-260628-0003,2026-06-28,06:32,오늘의집,,SB-P-CLL,클라우드 LOW 경추 베개,단일,1,51400,0,51400,배송완료,택배(안성1),경남,신규,
HM-260628-0001,2026-06-28,18:43,자사몰,,SB-MO-EVM-Q,이브닝 모션 매트리스,Q,1,1166000,0,1166000,취소,설치(용인 설치1),광주,신규,
OH-260628-0004,2026-06-28,18:42,오늘의집,,SB-A-DPM,딥뮤트 수면안대,단일,1,29000,0,29000,배송완료,택배(안성1),서울,신규,
OH-260628-0004,2026-06-28,18:42,오늘의집,,SB-M-EVR-Q,이브닝 리버서블 매트리스,Q,1,388700,0,388700,배송완료,설치(용인 설치1),서울,신규,
HM-260628-0002,2026-06-28,07:31,자사몰,,SB-P-CLB,클라우드 버디 베개,단일,2,126400,0,126400,배송완료,택배(안성1),서울,신규,
NV-260628-0001,2026-06-28,18:27,네이버 브랜드스토어,,SB-M-EVS-Q,이브닝 스타릿 매트리스,Q,1,684800,0,684800,교환완료,설치(용인 설치1),충남,신규,
NV-260628-0002,2026-06-28,15:53,네이버 브랜드스토어,,SB-M-DFB-Q,딥플로우 밸런스 매트리스,Q,1,522200,0,522200,배송완료,설치(용인 설치1),울산,신규,
NV-260628-0002,2026-06-28,15:53,네이버 브랜드스토어,,SB-T-ARB7-Q,올라운드 밸런스 토퍼 매트리스 7cm,Q,1,296800,0,296800,배송완료,택배(안성1),울산,신규,
NV-260628-0003,2026-06-28,18:10,네이버 브랜드스토어,,SB-P-CLL,클라우드 LOW 경추 베개,단일,1,53600,0,53600,설치완료,택배(안성1),경남,신규,
ST-260628-0001,2026-06-28,19:07,직영매장,송파,SB-M-EVS-Q,이브닝 스타릿 매트리스,Q,1,741300,0,741300,배송완료,설치(용인 설치1),서울,재구매,
NV-260628-0004,2026-06-28,17:55,네이버 브랜드스토어,,SB-T-NMX-Q,더 뉴 맥시멈 토퍼 매트리스,Q,1,532500,0,532500,배송완료,택배(안성1),경기,신규,
HM-260629-0001,2026-06-29,14:14,자사몰,,SB-P-CLL,클라우드 LOW 경추 베개,단일,1,55200,0,55200,취소,택배(안성1),울산,신규,
NV-260629-0001,2026-06-29,11:45,네이버 브랜드스토어,,SB-T-NMX-Q,더 뉴 맥시멈 토퍼 매트리스,Q,1,532500,0,532500,설치완료,택배(안성1),서울,신규,
NV-260629-0001,2026-06-29,11:45,네이버 브랜드스토어,,SB-T-ARB7-SS,올라운드 밸런스 토퍼 매트리스 7cm,SS,1,249900,0,249900,설치완료,택배(안성1),서울,신규,
NV-260629-0001,2026-06-29,11:45,네이버 브랜드스토어,,SB-F-BAU-G,바우 키즈 원목 가드형 데이베드 침대,SS,1,775000,0,775000,설치완료,설치(용인 설치1),서울,신규,
HM-260629-0002,2026-06-29,09:37,자사몰,,SB-M-EVR-S,이브닝 리버서블 매트리스,S,1,359900,0,359900,반품완료,설치(용인 설치1),대구,신규,
HM-260629-0003,2026-06-29,06:58,자사몰,,SB-A-DPM,딥뮤트 수면안대,단일,1,31200,0,31200,배송완료,택배(안성1),울산,재구매,
CP-260629-0001,2026-06-29,14:43,쿠팡 로켓,,SB-P-CLB,클라우드 버디 베개,단일,1,60000,0,60000,배송완료,택배(안성1),서울,신규,
NV-260629-0002,2026-06-29,13:16,네이버 브랜드스토어,,SB-T-ARB7-Q,올라운드 밸런스 토퍼 매트리스 7cm,Q,1,296800,0,296800,배송완료,택배(안성1),경남,재구매,
NV-260629-0002,2026-06-29,13:16,네이버 브랜드스토어,,SB-F-BAU-G,바우 키즈 원목 가드형 데이베드 침대,SS,1,775000,0,775000,배송완료,설치(용인 설치1),경남,재구매,
NV-260629-0002,2026-06-29,13:16,네이버 브랜드스토어,,SB-M-DFB-Q,딥플로우 밸런스 매트리스,Q,1,522200,0,522200,배송완료,설치(용인 설치1),경남,재구매,
NV-260629-0003,2026-06-29,14:46,네이버 브랜드스토어,,SB-P-CLB,클라우드 버디 베개,단일,1,61300,0,61300,배송완료,택배(안성1),경남,재구매,
NV-260629-0003,2026-06-29,14:46,네이버 브랜드스토어,,SB-M-DFC-SS,딥플로우 컴포트 매트리스,SS,1,567400,0,567400,배송완료,설치(용인 설치1),경남,재구매,
NV-260629-0004,2026-06-29,16:56,네이버 브랜드스토어,,SB-T-ARB7-SS,올라운드 밸런스 토퍼 매트리스 7cm,SS,1,249900,0,249900,배송완료,택배(안성1),경기,재구매,
NV-260629-0005,2026-06-29,07:00,네이버 브랜드스토어,,SB-T-ARC-SS,올라운드 컴포트 토퍼 매트리스,SS,1,211800,0,211800,설치완료,택배(안성1),충남,신규,
HM-260629-0004,2026-06-29,20:17,자사몰,,SB-P-CLB,클라우드 버디 베개,단일,2,126400,0,126400,설치완료,택배(안성1),강원,신규,
SG-260629-0001,2026-06-29,20:55,SSG닷컴,,SB-T-ARC-Q,올라운드 컴포트 토퍼 매트리스,Q,2,504600,0,504600,설치완료,택배(안성1),부산,신규,
NV-260630-0001,2026-06-30,17:31,네이버 브랜드스토어,,SB-M-DFC-Q,딥플로우 컴포트 매트리스,Q,1,594400,0,594400,취소,설치(용인 설치1),경기,신규,
NV-260630-0002,2026-06-30,20:02,네이버 브랜드스토어,,SB-MO-EVM-Q,이브닝 모션 매트리스,Q,1,1131000,0,1131000,교환완료,설치(용인 설치1),경기,신규,
NV-260630-0002,2026-06-30,20:02,네이버 브랜드스토어,,SB-P-CLL,클라우드 LOW 경추 베개,단일,2,107200,0,107200,교환완료,택배(안성1),경기,신규,
CP-260630-0001,2026-06-30,16:50,쿠팡 로켓,,SB-M-DFC-Q,딥플로우 컴포트 매트리스,Q,1,582200,0,582200,배송완료,설치(용인 설치1),대구,재구매,
ST-260630-0001,2026-06-30,12:37,직영매장,슬로우나잇 논현,SB-P-CLL,클라우드 LOW 경추 베개,단일,1,58000,0,58000,배송완료,매장수령,서울,신규,
NV-260630-0003,2026-06-30,11:30,네이버 브랜드스토어,,SB-M-DFB-Q,딥플로우 밸런스 매트리스,Q,1,522200,0,522200,설치완료,설치(용인 설치1),서울,신규,
NV-260630-0003,2026-06-30,11:30,네이버 브랜드스토어,,SB-T-NMX-Q,더 뉴 맥시멈 토퍼 매트리스,Q,1,532500,0,532500,설치완료,택배(안성1),서울,신규,
NV-260630-0004,2026-06-30,12:28,네이버 브랜드스토어,,SB-T-ARB7-Q,올라운드 밸런스 토퍼 매트리스 7cm,Q,1,296800,0,296800,설치완료,택배(안성1),서울,재구매,
NV-260630-0004,2026-06-30,12:28,네이버 브랜드스토어,,SB-M-ORG-Q,오리지널 매트리스 미디엄 소프트,Q,1,460800,0,460800,설치완료,설치(용인 설치1),서울,재구매,
ST-260630-0002,2026-06-30,11:02,직영매장,슬로우나잇 논현,SB-P-CLB,클라우드 버디 베개,단일,1,66400,0,66400,교환완료,매장수령,서울,신규,
CP-260630-0002,2026-06-30,18:46,쿠팡 로켓,,SB-F-AMD-K,아몬드 무헤드형 침대,K,1,883500,0,883500,배송완료,설치(용인 설치1),대전,신규,
HM-260630-0001,2026-06-30,19:42,자사몰,,SB-M-DFC-SS,딥플로우 컴포트 매트리스,SS,1,585000,0,585000,반품완료,설치(용인 설치1),대구,신규,
HM-260630-0002,2026-06-30,07:07,자사몰,,SB-M-EVR-SS,이브닝 리버서블 매트리스,SS,1,392000,0,392000,배송완료,설치(용인 설치1),서울,재구매,
CP-260630-0003,2026-06-30,11:19,쿠팡 로켓,,SB-P-CLL,클라우드 LOW 경추 베개,단일,1,52500,0,52500,배송완료,택배(안성1),울산,재구매,
SG-260630-0001,2026-06-30,14:37,SSG닷컴,,SB-M-DFB-SS,딥플로우 밸런스 매트리스,SS,1,503700,0,503700,배송완료,설치(용인 설치1),경남,신규,
ST-260630-0003,2026-06-30,19:33,직영매장,슬로우나잇 논현,SB-M-ORG-Q,오리지널 매트리스 미디엄 소프트,Q,1,498800,0,498800,교환완료,설치(용인 설치1),광주,신규,
CP-260630-0004,2026-06-30,06:06,쿠팡 로켓,,SB-M-MFM-K,미드나잇 풀문 매트리스,K,1,970900,0,970900,배송완료,설치(용인 설치1),경남,재구매,
NV-260701-0001,2026-07-01,11:07,네이버 브랜드스토어,,SB-T-ARC-Q,올라운드 컴포트 토퍼 매트리스,Q,1,249700,74900,174800,반품완료,택배(안성1),경기,신규,EX-2026-03
ST-260701-0001,2026-07-01,01:16,직영매장,노원,SB-T-ARB7-Q,올라운드 밸런스 토퍼 매트리스 7cm,Q,1,321300,0,321300,배송완료,설치(용인 설치1),인천,신규,
ST-260701-0001,2026-07-01,01:16,직영매장,노원,SB-T-NMX-SS,더 뉴 맥시멈 토퍼 매트리스,SS,2,964000,0,964000,배송완료,설치(용인 설치1),인천,신규,
ST-260701-0001,2026-07-01,01:16,직영매장,노원,SB-T-ARB5-Q,올라운드 밸런스 토퍼 매트리스 5cm,Q,1,318600,0,318600,배송완료,설치(용인 설치1),인천,신규,
NV-260701-0002,2026-07-01,15:16,네이버 브랜드스토어,,SB-P-CLL,클라우드 LOW 경추 베개,단일,1,53600,0,53600,설치완료,택배(안성1),부산,신규,
NV-260701-0003,2026-07-01,15:22,네이버 브랜드스토어,,SB-T-ARC-Q,올라운드 컴포트 토퍼 매트리스,Q,1,249700,74900,174800,배송완료,택배(안성1),경기,신규,EX-2026-03
NV-260701-0004,2026-07-01,19:03,네이버 브랜드스토어,,SB-P-CLL,클라우드 LOW 경추 베개,단일,1,53600,0,53600,설치완료,택배(안성1),인천,신규,
NV-260701-0005,2026-07-01,12:24,네이버 브랜드스토어,,SB-MO-EVM-SS,이브닝 모션 매트리스,SS,1,1039800,0,1039800,배송완료,설치(용인 설치1),경남,신규,
NV-260701-0005,2026-07-01,12:24,네이버 브랜드스토어,,SB-T-ARB7-Q,올라운드 밸런스 토퍼 매트리스 7cm,Q,1,296800,85300,211500,배송완료,택배(안성1),경남,신규,EX-2026-03
CP-260701-0001,2026-07-01,14:22,쿠팡 로켓,,SB-T-ARB7-Q,올라운드 밸런스 토퍼 매트리스 7cm,Q,2,581400,0,581400,배송완료,택배(안성1),경기,신규,
CJ-260701-0001,2026-07-01,15:43,CJ온스타일,,SB-T-ARB5-Q,올라운드 밸런스 토퍼 매트리스 5cm,Q,1,291300,0,291300,교환완료,택배(안성1),경기,신규,
ST-260701-0002,2026-07-01,15:05,직영매장,노원,SB-T-ARC-Q,올라운드 컴포트 토퍼 매트리스,Q,1,270300,0,270300,교환완료,설치(용인 설치1),인천,신규,
HM-260701-0001,2026-07-01,22:30,자사몰,,SB-T-NMX-Q,더 뉴 맥시멈 토퍼 매트리스,Q,1,549000,0,549000,배송중,택배(안성1),경기,재구매,
NV-260701-0006,2026-07-01,17:38,네이버 브랜드스토어,,SB-T-ARC-Q,올라운드 컴포트 토퍼 매트리스,Q,1,249700,74900,174800,배송완료,택배(안성1),경기,신규,EX-2026-03
NV-260701-0007,2026-07-01,15:23,네이버 브랜드스토어,,SB-T-ARB5-Q,올라운드 밸런스 토퍼 매트리스 5cm,Q,1,294300,84700,209600,반품완료,택배(안성1),인천,신규,EX-2026-03
NV-260701-0008,2026-07-01,19:02,네이버 브랜드스토어,,SB-T-ARB7-SS,올라운드 밸런스 토퍼 매트리스 7cm,SS,1,249900,0,249900,취소,택배(안성1),서울,재구매,
NV-260701-0008,2026-07-01,19:02,네이버 브랜드스토어,,SB-T-ARB7-Q,올라운드 밸런스 토퍼 매트리스 7cm,Q,1,296800,85300,211500,취소,택배(안성1),서울,재구매,EX-2026-03
NV-260701-0009,2026-07-01,06:23,네이버 브랜드스토어,,SB-T-ARB7-Q,올라운드 밸런스 토퍼 매트리스 7cm,Q,1,296800,85300,211500,배송완료,택배(안성1),경기,재구매,EX-2026-03
NV-260701-0010,2026-07-01,09:05,네이버 브랜드스토어,,SB-T-ARB7-Q,올라운드 밸런스 토퍼 매트리스 7cm,Q,1,296800,85300,211500,배송완료,택배(안성1),광주,신규,EX-2026-03
NV-260701-0011,2026-07-01,07:09,네이버 브랜드스토어,,SB-T-ARB7-Q,올라운드 밸런스 토퍼 매트리스 7cm,Q,2,593600,170600,423000,반품완료,택배(안성1),서울,재구매,EX-2026-03
NV-260701-0011,2026-07-01,07:09,네이버 브랜드스토어,,SB-T-ARC-Q,올라운드 컴포트 토퍼 매트리스,Q,1,249700,74900,174800,반품완료,택배(안성1),서울,재구매,EX-2026-03
NV-260701-0012,2026-07-01,19:58,네이버 브랜드스토어,,SB-T-ARB5-Q,올라운드 밸런스 토퍼 매트리스 5cm,Q,1,294300,84700,209600,반품완료,택배(안성1),경기,신규,EX-2026-03
NV-260701-0013,2026-07-01,12:37,네이버 브랜드스토어,,SB-T-ARB7-Q,올라운드 밸런스 토퍼 매트리스 7cm,Q,1,296800,85300,211500,배송완료,택배(안성1),부산,신규,EX-2026-03
NV-260701-0014,2026-07-01,09:42,네이버 브랜드스토어,,SB-T-ARC-Q,올라운드 컴포트 토퍼 매트리스,Q,1,249700,74900,174800,배송완료,택배(안성1),강원,신규,EX-2026-03
NV-260701-0015,2026-07-01,20:00,네이버 브랜드스토어,,SB-M-EVR-Q,이브닝 리버서블 매트리스,Q,1,405500,0,405500,배송완료,설치(용인 설치1),서울,신규,
ST-260701-0003,2026-07-01,20:27,직영매장,대전둔산,SB-P-CLL,클라우드 LOW 경추 베개,단일,1,58000,0,58000,배송중,매장수령,충남,신규,
ST-260701-0003,2026-07-01,20:27,직영매장,대전둔산,SB-T-ARB5-Q,올라운드 밸런스 토퍼 매트리스 5cm,Q,1,318600,0,318600,배송중,설치(용인 설치1),충남,신규,
ST-260701-0003,2026-07-01,20:27,직영매장,대전둔산,SB-T-ARB5-SS,올라운드 밸런스 토퍼 매트리스 5cm,SS,2,533800,0,533800,배송중,설치(용인 설치1),충남,신규,
NV-260701-0016,2026-07-01,13:45,네이버 브랜드스토어,,SB-T-ARC-Q,올라운드 컴포트 토퍼 매트리스,Q,1,249700,74900,174800,설치완료,택배(안성1),인천,재구매,EX-2026-03
NV-260701-0017,2026-07-01,13:05,네이버 브랜드스토어,,SB-T-ARC-Q,올라운드 컴포트 토퍼 매트리스,Q,1,249700,74900,174800,배송완료,택배(안성1),부산,신규,EX-2026-03
ST-260701-0004,2026-07-01,09:27,직영매장,슬로우나잇 논현,SB-T-ARB7-Q,올라운드 밸런스 토퍼 매트리스 7cm,Q,1,321300,0,321300,배송완료,설치(용인 설치1),경기,신규,
ST-260701-0004,2026-07-01,09:27,직영매장,슬로우나잇 논현,SB-A-DPM,딥뮤트 수면안대,단일,1,32800,0,32800,배송완료,매장수령,경기,신규,
ST-260701-0005,2026-07-01,20:52,직영매장,슬로우나잇 논현,SB-T-ARB5-Q,올라운드 밸런스 토퍼 매트리스 5cm,Q,1,318600,0,318600,반품완료,설치(용인 설치1),경기,신규,
ST-260701-0006,2026-07-01,18:56,직영매장,노원,SB-T-ARB5-Q,올라운드 밸런스 토퍼 매트리스 5cm,Q,1,318600,0,318600,배송완료,설치(용인 설치1),서울,신규,
ST-260701-0006,2026-07-01,18:56,직영매장,노원,SB-P-CLB,클라우드 버디 베개,단일,2,132800,0,132800,배송완료,매장수령,서울,신규,
NV-260701-0018,2026-07-01,16:04,네이버 브랜드스토어,,SB-T-ARB7-Q,올라운드 밸런스 토퍼 매트리스 7cm,Q,1,296800,85300,211500,배송완료,택배(안성1),대구,신규,EX-2026-03
NV-260701-0018,2026-07-01,16:04,네이버 브랜드스토어,,SB-T-ARB5-Q,올라운드 밸런스 토퍼 매트리스 5cm,Q,1,294300,84700,209600,배송완료,택배(안성1),대구,신규,EX-2026-03
SG-260701-0001,2026-07-01,10:33,SSG닷컴,,SB-M-DFB-SS,딥플로우 밸런스 매트리스,SS,1,503700,0,503700,설치완료,설치(용인 설치1),경기,신규,
NV-260701-0019,2026-07-01,08:10,네이버 브랜드스토어,,SB-T-ARB7-Q,올라운드 밸런스 토퍼 매트리스 7cm,Q,1,296800,85300,211500,배송완료,택배(안성1),강원,신규,EX-2026-03
NV-260701-0019,2026-07-01,08:10,네이버 브랜드스토어,,SB-M-DFB-Q,딥플로우 밸런스 매트리스,Q,1,522200,0,522200,배송완료,설치(용인 설치1),강원,신규,
NV-260701-0020,2026-07-01,12:13,네이버 브랜드스토어,,SB-T-ARB5-Q,올라운드 밸런스 토퍼 매트리스 5cm,Q,1,294300,84700,209600,설치완료,택배(안성1),부산,신규,EX-2026-03
NV-260701-0021,2026-07-01,21:16,네이버 브랜드스토어,,SB-T-ARB7-Q,올라운드 밸런스 토퍼 매트리스 7cm,Q,1,296800,85300,211500,설치완료,택배(안성1),경남,재구매,EX-2026-03
NV-260701-0022,2026-07-01,23:38,네이버 브랜드스토어,,SB-T-ARC-Q,올라운드 컴포트 토퍼 매트리스,Q,1,249700,74900,174800,배송완료,택배(안성1),제주,신규,EX-2026-03
NV-260701-0023,2026-07-01,19:36,네이버 브랜드스토어,,SB-T-ARB7-Q,올라운드 밸런스 토퍼 매트리스 7cm,Q,2,593600,170600,423000,설치완료,택배(안성1),대구,신규,EX-2026-03
CP-260701-0002,2026-07-01,14:00,쿠팡 로켓,,SB-T-ARB5-Q,올라운드 밸런스 토퍼 매트리스 5cm,Q,1,288200,0,288200,배송완료,택배(안성1),서울,신규,
NV-260701-0024,2026-07-01,20:02,네이버 브랜드스토어,,SB-P-CLL,클라우드 LOW 경추 베개,단일,1,53600,0,53600,배송완료,택배(안성1),제주,신규,
NV-260701-0025,2026-07-01,14:17,네이버 브랜드스토어,,SB-T-ARC-Q,올라운드 컴포트 토퍼 매트리스,Q,1,249700,74900,174800,배송완료,택배(안성1),경남,신규,EX-2026-03
SG-260701-0002,2026-07-01,13:53,SSG닷컴,,SB-T-ARB5-Q,올라운드 밸런스 토퍼 매트리스 5cm,Q,1,297300,0,297300,배송중,택배(안성1),서울,신규,
NV-260701-0026,2026-07-01,21:37,네이버 브랜드스토어,,SB-T-ARB7-Q,올라운드 밸런스 토퍼 매트리스 7cm,Q,2,593600,170600,423000,배송완료,택배(안성1),대구,신규,EX-2026-03
ST-260701-0007,2026-07-01,18:09,직영매장,슬로우나잇 스타필드 수원,SB-T-ARC-Q,올라운드 컴포트 토퍼 매트리스,Q,1,270300,0,270300,설치완료,설치(용인 설치1),강원,신규,
SG-260701-0003,2026-07-01,00:58,SSG닷컴,,SB-M-DFB-Q,딥플로우 밸런스 매트리스,Q,1,527600,0,527600,배송완료,설치(용인 설치1),대구,신규,
NV-260701-0027,2026-07-01,11:30,네이버 브랜드스토어,,SB-T-ARC-Q,올라운드 컴포트 토퍼 매트리스,Q,1,249700,74900,174800,반품완료,택배(안성1),서울,신규,EX-2026-03
NV-260701-0028,2026-07-01,20:38,네이버 브랜드스토어,,SB-T-ARCP-Q,올라운드 컴포트 플러스 토퍼 매트리스,Q,1,286000,0,286000,배송완료,택배(안성1),서울,신규,
NV-260701-0029,2026-07-01,19:35,네이버 브랜드스토어,,SB-A-DPM,딥뮤트 수면안대,단일,1,30300,0,30300,배송완료,택배(안성1),서울,재구매,
NV-260701-0029,2026-07-01,19:35,네이버 브랜드스토어,,SB-T-ARC-Q,올라운드 컴포트 토퍼 매트리스,Q,1,249700,74900,174800,배송완료,택배(안성1),서울,재구매,EX-2026-03
NV-260701-0030,2026-07-01,12:42,네이버 브랜드스토어,,SB-T-ARB7-Q,올라운드 밸런스 토퍼 매트리스 7cm,Q,2,593600,170600,423000,배송완료,택배(안성1),경기,신규,EX-2026-03
OH-260701-0001,2026-07-01,11:34,오늘의집,,SB-T-MAX-SS,맥시멈 토퍼 매트리스,SS,1,426900,0,426900,배송완료,택배(안성1),강원,신규,
OH-260701-0002,2026-07-01,11:28,오늘의집,,SB-T-ARC-Q,올라운드 컴포트 토퍼 매트리스,Q,1,239400,0,239400,배송완료,택배(안성1),충남,신규,
NV-260701-0031,2026-07-01,22:42,네이버 브랜드스토어,,SB-T-ARB7-Q,올라운드 밸런스 토퍼 매트리스 7cm,Q,1,296800,85300,211500,배송완료,택배(안성1),서울,신규,EX-2026-03
NV-260701-0032,2026-07-01,19:38,네이버 브랜드스토어,,SB-T-ARB5-Q,올라운드 밸런스 토퍼 매트리스 5cm,Q,1,294300,84700,209600,배송완료,택배(안성1),경기,신규,EX-2026-03
NV-260701-0033,2026-07-01,16:34,네이버 브랜드스토어,,SB-T-ARC-Q,올라운드 컴포트 토퍼 매트리스,Q,1,249700,74900,174800,설치완료,택배(안성1),서울,신규,EX-2026-03
NV-260701-0034,2026-07-01,16:26,네이버 브랜드스토어,,SB-T-ARB5-Q,올라운드 밸런스 토퍼 매트리스 5cm,Q,1,294300,84700,209600,반품완료,택배(안성1),울산,신규,EX-2026-03
NV-260701-0035,2026-07-01,14:06,네이버 브랜드스토어,,SB-T-ARB5-Q,올라운드 밸런스 토퍼 매트리스 5cm,Q,1,294300,84700,209600,배송완료,택배(안성1),강원,신규,EX-2026-03
NV-260701-0036,2026-07-01,09:45,네이버 브랜드스토어,,SB-T-ARB7-Q,올라운드 밸런스 토퍼 매트리스 7cm,Q,1,296800,85300,211500,취소,택배(안성1),경기,재구매,EX-2026-03
NV-260701-0037,2026-07-01,22:25,네이버 브랜드스토어,,SB-T-ARB5-Q,올라운드 밸런스 토퍼 매트리스 5cm,Q,1,294300,84700,209600,설치완료,택배(안성1),광주,신규,EX-2026-03
NV-260701-0038,2026-07-01,21:09,네이버 브랜드스토어,,SB-T-ARB7-Q,올라운드 밸런스 토퍼 매트리스 7cm,Q,1,296800,85300,211500,배송완료,택배(안성1),서울,재구매,EX-2026-03
NV-260701-0039,2026-07-01,13:18,네이버 브랜드스토어,,SB-T-ARB5-SS,올라운드 밸런스 토퍼 매트리스 5cm,SS,1,246600,0,246600,설치완료,택배(안성1),대전,신규,
NV-260701-0040,2026-07-01,14:17,네이버 브랜드스토어,,SB-T-ARB7-Q,올라운드 밸런스 토퍼 매트리스 7cm,Q,1,296800,85300,211500,배송완료,택배(안성1),인천,신규,EX-2026-03
NV-260701-0040,2026-07-01,14:17,네이버 브랜드스토어,,SB-M-DFB-Q,딥플로우 밸런스 매트리스,Q,1,522200,0,522200,배송완료,설치(용인 설치1),인천,신규,
NV-260701-0041,2026-07-01,20:10,네이버 브랜드스토어,,SB-M-MFM-Q,미드나잇 풀문 매트리스,Q,1,900200,0,900200,배송완료,설치(용인 설치1),경기,신규,
NV-260701-0042,2026-07-01,08:06,네이버 브랜드스토어,,SB-T-NMX-SS,더 뉴 맥시멈 토퍼 매트리스,SS,1,445200,0,445200,반품완료,택배(안성1),인천,신규,
NV-260702-0001,2026-07-02,20:53,네이버 브랜드스토어,,SB-T-ARB5-Q,올라운드 밸런스 토퍼 매트리스 5cm,Q,1,294300,84700,209600,배송완료,택배(안성1),경기,신규,EX-2026-03
NV-260702-0002,2026-07-02,11:16,네이버 브랜드스토어,,SB-T-ARB7-Q,올라운드 밸런스 토퍼 매트리스 7cm,Q,1,296800,85300,211500,배송중,택배(안성1),서울,신규,EX-2026-03
NV-260702-0003,2026-07-02,21:06,네이버 브랜드스토어,,SB-M-MFM-K,미드나잇 풀문 매트리스,K,1,991300,0,991300,설치완료,설치(용인 설치1),경기,신규,
NV-260702-0004,2026-07-02,10:38,네이버 브랜드스토어,,SB-T-ARB7-Q,올라운드 밸런스 토퍼 매트리스 7cm,Q,2,593600,170600,423000,취소,택배(안성1),제주,재구매,EX-2026-03
ST-260702-0001,2026-07-02,19:29,직영매장,송파,SB-T-ARB7-SS,올라운드 밸런스 토퍼 매트리스 7cm,SS,1,270500,0,270500,반품완료,설치(용인 설치1),경기,신규,
NV-260702-0005,2026-07-02,11:49,네이버 브랜드스토어,,SB-T-ARC-Q,올라운드 컴포트 토퍼 매트리스,Q,1,249700,74900,174800,취소,택배(안성1),인천,신규,EX-2026-03
NV-260702-0006,2026-07-02,21:06,네이버 브랜드스토어,,SB-T-ARB5-Q,올라운드 밸런스 토퍼 매트리스 5cm,Q,1,294300,84700,209600,배송완료,택배(안성1),서울,재구매,EX-2026-03
NV-260702-0006,2026-07-02,21:06,네이버 브랜드스토어,,SB-T-ARB7-Q,올라운드 밸런스 토퍼 매트리스 7cm,Q,1,296800,85300,211500,배송완료,택배(안성1),서울,재구매,EX-2026-03
NV-260702-0006,2026-07-02,21:06,네이버 브랜드스토어,,SB-M-DFC-Q,딥플로우 컴포트 매트리스,Q,1,594400,0,594400,배송완료,설치(용인 설치1),서울,재구매,
NV-260702-0007,2026-07-02,17:55,네이버 브랜드스토어,,SB-T-GRB-SS,그라운드 밸런스 토퍼 매트리스,SS,2,1012600,0,1012600,배송완료,택배(안성1),서울,신규,
NV-260702-0008,2026-07-02,17:22,네이버 브랜드스토어,,SB-T-ARB5-Q,올라운드 밸런스 토퍼 매트리스 5cm,Q,1,294300,84700,209600,설치완료,택배(안성1),서울,신규,EX-2026-03
NV-260702-0008,2026-07-02,17:22,네이버 브랜드스토어,,SB-T-ARB7-Q,올라운드 밸런스 토퍼 매트리스 7cm,Q,1,296800,85300,211500,설치완료,택배(안성1),서울,신규,EX-2026-03
NV-260702-0008,2026-07-02,17:22,네이버 브랜드스토어,,SB-T-ARC-Q,올라운드 컴포트 토퍼 매트리스,Q,1,249700,74900,174800,설치완료,택배(안성1),서울,신규,EX-2026-03
NV-260702-0009,2026-07-02,09:42,네이버 브랜드스토어,,SB-T-ARB7-Q,올라운드 밸런스 토퍼 매트리스 7cm,Q,1,296800,85300,211500,설치완료,택배(안성1),경기,재구매,EX-2026-03
NV-260702-0010,2026-07-02,10:28,네이버 브랜드스토어,,SB-MO-EVM-SS,이브닝 모션 매트리스,SS,1,1039800,0,1039800,취소,설치(용인 설치1),서울,재구매,
CJ-260702-0001,2026-07-02,16:46,CJ온스타일,,SB-T-NMX-Q,더 뉴 맥시멈 토퍼 매트리스,Q,1,527000,0,527000,배송완료,택배(안성1),서울,신규,
NV-260702-0011,2026-07-02,10:13,네이버 브랜드스토어,,SB-M-ORG-Q,오리지널 매트리스 미디엄 소프트,Q,1,460800,0,460800,배송완료,설치(용인 설치1),울산,신규,
OH-260702-0001,2026-07-02,07:15,오늘의집,,SB-T-ARB7-Q,올라운드 밸런스 토퍼 매트리스 7cm,Q,1,284600,0,284600,배송완료,택배(안성1),서울,신규,
NV-260702-0012,2026-07-02,18:37,네이버 브랜드스토어,,SB-T-ARC-Q,올라운드 컴포트 토퍼 매트리스,Q,2,499400,149800,349600,취소,택배(안성1),부산,신규,EX-2026-03
HM-260702-0001,2026-07-02,21:18,자사몰,,SB-A-DPM,딥뮤트 수면안대,단일,1,31200,0,31200,설치완료,택배(안성1),대전,신규,
NV-260702-0013,2026-07-02,14:48,네이버 브랜드스토어,,SB-T-ARB5-Q,올라운드 밸런스 토퍼 매트리스 5cm,Q,1,294300,84700,209600,배송완료,택배(안성1),충남,재구매,EX-2026-03
NV-260702-0014,2026-07-02,16:36,네이버 브랜드스토어,,SB-T-ARB7-Q,올라운드 밸런스 토퍼 매트리스 7cm,Q,1,296800,85300,211500,설치완료,택배(안성1),경기,신규,EX-2026-03
HM-260702-0002,2026-07-02,08:52,자사몰,,SB-T-ARB7-Q,올라운드 밸런스 토퍼 매트리스 7cm,Q,2,612000,0,612000,반품완료,택배(안성1),인천,신규,
NV-260702-0015,2026-07-02,11:39,네이버 브랜드스토어,,SB-T-ARC-Q,올라운드 컴포트 토퍼 매트리스,Q,1,249700,74900,174800,배송완료,택배(안성1),경기,신규,EX-2026-03
ST-260702-0002,2026-07-02,17:31,직영매장,슬로우나잇 논현,SB-T-ARB5-Q,올라운드 밸런스 토퍼 매트리스 5cm,Q,1,318600,0,318600,취소,설치(용인 설치1),경기,재구매,
SG-260702-0001,2026-07-02,11:38,SSG닷컴,,SB-T-ARC-Q,올라운드 컴포트 토퍼 매트리스,Q,1,252300,0,252300,배송완료,택배(안성1),서울,신규,
SG-260702-0001,2026-07-02,11:38,SSG닷컴,,SB-T-ARB7-SS,올라운드 밸런스 토퍼 매트리스 7cm,SS,1,252500,0,252500,배송완료,택배(안성1),서울,신규,
ST-260702-0003,2026-07-02,17:27,직영매장,대전둔산,SB-T-ARB7-Q,올라운드 밸런스 토퍼 매트리스 7cm,Q,1,321300,0,321300,설치완료,설치(용인 설치1),서울,신규,
ST-260702-0003,2026-07-02,17:27,직영매장,대전둔산,SB-T-ARB5-Q,올라운드 밸런스 토퍼 매트리스 5cm,Q,2,637200,0,637200,설치완료,설치(용인 설치1),서울,신규,
OH-260702-0002,2026-07-02,15:18,오늘의집,,SB-T-ARC-Q,올라운드 컴포트 토퍼 매트리스,Q,1,239400,0,239400,설치완료,택배(안성1),부산,신규,
NV-260702-0016,2026-07-02,13:30,네이버 브랜드스토어,,SB-T-ARB7-Q,올라운드 밸런스 토퍼 매트리스 7cm,Q,1,296800,85300,211500,설치완료,택배(안성1),울산,신규,EX-2026-03
NV-260702-0017,2026-07-02,09:49,네이버 브랜드스토어,,SB-T-ARC-Q,올라운드 컴포트 토퍼 매트리스,Q,1,249700,74900,174800,배송완료,택배(안성1),충남,신규,EX-2026-03
NV-260702-0017,2026-07-02,09:49,네이버 브랜드스토어,,SB-T-ARB5-Q,올라운드 밸런스 토퍼 매트리스 5cm,Q,1,294300,84700,209600,배송완료,택배(안성1),충남,신규,EX-2026-03
SG-260702-0002,2026-07-02,18:13,SSG닷컴,,SB-T-ARC-Q,올라운드 컴포트 토퍼 매트리스,Q,1,252300,0,252300,배송완료,택배(안성1),경기,재구매,
NV-260702-0018,2026-07-02,18:48,네이버 브랜드스토어,,SB-T-ARC-Q,올라운드 컴포트 토퍼 매트리스,Q,2,499400,149800,349600,배송완료,택배(안성1),경기,재구매,EX-2026-03
NV-260702-0019,2026-07-02,09:31,네이버 브랜드스토어,,SB-T-ARB7-Q,올라운드 밸런스 토퍼 매트리스 7cm,Q,1,296800,85300,211500,배송완료,택배(안성1),경기,신규,EX-2026-03
ST-260702-0004,2026-07-02,09:46,직영매장,슬로우나잇 논현,SB-M-EVR-Q,이브닝 리버서블 매트리스,Q,1,438900,0,438900,반품완료,설치(용인 설치1),서울,재구매,
NV-260702-0020,2026-07-02,15:57,네이버 브랜드스토어,,SB-T-ARB5-Q,올라운드 밸런스 토퍼 매트리스 5cm,Q,1,294300,84700,209600,반품완료,택배(안성1),서울,신규,EX-2026-03
ST-260702-0005,2026-07-02,07:34,직영매장,대전둔산,SB-T-ARC-Q,올라운드 컴포트 토퍼 매트리스,Q,1,270300,0,270300,배송중,설치(용인 설치1),서울,신규,
ST-260702-0006,2026-07-02,10:29,직영매장,용산,SB-T-ARB7-Q,올라운드 밸런스 토퍼 매트리스 7cm,Q,1,321300,0,321300,설치완료,설치(용인 설치1),부산,신규,
NV-260702-0021,2026-07-02,15:02,네이버 브랜드스토어,,SB-T-NMX-SS,더 뉴 맥시멈 토퍼 매트리스,SS,1,445200,0,445200,배송완료,택배(안성1),대구,신규,
NV-260702-0022,2026-07-02,17:29,네이버 브랜드스토어,,SB-T-ARB5-Q,올라운드 밸런스 토퍼 매트리스 5cm,Q,1,294300,84700,209600,교환완료,택배(안성1),서울,신규,EX-2026-03
NV-260702-0023,2026-07-02,20:39,네이버 브랜드스토어,,SB-T-ARB5-Q,올라운드 밸런스 토퍼 매트리스 5cm,Q,1,294300,84700,209600,교환완료,택배(안성1),대구,재구매,EX-2026-03
NV-260702-0024,2026-07-02,12:39,네이버 브랜드스토어,,SB-T-ARB5-Q,올라운드 밸런스 토퍼 매트리스 5cm,Q,1,294300,84700,209600,반품완료,택배(안성1),대전,신규,EX-2026-03
NV-260702-0025,2026-07-02,14:14,네이버 브랜드스토어,,SB-T-ARB7-Q,올라운드 밸런스 토퍼 매트리스 7cm,Q,1,296800,85300,211500,배송완료,택배(안성1),울산,신규,EX-2026-03
NV-260702-0026,2026-07-02,18:20,네이버 브랜드스토어,,SB-T-ARC-Q,올라운드 컴포트 토퍼 매트리스,Q,1,249700,74900,174800,배송완료,택배(안성1),경기,신규,EX-2026-03
NV-260702-0027,2026-07-02,06:49,네이버 브랜드스토어,,SB-T-ARC-SS,올라운드 컴포트 토퍼 매트리스,SS,1,211800,0,211800,설치완료,택배(안성1),인천,재구매,
NV-260702-0028,2026-07-02,13:13,네이버 브랜드스토어,,SB-M-EVR-Q,이브닝 리버서블 매트리스,Q,1,405500,0,405500,배송완료,설치(용인 설치1),대구,신규,
CP-260702-0001,2026-07-02,06:56,쿠팡 로켓,,SB-T-ARB7-Q,올라운드 밸런스 토퍼 매트리스 7cm,Q,1,290700,0,290700,배송완료,택배(안성1),경기,신규,
NV-260702-0029,2026-07-02,12:32,네이버 브랜드스토어,,SB-T-ARC-Q,올라운드 컴포트 토퍼 매트리스,Q,1,249700,74900,174800,반품완료,택배(안성1),서울,신규,EX-2026-03
NV-260702-0030,2026-07-02,08:50,네이버 브랜드스토어,,SB-T-ARC-Q,올라운드 컴포트 토퍼 매트리스,Q,1,249700,74900,174800,배송완료,택배(안성1),경기,신규,EX-2026-03
OH-260702-0003,2026-07-02,20:41,오늘의집,,SB-M-EVR-SS,이브닝 리버서블 매트리스,SS,1,364600,0,364600,배송중,설치(용인 설치1),서울,신규,
NV-260702-0031,2026-07-02,06:14,네이버 브랜드스토어,,SB-T-ARC-Q,올라운드 컴포트 토퍼 매트리스,Q,1,249700,74900,174800,설치완료,택배(안성1),대전,재구매,EX-2026-03
NV-260702-0032,2026-07-02,17:20,네이버 브랜드스토어,,SB-T-ARB7-Q,올라운드 밸런스 토퍼 매트리스 7cm,Q,1,296800,85300,211500,교환완료,택배(안성1),충남,신규,EX-2026-03
NV-260702-0033,2026-07-02,18:17,네이버 브랜드스토어,,SB-M-ORG-Q,오리지널 매트리스 미디엄 소프트,Q,1,460800,0,460800,배송완료,설치(용인 설치1),서울,신규,
NV-260702-0034,2026-07-02,14:55,네이버 브랜드스토어,,SB-T-ARB7-Q,올라운드 밸런스 토퍼 매트리스 7cm,Q,1,296800,85300,211500,설치완료,택배(안성1),서울,신규,EX-2026-03
NV-260702-0035,2026-07-02,10:56,네이버 브랜드스토어,,SB-T-ARB5-Q,올라운드 밸런스 토퍼 매트리스 5cm,Q,1,294300,84700,209600,반품완료,택배(안성1),대구,신규,EX-2026-03
NV-260702-0035,2026-07-02,10:56,네이버 브랜드스토어,,SB-T-ARB7-Q,올라운드 밸런스 토퍼 매트리스 7cm,Q,1,296800,85300,211500,반품완료,택배(안성1),대구,신규,EX-2026-03
NV-260702-0036,2026-07-02,19:52,네이버 브랜드스토어,,SB-T-ARB7-Q,올라운드 밸런스 토퍼 매트리스 7cm,Q,2,593600,170600,423000,배송완료,택배(안성1),부산,재구매,EX-2026-03
NV-260702-0036,2026-07-02,19:52,네이버 브랜드스토어,,SB-T-ARB5-Q,올라운드 밸런스 토퍼 매트리스 5cm,Q,2,588600,169400,419200,배송완료,택배(안성1),부산,재구매,EX-2026-03
NV-260702-0037,2026-07-02,15:45,네이버 브랜드스토어,,SB-T-ARB7-Q,올라운드 밸런스 토퍼 매트리스 7cm,Q,1,296800,85300,211500,배송완료,택배(안성1),경기,재구매,EX-2026-03
NV-260702-0037,2026-07-02,15:45,네이버 브랜드스토어,,SB-M-DFC-SS,딥플로우 컴포트 매트리스,SS,1,567400,0,567400,배송완료,설치(용인 설치1),경기,재구매,
NV-260702-0038,2026-07-02,22:37,네이버 브랜드스토어,,SB-T-ARC-Q,올라운드 컴포트 토퍼 매트리스,Q,2,499400,149800,349600,반품완료,택배(안성1),인천,신규,EX-2026-03
NV-260702-0039,2026-07-02,15:21,네이버 브랜드스토어,,SB-T-ARB7-Q,올라운드 밸런스 토퍼 매트리스 7cm,Q,1,296800,85300,211500,배송완료,택배(안성1),경기,신규,EX-2026-03
NV-260702-0040,2026-07-02,21:02,네이버 브랜드스토어,,SB-M-EVR-Q,이브닝 리버서블 매트리스,Q,1,405500,0,405500,배송완료,설치(용인 설치1),광주,재구매,
NV-260702-0041,2026-07-02,16:47,네이버 브랜드스토어,,SB-T-ARC-Q,올라운드 컴포트 토퍼 매트리스,Q,1,249700,74900,174800,취소,택배(안성1),충남,신규,EX-2026-03
NV-260702-0042,2026-07-02,16:48,네이버 브랜드스토어,,SB-T-ARC-Q,올라운드 컴포트 토퍼 매트리스,Q,1,249700,74900,174800,배송완료,택배(안성1),울산,신규,EX-2026-03
NV-260702-0043,2026-07-02,22:54,네이버 브랜드스토어,,SB-T-ARB7-Q,올라운드 밸런스 토퍼 매트리스 7cm,Q,1,296800,85300,211500,배송완료,택배(안성1),대전,신규,EX-2026-03
NV-260702-0044,2026-07-02,16:01,네이버 브랜드스토어,,SB-MO-EVM-Q,이브닝 모션 매트리스,Q,1,1131000,0,1131000,교환완료,설치(용인 설치1),강원,신규,
NV-260702-0045,2026-07-02,09:03,네이버 브랜드스토어,,SB-F-BAU-O,바우 키즈 원목 오픈형 데이베드 침대,SS,1,581000,0,581000,설치완료,설치(용인 설치1),서울,재구매,
NV-260702-0046,2026-07-02,20:56,네이버 브랜드스토어,,SB-T-ARB5-Q,올라운드 밸런스 토퍼 매트리스 5cm,Q,1,294300,84700,209600,반품완료,택배(안성1),경기,신규,EX-2026-03
NV-260702-0046,2026-07-02,20:56,네이버 브랜드스토어,,SB-T-ARC-Q,올라운드 컴포트 토퍼 매트리스,Q,1,249700,74900,174800,반품완료,택배(안성1),경기,신규,EX-2026-03
NV-260702-0047,2026-07-02,22:27,네이버 브랜드스토어,,SB-T-ARB7-SS,올라운드 밸런스 토퍼 매트리스 7cm,SS,2,499800,0,499800,배송완료,택배(안성1),경기,신규,
NV-260702-0048,2026-07-02,19:42,네이버 브랜드스토어,,SB-P-CLB,클라우드 버디 베개,단일,2,122600,0,122600,교환완료,택배(안성1),인천,신규,
ST-260702-0007,2026-07-02,10:17,직영매장,노원,SB-T-ARB7-Q,올라운드 밸런스 토퍼 매트리스 7cm,Q,1,321300,0,321300,교환완료,설치(용인 설치1),경남,신규,
HM-260703-0001,2026-07-03,13:44,자사몰,,SB-A-DPM,딥뮤트 수면안대,단일,2,62400,0,62400,배송중,택배(안성1),경기,재구매,
HM-260703-0001,2026-07-03,13:44,자사몰,,SB-P-CLL,클라우드 LOW 경추 베개,단일,1,55200,0,55200,배송중,택배(안성1),경기,재구매,
OH-260703-0001,2026-07-03,22:44,오늘의집,,SB-MO-MBL-SS,모션 밸런스드 매트리스,SS,1,1325200,0,1325200,반품완료,설치(용인 설치1),인천,신규,
OH-260703-0001,2026-07-03,22:44,오늘의집,,SB-T-ARB5-Q,올라운드 밸런스 토퍼 매트리스 5cm,Q,1,282200,0,282200,반품완료,택배(안성1),인천,신규,
NV-260703-0001,2026-07-03,12:25,네이버 브랜드스토어,,SB-M-EVR-Q,이브닝 리버서블 매트리스,Q,1,405500,0,405500,배송완료,설치(용인 설치1),경기,신규,
NV-260703-0002,2026-07-03,11:16,네이버 브랜드스토어,,SB-T-ARC-Q,올라운드 컴포트 토퍼 매트리스,Q,1,249700,74900,174800,배송완료,택배(안성1),서울,신규,EX-2026-03
CP-260703-0001,2026-07-03,10:56,쿠팡 로켓,,SB-T-ARC-Q,올라운드 컴포트 토퍼 매트리스,Q,1,244500,0,244500,배송완료,택배(안성1),경기,신규,
NV-260703-0003,2026-07-03,20:55,네이버 브랜드스토어,,SB-P-CLB,클라우드 버디 베개,단일,1,61300,0,61300,반품완료,택배(안성1),경기,재구매,
NV-260703-0004,2026-07-03,17:27,네이버 브랜드스토어,,SB-P-CLB,클라우드 버디 베개,단일,1,61300,0,61300,배송완료,택배(안성1),경기,신규,
OH-260703-0002,2026-07-03,20:41,오늘의집,,SB-M-DFC-Q,딥플로우 컴포트 매트리스,Q,1,569900,0,569900,배송완료,설치(용인 설치1),대전,재구매,
OH-260703-0002,2026-07-03,20:41,오늘의집,,SB-T-ARB5-Q,올라운드 밸런스 토퍼 매트리스 5cm,Q,2,564400,0,564400,배송완료,택배(안성1),대전,재구매,
HM-260703-0002,2026-07-03,18:36,자사몰,,SB-T-NMX-SS,더 뉴 맥시멈 토퍼 매트리스,SS,1,459000,0,459000,배송완료,택배(안성1),경기,신규,
NV-260703-0005,2026-07-03,18:02,네이버 브랜드스토어,,SB-T-ARB7-Q,올라운드 밸런스 토퍼 매트리스 7cm,Q,1,296800,85300,211500,설치완료,택배(안성1),대전,재구매,EX-2026-03
NV-260703-0006,2026-07-03,16:53,네이버 브랜드스토어,,SB-T-ARB5-Q,올라운드 밸런스 토퍼 매트리스 5cm,Q,1,294300,84700,209600,반품완료,택배(안성1),서울,신규,EX-2026-03
NV-260703-0006,2026-07-03,16:53,네이버 브랜드스토어,,SB-T-ARC-Q,올라운드 컴포트 토퍼 매트리스,Q,1,249700,74900,174800,반품완료,택배(안성1),서울,신규,EX-2026-03
NV-260703-0007,2026-07-03,15:35,네이버 브랜드스토어,,SB-T-ARB7-Q,올라운드 밸런스 토퍼 매트리스 7cm,Q,1,296800,85300,211500,반품완료,택배(안성1),경기,신규,EX-2026-03
NV-260703-0008,2026-07-03,17:46,네이버 브랜드스토어,,SB-T-ARB5-Q,올라운드 밸런스 토퍼 매트리스 5cm,Q,2,588600,169400,419200,배송완료,택배(안성1),서울,신규,EX-2026-03
NV-260703-0009,2026-07-03,22:26,네이버 브랜드스토어,,SB-T-ARC-Q,올라운드 컴포트 토퍼 매트리스,Q,1,249700,74900,174800,배송완료,택배(안성1),경기,신규,EX-2026-03
NV-260703-0010,2026-07-03,14:37,네이버 브랜드스토어,,SB-T-ARB5-Q,올라운드 밸런스 토퍼 매트리스 5cm,Q,1,294300,84700,209600,반품완료,택배(안성1),경기,신규,EX-2026-03
NV-260703-0010,2026-07-03,14:37,네이버 브랜드스토어,,SB-T-GRB-SS,그라운드 밸런스 토퍼 매트리스,SS,1,506300,0,506300,반품완료,택배(안성1),경기,신규,
NV-260703-0010,2026-07-03,14:37,네이버 브랜드스토어,,SB-T-ARC-Q,올라운드 컴포트 토퍼 매트리스,Q,1,249700,74900,174800,반품완료,택배(안성1),경기,신규,EX-2026-03
NV-260703-0011,2026-07-03,10:49,네이버 브랜드스토어,,SB-T-ARC-Q,올라운드 컴포트 토퍼 매트리스,Q,1,249700,74900,174800,배송완료,택배(안성1),광주,재구매,EX-2026-03
NV-260703-0012,2026-07-03,07:18,네이버 브랜드스토어,,SB-T-ARB7-Q,올라운드 밸런스 토퍼 매트리스 7cm,Q,1,296800,85300,211500,배송완료,택배(안성1),경남,신규,EX-2026-03
HM-260703-0003,2026-07-03,07:40,자사몰,,SB-T-ARC-SS,올라운드 컴포트 토퍼 매트리스,SS,2,436800,0,436800,배송완료,택배(안성1),울산,신규,
CJ-260703-0001,2026-07-03,13:40,CJ온스타일,,SB-T-ARC-Q,올라운드 컴포트 토퍼 매트리스,Q,1,247100,0,247100,배송완료,택배(안성1),경기,신규,
NV-260703-0013,2026-07-03,14:49,네이버 브랜드스토어,,SB-T-ARC-Q,올라운드 컴포트 토퍼 매트리스,Q,2,499400,149800,349600,설치완료,택배(안성1),대전,신규,EX-2026-03
NV-260703-0013,2026-07-03,14:49,네이버 브랜드스토어,,SB-T-ARB7-Q,올라운드 밸런스 토퍼 매트리스 7cm,Q,1,296800,85300,211500,설치완료,택배(안성1),대전,신규,EX-2026-03
NV-260703-0014,2026-07-03,14:38,네이버 브랜드스토어,,SB-T-ARB5-Q,올라운드 밸런스 토퍼 매트리스 5cm,Q,1,294300,84700,209600,배송완료,택배(안성1),광주,신규,EX-2026-03
NV-260703-0015,2026-07-03,20:16,네이버 브랜드스토어,,SB-T-ARC-Q,올라운드 컴포트 토퍼 매트리스,Q,1,249700,74900,174800,배송완료,택배(안성1),강원,신규,EX-2026-03
NV-260703-0016,2026-07-03,10:20,네이버 브랜드스토어,,SB-T-ARB7-SS,올라운드 밸런스 토퍼 매트리스 7cm,SS,1,249900,0,249900,설치완료,택배(안성1),경기,신규,
NV-260703-0016,2026-07-03,10:20,네이버 브랜드스토어,,SB-T-ARC-Q,올라운드 컴포트 토퍼 매트리스,Q,2,499400,149800,349600,설치완료,택배(안성1),경기,신규,EX-2026-03
HM-260703-0004,2026-07-03,14:21,자사몰,,SB-T-ARB7-Q,올라운드 밸런스 토퍼 매트리스 7cm,Q,1,306000,0,306000,설치완료,택배(안성1),제주,신규,
NV-260703-0017,2026-07-03,18:32,네이버 브랜드스토어,,SB-T-ARB7-Q,올라운드 밸런스 토퍼 매트리스 7cm,Q,1,296800,85300,211500,배송완료,택배(안성1),서울,신규,EX-2026-03
CP-260703-0002,2026-07-03,11:02,쿠팡 로켓,,SB-T-ARB5-Q,올라운드 밸런스 토퍼 매트리스 5cm,Q,2,576400,0,576400,배송완료,택배(안성1),경남,신규,
CP-260703-0002,2026-07-03,11:02,쿠팡 로켓,,SB-T-ARC-Q,올라운드 컴포트 토퍼 매트리스,Q,2,489000,0,489000,배송완료,택배(안성1),경남,신규,
NV-260703-0018,2026-07-03,07:51,네이버 브랜드스토어,,SB-T-ARC-Q,올라운드 컴포트 토퍼 매트리스,Q,1,249700,74900,174800,반품완료,택배(안성1),대구,신규,EX-2026-03
NV-260703-0019,2026-07-03,12:30,네이버 브랜드스토어,,SB-T-ARB5-Q,올라운드 밸런스 토퍼 매트리스 5cm,Q,2,588600,169400,419200,배송완료,택배(안성1),인천,신규,EX-2026-03
NV-260703-0020,2026-07-03,16:19,네이버 브랜드스토어,,SB-T-ARC-Q,올라운드 컴포트 토퍼 매트리스,Q,1,249700,74900,174800,취소,택배(안성1),경남,신규,EX-2026-03
NV-260703-0020,2026-07-03,16:19,네이버 브랜드스토어,,SB-T-ARB5-Q,올라운드 밸런스 토퍼 매트리스 5cm,Q,1,294300,84700,209600,취소,택배(안성1),경남,신규,EX-2026-03
NV-260703-0021,2026-07-03,03:42,네이버 브랜드스토어,,SB-T-ARB5-Q,올라운드 밸런스 토퍼 매트리스 5cm,Q,1,294300,84700,209600,배송중,택배(안성1),충남,신규,EX-2026-03
HM-260703-0005,2026-07-03,21:40,자사몰,,SB-P-CLB,클라우드 버디 베개,단일,1,63200,0,63200,설치완료,택배(안성1),서울,재구매,
CP-260703-0003,2026-07-03,17:18,쿠팡 로켓,,SB-T-ARB7-Q,올라운드 밸런스 토퍼 매트리스 7cm,Q,1,290700,0,290700,배송완료,택배(안성1),경남,신규,
CP-260703-0003,2026-07-03,17:18,쿠팡 로켓,,SB-T-ARB5-Q,올라운드 밸런스 토퍼 매트리스 5cm,Q,1,288200,0,288200,배송완료,택배(안성1),경남,신규,
NV-260703-0022,2026-07-03,16:31,네이버 브랜드스토어,,SB-T-ARC-Q,올라운드 컴포트 토퍼 매트리스,Q,1,249700,74900,174800,설치완료,택배(안성1),인천,재구매,EX-2026-03
NV-260703-0022,2026-07-03,16:31,네이버 브랜드스토어,,SB-T-ARB5-Q,올라운드 밸런스 토퍼 매트리스 5cm,Q,1,294300,84700,209600,설치완료,택배(안성1),인천,재구매,EX-2026-03
NV-260703-0023,2026-07-03,20:31,네이버 브랜드스토어,,SB-T-ARB7-Q,올라운드 밸런스 토퍼 매트리스 7cm,Q,1,296800,85300,211500,교환완료,택배(안성1),울산,신규,EX-2026-03
OH-260703-0003,2026-07-03,13:43,오늘의집,,SB-T-ARC-Q,올라운드 컴포트 토퍼 매트리스,Q,1,239400,0,239400,배송완료,택배(안성1),제주,신규,
OH-260703-0003,2026-07-03,13:43,오늘의집,,SB-T-ARB5-Q,올라운드 밸런스 토퍼 매트리스 5cm,Q,1,282200,0,282200,배송완료,택배(안성1),제주,신규,
NV-260703-0024,2026-07-03,15:48,네이버 브랜드스토어,,SB-T-ARB5-Q,올라운드 밸런스 토퍼 매트리스 5cm,Q,1,294300,84700,209600,설치완료,택배(안성1),서울,신규,EX-2026-03
NV-260703-0024,2026-07-03,15:48,네이버 브랜드스토어,,SB-T-ARB7-Q,올라운드 밸런스 토퍼 매트리스 7cm,Q,1,296800,85300,211500,설치완료,택배(안성1),서울,신규,EX-2026-03
NV-260703-0025,2026-07-03,16:10,네이버 브랜드스토어,,SB-T-ARB7-Q,올라운드 밸런스 토퍼 매트리스 7cm,Q,1,296800,85300,211500,배송완료,택배(안성1),서울,신규,EX-2026-03
NV-260703-0026,2026-07-03,20:41,네이버 브랜드스토어,,SB-T-ARB5-SS,올라운드 밸런스 토퍼 매트리스 5cm,SS,1,246600,0,246600,반품완료,택배(안성1),경기,신규,
ST-260703-0001,2026-07-03,21:36,직영매장,슬로우나잇 논현,SB-T-ARB5-Q,올라운드 밸런스 토퍼 매트리스 5cm,Q,1,318600,0,318600,배송완료,설치(용인 설치1),경기,신규,
OH-260703-0004,2026-07-03,17:30,오늘의집,,SB-P-CLB,클라우드 버디 베개,단일,2,117600,0,117600,배송완료,택배(안성1),경기,신규,
NV-260703-0027,2026-07-03,19:00,네이버 브랜드스토어,,SB-M-EVR-Q,이브닝 리버서블 매트리스,Q,1,405500,0,405500,배송완료,설치(용인 설치1),서울,재구매,
NV-260703-0028,2026-07-03,15:50,네이버 브랜드스토어,,SB-T-ARB5-Q,올라운드 밸런스 토퍼 매트리스 5cm,Q,1,294300,84700,209600,교환완료,택배(안성1),충남,신규,EX-2026-03
NV-260703-0028,2026-07-03,15:50,네이버 브랜드스토어,,SB-T-ARB7-Q,올라운드 밸런스 토퍼 매트리스 7cm,Q,1,296800,85300,211500,교환완료,택배(안성1),충남,신규,EX-2026-03
NV-260703-0029,2026-07-03,08:15,네이버 브랜드스토어,,SB-T-NMX-Q,더 뉴 맥시멈 토퍼 매트리스,Q,1,532500,0,532500,취소,택배(안성1),경기,재구매,
CP-260703-0004,2026-07-03,10:49,쿠팡 로켓,,SB-T-ARC-Q,올라운드 컴포트 토퍼 매트리스,Q,2,489000,0,489000,설치완료,택배(안성1),광주,신규,
ST-260703-0002,2026-07-03,20:31,직영매장,슬로우나잇 스타필드 수원,SB-T-NMX-Q,더 뉴 맥시멈 토퍼 매트리스,Q,1,576400,0,576400,취소,설치(용인 설치1),강원,신규,
NV-260703-0030,2026-07-03,08:20,네이버 브랜드스토어,,SB-M-DFC-SS,딥플로우 컴포트 매트리스,SS,1,567400,0,567400,배송완료,설치(용인 설치1),서울,재구매,
NV-260703-0030,2026-07-03,08:20,네이버 브랜드스토어,,SB-T-ARB5-Q,올라운드 밸런스 토퍼 매트리스 5cm,Q,2,588600,169400,419200,배송완료,택배(안성1),서울,재구매,EX-2026-03
NV-260703-0031,2026-07-03,10:42,네이버 브랜드스토어,,SB-T-ARB7-Q,올라운드 밸런스 토퍼 매트리스 7cm,Q,2,593600,170600,423000,설치완료,택배(안성1),경기,신규,EX-2026-03
NV-260703-0032,2026-07-03,12:37,네이버 브랜드스토어,,SB-T-ARB7-Q,올라운드 밸런스 토퍼 매트리스 7cm,Q,1,296800,85300,211500,배송완료,택배(안성1),경기,신규,EX-2026-03
NV-260703-0033,2026-07-03,17:56,네이버 브랜드스토어,,SB-T-ARC-Q,올라운드 컴포트 토퍼 매트리스,Q,1,249700,74900,174800,배송완료,택배(안성1),경기,신규,EX-2026-03
NV-260703-0034,2026-07-03,21:16,네이버 브랜드스토어,,SB-P-CLB,클라우드 버디 베개,단일,1,61300,0,61300,설치완료,택배(안성1),서울,신규,
NV-260703-0035,2026-07-03,21:20,네이버 브랜드스토어,,SB-T-ARC-Q,올라운드 컴포트 토퍼 매트리스,Q,1,249700,74900,174800,교환완료,택배(안성1),부산,재구매,EX-2026-03
NV-260703-0036,2026-07-03,11:52,네이버 브랜드스토어,,SB-T-ARB7-Q,올라운드 밸런스 토퍼 매트리스 7cm,Q,2,593600,170600,423000,설치완료,택배(안성1),경기,재구매,EX-2026-03
NV-260703-0037,2026-07-03,13:44,네이버 브랜드스토어,,SB-T-ARC-Q,올라운드 컴포트 토퍼 매트리스,Q,1,249700,74900,174800,배송중,택배(안성1),경기,신규,EX-2026-03
NV-260703-0037,2026-07-03,13:44,네이버 브랜드스토어,,SB-T-ARB7-SS,올라운드 밸런스 토퍼 매트리스 7cm,SS,1,249900,0,249900,배송중,택배(안성1),경기,신규,
NV-260703-0038,2026-07-03,15:17,네이버 브랜드스토어,,SB-T-ARC-Q,올라운드 컴포트 토퍼 매트리스,Q,1,249700,74900,174800,취소,택배(안성1),인천,재구매,EX-2026-03
NV-260703-0039,2026-07-03,19:33,네이버 브랜드스토어,,SB-M-EVR-S,이브닝 리버서블 매트리스,S,1,349100,0,349100,배송중,설치(용인 설치1),대구,신규,
NV-260703-0039,2026-07-03,19:33,네이버 브랜드스토어,,SB-T-ARB5-Q,올라운드 밸런스 토퍼 매트리스 5cm,Q,1,294300,84700,209600,배송중,택배(안성1),대구,신규,EX-2026-03
NV-260703-0039,2026-07-03,19:33,네이버 브랜드스토어,,SB-T-ARB7-SS,올라운드 밸런스 토퍼 매트리스 7cm,SS,1,249900,0,249900,배송중,택배(안성1),대구,신규,
NV-260703-0040,2026-07-03,17:26,네이버 브랜드스토어,,SB-T-ARB5-Q,올라운드 밸런스 토퍼 매트리스 5cm,Q,1,294300,84700,209600,배송완료,택배(안성1),충남,신규,EX-2026-03
NV-260703-0041,2026-07-03,10:55,네이버 브랜드스토어,,SB-T-ARB7-Q,올라운드 밸런스 토퍼 매트리스 7cm,Q,1,296800,85300,211500,배송완료,택배(안성1),서울,신규,EX-2026-03
NV-260703-0042,2026-07-03,06:54,네이버 브랜드스토어,,SB-T-ARB5-Q,올라운드 밸런스 토퍼 매트리스 5cm,Q,1,294300,84700,209600,반품완료,택배(안성1),경기,재구매,EX-2026-03
NV-260703-0043,2026-07-03,19:38,네이버 브랜드스토어,,SB-T-ARC-Q,올라운드 컴포트 토퍼 매트리스,Q,2,499400,149800,349600,배송완료,택배(안성1),경기,재구매,EX-2026-03
NV-260703-0043,2026-07-03,19:38,네이버 브랜드스토어,,SB-M-DFC-SS,딥플로우 컴포트 매트리스,SS,1,567400,0,567400,배송완료,설치(용인 설치1),경기,재구매,
NV-260703-0044,2026-07-03,11:29,네이버 브랜드스토어,,SB-M-DFB-Q,딥플로우 밸런스 매트리스,Q,1,522200,0,522200,배송완료,설치(용인 설치1),경기,신규,
NV-260703-0045,2026-07-03,21:58,네이버 브랜드스토어,,SB-T-ARB5-Q,올라운드 밸런스 토퍼 매트리스 5cm,Q,1,294300,84700,209600,배송완료,택배(안성1),부산,신규,EX-2026-03
NV-260704-0001,2026-07-04,23:28,네이버 브랜드스토어,,SB-T-ARB7-Q,올라운드 밸런스 토퍼 매트리스 7cm,Q,1,296800,85300,211500,배송완료,택배(안성1),충남,재구매,EX-2026-03
NV-260704-0002,2026-07-04,11:52,네이버 브랜드스토어,,SB-T-ARC-Q,올라운드 컴포트 토퍼 매트리스,Q,1,249700,74900,174800,반품완료,택배(안성1),강원,신규,EX-2026-03
NV-260704-0003,2026-07-04,18:13,네이버 브랜드스토어,,SB-T-ARC-Q,올라운드 컴포트 토퍼 매트리스,Q,1,249700,74900,174800,배송완료,택배(안성1),경기,재구매,EX-2026-03
NV-260704-0004,2026-07-04,21:48,네이버 브랜드스토어,,SB-T-NMX-Q,더 뉴 맥시멈 토퍼 매트리스,Q,1,532500,0,532500,배송완료,택배(안성1),서울,신규,
NV-260704-0004,2026-07-04,21:48,네이버 브랜드스토어,,SB-T-ARB5-Q,올라운드 밸런스 토퍼 매트리스 5cm,Q,1,294300,84700,209600,배송완료,택배(안성1),서울,신규,EX-2026-03
NV-260704-0005,2026-07-04,10:19,네이버 브랜드스토어,,SB-T-ARC-Q,올라운드 컴포트 토퍼 매트리스,Q,1,249700,74900,174800,배송완료,택배(안성1),서울,신규,EX-2026-03
OH-260704-0001,2026-07-04,19:43,오늘의집,,SB-T-ARB5-Q,올라운드 밸런스 토퍼 매트리스 5cm,Q,1,282200,0,282200,반품완료,택배(안성1),서울,신규,
NV-260704-0006,2026-07-04,15:41,네이버 브랜드스토어,,SB-T-ARB5-Q,올라운드 밸런스 토퍼 매트리스 5cm,Q,2,588600,169400,419200,배송완료,택배(안성1),서울,재구매,EX-2026-03
NV-260704-0007,2026-07-04,21:37,네이버 브랜드스토어,,SB-T-ARB7-Q,올라운드 밸런스 토퍼 매트리스 7cm,Q,1,296800,85300,211500,배송완료,택배(안성1),경기,신규,EX-2026-03
NV-260704-0008,2026-07-04,21:52,네이버 브랜드스토어,,SB-T-ARC-Q,올라운드 컴포트 토퍼 매트리스,Q,1,249700,74900,174800,배송완료,택배(안성1),서울,재구매,EX-2026-03
NV-260704-0008,2026-07-04,21:52,네이버 브랜드스토어,,SB-T-ARB7-Q,올라운드 밸런스 토퍼 매트리스 7cm,Q,1,296800,85300,211500,배송완료,택배(안성1),서울,재구매,EX-2026-03
NV-260704-0009,2026-07-04,19:33,네이버 브랜드스토어,,SB-T-ARB5-Q,올라운드 밸런스 토퍼 매트리스 5cm,Q,1,294300,84700,209600,설치완료,택배(안성1),부산,신규,EX-2026-03
NV-260704-0009,2026-07-04,19:33,네이버 브랜드스토어,,SB-T-ARC-Q,올라운드 컴포트 토퍼 매트리스,Q,1,249700,74900,174800,설치완료,택배(안성1),부산,신규,EX-2026-03
NV-260704-0010,2026-07-04,14:51,네이버 브랜드스토어,,SB-T-ARC-Q,올라운드 컴포트 토퍼 매트리스,Q,1,249700,74900,174800,배송완료,택배(안성1),서울,신규,EX-2026-03
NV-260704-0011,2026-07-04,22:36,네이버 브랜드스토어,,SB-F-AMD-KK,아몬드 무헤드형 침대,KK,1,950600,0,950600,배송완료,설치(용인 설치1),경기,신규,
NV-260704-0011,2026-07-04,22:36,네이버 브랜드스토어,,SB-T-ARB5-Q,올라운드 밸런스 토퍼 매트리스 5cm,Q,1,294300,84700,209600,배송완료,택배(안성1),경기,신규,EX-2026-03
NV-260704-0012,2026-07-04,09:24,네이버 브랜드스토어,,SB-T-ARC-Q,올라운드 컴포트 토퍼 매트리스,Q,1,249700,74900,174800,설치완료,택배(안성1),경남,신규,EX-2026-03
NV-260704-0012,2026-07-04,09:24,네이버 브랜드스토어,,SB-T-ARB7-Q,올라운드 밸런스 토퍼 매트리스 7cm,Q,1,296800,85300,211500,설치완료,택배(안성1),경남,신규,EX-2026-03
NV-260704-0013,2026-07-04,11:50,네이버 브랜드스토어,,SB-T-ARC-Q,올라운드 컴포트 토퍼 매트리스,Q,1,249700,74900,174800,교환완료,택배(안성1),서울,신규,EX-2026-03
NV-260704-0014,2026-07-04,10:42,네이버 브랜드스토어,,SB-T-ARB7-Q,올라운드 밸런스 토퍼 매트리스 7cm,Q,1,296800,85300,211500,설치완료,택배(안성1),경기,재구매,EX-2026-03
NV-260704-0014,2026-07-04,10:42,네이버 브랜드스토어,,SB-T-ARB5-Q,올라운드 밸런스 토퍼 매트리스 5cm,Q,1,294300,84700,209600,설치완료,택배(안성1),경기,재구매,EX-2026-03
CJ-260704-0001,2026-07-04,22:50,CJ온스타일,,SB-T-ARB5-Q,올라운드 밸런스 토퍼 매트리스 5cm,Q,1,291300,0,291300,배송완료,택배(안성1),제주,재구매,
NV-260704-0015,2026-07-04,19:31,네이버 브랜드스토어,,SB-A-DPM,딥뮤트 수면안대,단일,1,30300,0,30300,배송완료,택배(안성1),경기,신규,
HM-260704-0001,2026-07-04,18:55,자사몰,,SB-T-ARC-Q,올라운드 컴포트 토퍼 매트리스,Q,1,257400,0,257400,배송완료,택배(안성1),서울,신규,
NV-260704-0016,2026-07-04,19:31,네이버 브랜드스토어,,SB-T-ARB5-Q,올라운드 밸런스 토퍼 매트리스 5cm,Q,1,294300,84700,209600,배송완료,택배(안성1),대구,재구매,EX-2026-03
NV-260704-0016,2026-07-04,19:31,네이버 브랜드스토어,,SB-T-NMX-Q,더 뉴 맥시멈 토퍼 매트리스,Q,1,532500,0,532500,배송완료,택배(안성1),대구,재구매,
NV-260704-0017,2026-07-04,19:25,네이버 브랜드스토어,,SB-T-ARB5-Q,올라운드 밸런스 토퍼 매트리스 5cm,Q,2,588600,169400,419200,배송완료,택배(안성1),제주,신규,EX-2026-03
NV-260704-0017,2026-07-04,19:25,네이버 브랜드스토어,,SB-T-ARB7-Q,올라운드 밸런스 토퍼 매트리스 7cm,Q,1,296800,85300,211500,배송완료,택배(안성1),제주,신규,EX-2026-03
NV-260704-0018,2026-07-04,06:30,네이버 브랜드스토어,,SB-T-ARB5-Q,올라운드 밸런스 토퍼 매트리스 5cm,Q,2,588600,169400,419200,배송완료,택배(안성1),인천,신규,EX-2026-03
NV-260704-0019,2026-07-04,15:04,네이버 브랜드스토어,,SB-T-ARB7-Q,올라운드 밸런스 토퍼 매트리스 7cm,Q,1,296800,85300,211500,반품완료,택배(안성1),부산,재구매,EX-2026-03
NV-260704-0019,2026-07-04,15:04,네이버 브랜드스토어,,SB-T-ARB5-Q,올라운드 밸런스 토퍼 매트리스 5cm,Q,2,588600,169400,419200,반품완료,택배(안성1),부산,재구매,EX-2026-03
NV-260704-0019,2026-07-04,15:04,네이버 브랜드스토어,,SB-T-NMX-SS,더 뉴 맥시멈 토퍼 매트리스,SS,1,445200,0,445200,반품완료,택배(안성1),부산,재구매,
NV-260704-0020,2026-07-04,05:31,네이버 브랜드스토어,,SB-T-ARC-Q,올라운드 컴포트 토퍼 매트리스,Q,2,499400,149800,349600,반품완료,택배(안성1),경기,신규,EX-2026-03
NV-260704-0021,2026-07-04,22:00,네이버 브랜드스토어,,SB-T-ARB5-Q,올라운드 밸런스 토퍼 매트리스 5cm,Q,1,294300,84700,209600,반품완료,택배(안성1),대전,신규,EX-2026-03
NV-260704-0022,2026-07-04,18:18,네이버 브랜드스토어,,SB-A-DPM,딥뮤트 수면안대,단일,1,30300,0,30300,배송완료,택배(안성1),경기,재구매,
NV-260704-0023,2026-07-04,15:22,네이버 브랜드스토어,,SB-T-ARB5-Q,올라운드 밸런스 토퍼 매트리스 5cm,Q,1,294300,84700,209600,배송완료,택배(안성1),서울,재구매,EX-2026-03
SG-260704-0001,2026-07-04,15:34,SSG닷컴,,SB-T-NMX-SS,더 뉴 맥시멈 토퍼 매트리스,SS,1,449800,0,449800,배송완료,택배(안성1),대구,재구매,
SG-260704-0001,2026-07-04,15:34,SSG닷컴,,SB-M-EVR-S,이브닝 리버서블 매트리스,S,1,352700,0,352700,배송완료,설치(용인 설치1),대구,재구매,
SG-260704-0001,2026-07-04,15:34,SSG닷컴,,SB-P-CLB,클라우드 버디 베개,단일,1,61900,0,61900,배송완료,택배(안성1),대구,재구매,
NV-260704-0024,2026-07-04,15:30,네이버 브랜드스토어,,SB-T-ARB7-Q,올라운드 밸런스 토퍼 매트리스 7cm,Q,1,296800,85300,211500,배송완료,택배(안성1),서울,재구매,EX-2026-03
NV-260704-0024,2026-07-04,15:30,네이버 브랜드스토어,,SB-T-ARC-Q,올라운드 컴포트 토퍼 매트리스,Q,1,249700,74900,174800,배송완료,택배(안성1),서울,재구매,EX-2026-03
NV-260704-0025,2026-07-04,14:21,네이버 브랜드스토어,,SB-P-CLB,클라우드 버디 베개,단일,1,61300,0,61300,설치완료,택배(안성1),인천,신규,
NV-260704-0026,2026-07-04,20:51,네이버 브랜드스토어,,SB-T-ARC-Q,올라운드 컴포트 토퍼 매트리스,Q,1,249700,74900,174800,반품완료,택배(안성1),인천,신규,EX-2026-03
CP-260704-0001,2026-07-04,12:38,쿠팡 로켓,,SB-P-CLL,클라우드 LOW 경추 베개,단일,1,52500,0,52500,배송완료,택배(안성1),서울,재구매,
NV-260704-0027,2026-07-04,22:33,네이버 브랜드스토어,,SB-T-ARB5-Q,올라운드 밸런스 토퍼 매트리스 5cm,Q,1,294300,84700,209600,배송완료,택배(안성1),대전,신규,EX-2026-03
NV-260704-0028,2026-07-04,20:47,네이버 브랜드스토어,,SB-T-ARB5-Q,올라운드 밸런스 토퍼 매트리스 5cm,Q,1,294300,84700,209600,설치완료,택배(안성1),서울,신규,EX-2026-03
CP-260704-0002,2026-07-04,12:43,쿠팡 로켓,,SB-T-ARC-Q,올라운드 컴포트 토퍼 매트리스,Q,1,244500,0,244500,설치완료,택배(안성1),경기,신규,
NV-260704-0029,2026-07-04,12:39,네이버 브랜드스토어,,SB-T-ARB5-Q,올라운드 밸런스 토퍼 매트리스 5cm,Q,1,294300,84700,209600,배송완료,택배(안성1),서울,신규,EX-2026-03
SG-260704-0002,2026-07-04,15:58,SSG닷컴,,SB-T-ARC-Q,올라운드 컴포트 토퍼 매트리스,Q,1,252300,0,252300,배송완료,택배(안성1),부산,신규,
NV-260704-0030,2026-07-04,20:43,네이버 브랜드스토어,,SB-MO-EVM-SS,이브닝 모션 매트리스,SS,1,1039800,0,1039800,배송완료,설치(용인 설치1),광주,신규,
CP-260704-0003,2026-07-04,10:44,쿠팡 로켓,,SB-T-MAX-SS,맥시멈 토퍼 매트리스,SS,1,436000,0,436000,반품완료,택배(안성1),대구,재구매,
CP-260704-0003,2026-07-04,10:44,쿠팡 로켓,,SB-T-ARC-Q,올라운드 컴포트 토퍼 매트리스,Q,1,244500,0,244500,반품완료,택배(안성1),대구,재구매,
NV-260704-0031,2026-07-04,15:55,네이버 브랜드스토어,,SB-F-AMD-KK,아몬드 무헤드형 침대,KK,1,950600,0,950600,설치완료,설치(용인 설치1),인천,재구매,
CJ-260704-0002,2026-07-04,15:31,CJ온스타일,,SB-T-ARB7-Q,올라운드 밸런스 토퍼 매트리스 7cm,Q,1,293800,0,293800,설치완료,택배(안성1),경기,신규,
NV-260704-0032,2026-07-04,19:37,네이버 브랜드스토어,,SB-T-ARB5-Q,올라운드 밸런스 토퍼 매트리스 5cm,Q,1,294300,84700,209600,배송완료,택배(안성1),인천,신규,EX-2026-03
NV-260704-0033,2026-07-04,12:27,네이버 브랜드스토어,,SB-T-ARCP-Q,올라운드 컴포트 플러스 토퍼 매트리스,Q,1,286000,0,286000,취소,택배(안성1),서울,신규,
NV-260704-0034,2026-07-04,12:59,네이버 브랜드스토어,,SB-T-ARB5-Q,올라운드 밸런스 토퍼 매트리스 5cm,Q,1,294300,84700,209600,배송완료,택배(안성1),서울,신규,EX-2026-03
NV-260704-0035,2026-07-04,18:56,네이버 브랜드스토어,,SB-T-ARC-Q,올라운드 컴포트 토퍼 매트리스,Q,1,249700,74900,174800,배송완료,택배(안성1),경기,신규,EX-2026-03
NV-260704-0036,2026-07-04,06:45,네이버 브랜드스토어,,SB-T-ARC-SS,올라운드 컴포트 토퍼 매트리스,SS,1,211800,0,211800,설치완료,택배(안성1),서울,신규,
NV-260704-0037,2026-07-04,21:33,네이버 브랜드스토어,,SB-T-ARC-Q,올라운드 컴포트 토퍼 매트리스,Q,1,249700,74900,174800,배송완료,택배(안성1),인천,재구매,EX-2026-03
HM-260704-0002,2026-07-04,13:28,자사몰,,SB-T-ARB7-Q,올라운드 밸런스 토퍼 매트리스 7cm,Q,1,306000,0,306000,배송완료,택배(안성1),서울,재구매,
NV-260704-0038,2026-07-04,09:19,네이버 브랜드스토어,,SB-T-ARB7-Q,올라운드 밸런스 토퍼 매트리스 7cm,Q,1,296800,85300,211500,설치완료,택배(안성1),서울,신규,EX-2026-03
NV-260704-0039,2026-07-04,11:08,네이버 브랜드스토어,,SB-P-CLL,클라우드 LOW 경추 베개,단일,1,53600,0,53600,설치완료,택배(안성1),울산,신규,
NV-260704-0040,2026-07-04,19:15,네이버 브랜드스토어,,SB-T-ARB5-Q,올라운드 밸런스 토퍼 매트리스 5cm,Q,1,294300,84700,209600,배송완료,택배(안성1),충남,재구매,EX-2026-03
NV-260704-0041,2026-07-04,20:13,네이버 브랜드스토어,,SB-P-CLL,클라우드 LOW 경추 베개,단일,1,53600,0,53600,교환완료,택배(안성1),서울,신규,
NV-260704-0042,2026-07-04,22:12,네이버 브랜드스토어,,SB-T-ARB5-Q,올라운드 밸런스 토퍼 매트리스 5cm,Q,1,294300,84700,209600,배송완료,택배(안성1),경남,신규,EX-2026-03
NV-260704-0043,2026-07-04,17:52,네이버 브랜드스토어,,SB-T-ARB5-Q,올라운드 밸런스 토퍼 매트리스 5cm,Q,1,294300,84700,209600,배송완료,택배(안성1),서울,재구매,EX-2026-03
NV-260704-0044,2026-07-04,09:59,네이버 브랜드스토어,,SB-T-ARB5-Q,올라운드 밸런스 토퍼 매트리스 5cm,Q,1,294300,84700,209600,배송중,택배(안성1),서울,신규,EX-2026-03
NV-260704-0045,2026-07-04,18:40,네이버 브랜드스토어,,SB-T-ARB5-Q,올라운드 밸런스 토퍼 매트리스 5cm,Q,1,294300,84700,209600,반품완료,택배(안성1),서울,신규,EX-2026-03
NV-260704-0046,2026-07-04,10:26,네이버 브랜드스토어,,SB-T-ARC-Q,올라운드 컴포트 토퍼 매트리스,Q,1,249700,74900,174800,반품완료,택배(안성1),서울,신규,EX-2026-03
CJ-260704-0003,2026-07-04,08:01,CJ온스타일,,SB-T-ARB5-Q,올라운드 밸런스 토퍼 매트리스 5cm,Q,1,291300,0,291300,배송완료,택배(안성1),경기,신규,
NV-260705-0001,2026-07-05,19:46,네이버 브랜드스토어,,SB-T-ARC-Q,올라운드 컴포트 토퍼 매트리스,Q,2,499400,149800,349600,설치완료,택배(안성1),경기,신규,EX-2026-03
NV-260705-0002,2026-07-05,19:29,네이버 브랜드스토어,,SB-P-CLL,클라우드 LOW 경추 베개,단일,2,107200,0,107200,배송완료,택배(안성1),서울,신규,
NV-260705-0003,2026-07-05,18:47,네이버 브랜드스토어,,SB-M-EVR-S,이브닝 리버서블 매트리스,S,1,349100,0,349100,배송완료,설치(용인 설치1),인천,신규,
NV-260705-0003,2026-07-05,18:47,네이버 브랜드스토어,,SB-T-ARB5-Q,올라운드 밸런스 토퍼 매트리스 5cm,Q,1,294300,84700,209600,배송완료,택배(안성1),인천,신규,EX-2026-03
NV-260705-0004,2026-07-05,09:18,네이버 브랜드스토어,,SB-F-BAU-G,바우 키즈 원목 가드형 데이베드 침대,SS,1,775000,0,775000,배송완료,설치(용인 설치1),경기,신규,
NV-260705-0005,2026-07-05,17:50,네이버 브랜드스토어,,SB-T-ARC-Q,올라운드 컴포트 토퍼 매트리스,Q,1,249700,74900,174800,배송완료,택배(안성1),울산,재구매,EX-2026-03
NV-260705-0006,2026-07-05,16:38,네이버 브랜드스토어,,SB-T-ARB5-Q,올라운드 밸런스 토퍼 매트리스 5cm,Q,1,294300,84700,209600,배송중,택배(안성1),인천,신규,EX-2026-03
NV-260705-0007,2026-07-05,21:54,네이버 브랜드스토어,,SB-T-ARB5-Q,올라운드 밸런스 토퍼 매트리스 5cm,Q,2,588600,169400,419200,배송완료,택배(안성1),부산,신규,EX-2026-03
SG-260705-0001,2026-07-05,20:28,SSG닷컴,,SB-T-ARB7-Q,올라운드 밸런스 토퍼 매트리스 7cm,Q,1,299900,0,299900,배송완료,택배(안성1),경기,신규,
ST-260705-0001,2026-07-05,14:42,직영매장,슬로우나잇 논현,SB-T-ARB5-Q,올라운드 밸런스 토퍼 매트리스 5cm,Q,1,318600,0,318600,배송완료,설치(용인 설치1),경기,재구매,
SG-260705-0002,2026-07-05,19:16,SSG닷컴,,SB-T-NMX-Q,더 뉴 맥시멈 토퍼 매트리스,Q,2,1076000,0,1076000,설치완료,택배(안성1),서울,재구매,
SG-260705-0002,2026-07-05,19:16,SSG닷컴,,SB-T-ARB7-Q,올라운드 밸런스 토퍼 매트리스 7cm,Q,1,299900,0,299900,설치완료,택배(안성1),서울,재구매,
NV-260705-0008,2026-07-05,16:58,네이버 브랜드스토어,,SB-T-ARB5-Q,올라운드 밸런스 토퍼 매트리스 5cm,Q,1,294300,84700,209600,배송완료,택배(안성1),경기,신규,EX-2026-03
NV-260705-0009,2026-07-05,10:48,네이버 브랜드스토어,,SB-T-ARB5-Q,올라운드 밸런스 토퍼 매트리스 5cm,Q,1,294300,84700,209600,설치완료,택배(안성1),서울,신규,EX-2026-03
NV-260705-0010,2026-07-05,17:25,네이버 브랜드스토어,,SB-A-DPM,딥뮤트 수면안대,단일,1,30300,0,30300,반품완료,택배(안성1),서울,신규,
NV-260705-0011,2026-07-05,13:31,네이버 브랜드스토어,,SB-T-ARC-Q,올라운드 컴포트 토퍼 매트리스,Q,1,249700,74900,174800,설치완료,택배(안성1),대구,신규,EX-2026-03
NV-260705-0012,2026-07-05,08:53,네이버 브랜드스토어,,SB-T-ARB5-Q,올라운드 밸런스 토퍼 매트리스 5cm,Q,1,294300,84700,209600,배송완료,택배(안성1),인천,재구매,EX-2026-03
SG-260705-0003,2026-07-05,13:34,SSG닷컴,,SB-T-ARB5-Q,올라운드 밸런스 토퍼 매트리스 5cm,Q,1,297300,0,297300,설치완료,택배(안성1),경기,신규,
NV-260705-0013,2026-07-05,18:14,네이버 브랜드스토어,,SB-T-ARB7-Q,올라운드 밸런스 토퍼 매트리스 7cm,Q,1,296800,85300,211500,설치완료,택배(안성1),서울,신규,EX-2026-03
NV-260705-0014,2026-07-05,14:14,네이버 브랜드스토어,,SB-M-DFC-Q,딥플로우 컴포트 매트리스,Q,1,594400,0,594400,교환완료,설치(용인 설치1),부산,신규,
OH-260705-0001,2026-07-05,18:18,오늘의집,,SB-T-ARB5-SS,올라운드 밸런스 토퍼 매트리스 5cm,SS,2,472800,0,472800,반품완료,택배(안성1),대전,신규,
NV-260705-0015,2026-07-05,13:39,네이버 브랜드스토어,,SB-T-ARB5-Q,올라운드 밸런스 토퍼 매트리스 5cm,Q,1,294300,84700,209600,설치완료,택배(안성1),강원,신규,EX-2026-03
CP-260705-0001,2026-07-05,13:16,쿠팡 로켓,,SB-T-ARC-Q,올라운드 컴포트 토퍼 매트리스,Q,1,244500,0,244500,배송완료,택배(안성1),인천,신규,
NV-260705-0016,2026-07-05,16:28,네이버 브랜드스토어,,SB-T-ARB7-Q,올라운드 밸런스 토퍼 매트리스 7cm,Q,1,296800,85300,211500,반품완료,택배(안성1),광주,재구매,EX-2026-03
NV-260705-0017,2026-07-05,11:25,네이버 브랜드스토어,,SB-F-BAU-O,바우 키즈 원목 오픈형 데이베드 침대,SS,1,581000,0,581000,설치완료,설치(용인 설치1),강원,재구매,
OH-260705-0002,2026-07-05,14:55,오늘의집,,SB-T-ARB5-Q,올라운드 밸런스 토퍼 매트리스 5cm,Q,1,282200,0,282200,취소,택배(안성1),경기,재구매,
CP-260705-0002,2026-07-05,10:43,쿠팡 로켓,,SB-T-ARB5-Q,올라운드 밸런스 토퍼 매트리스 5cm,Q,1,288200,0,288200,취소,택배(안성1),인천,신규,
NV-260705-0018,2026-07-05,23:09,네이버 브랜드스토어,,SB-F-AMD-K,아몬드 무헤드형 침대,K,1,902100,0,902100,설치완료,설치(용인 설치1),광주,재구매,
NV-260705-0019,2026-07-05,19:54,네이버 브랜드스토어,,SB-T-ARB5-Q,올라운드 밸런스 토퍼 매트리스 5cm,Q,2,588600,169400,419200,배송완료,택배(안성1),서울,신규,EX-2026-03
NV-260705-0020,2026-07-05,20:25,네이버 브랜드스토어,,SB-T-ARC-Q,올라운드 컴포트 토퍼 매트리스,Q,1,249700,74900,174800,반품완료,택배(안성1),강원,신규,EX-2026-03
NV-260705-0021,2026-07-05,11:59,네이버 브랜드스토어,,SB-F-AMD-KK,아몬드 무헤드형 침대,KK,1,950600,0,950600,교환완료,설치(용인 설치1),충남,신규,
NV-260705-0021,2026-07-05,11:59,네이버 브랜드스토어,,SB-T-ARB7-Q,올라운드 밸런스 토퍼 매트리스 7cm,Q,1,296800,85300,211500,교환완료,택배(안성1),충남,신규,EX-2026-03
NV-260705-0022,2026-07-05,18:05,네이버 브랜드스토어,,SB-T-ARB5-Q,올라운드 밸런스 토퍼 매트리스 5cm,Q,1,294300,84700,209600,배송완료,택배(안성1),인천,신규,EX-2026-03
NV-260705-0022,2026-07-05,18:05,네이버 브랜드스토어,,SB-A-DPM,딥뮤트 수면안대,단일,1,30300,0,30300,배송완료,택배(안성1),인천,신규,
OH-260705-0003,2026-07-05,16:34,오늘의집,,SB-T-ARC-Q,올라운드 컴포트 토퍼 매트리스,Q,1,239400,0,239400,배송완료,택배(안성1),인천,재구매,
NV-260705-0023,2026-07-05,12:54,네이버 브랜드스토어,,SB-T-ARB7-Q,올라운드 밸런스 토퍼 매트리스 7cm,Q,1,296800,85300,211500,취소,택배(안성1),경기,신규,EX-2026-03
NV-260705-0023,2026-07-05,12:54,네이버 브랜드스토어,,SB-T-ARC-Q,올라운드 컴포트 토퍼 매트리스,Q,1,249700,74900,174800,취소,택배(안성1),경기,신규,EX-2026-03
NV-260705-0024,2026-07-05,15:13,네이버 브랜드스토어,,SB-T-ARB7-Q,올라운드 밸런스 토퍼 매트리스 7cm,Q,1,296800,85300,211500,배송완료,택배(안성1),인천,재구매,EX-2026-03
NV-260705-0024,2026-07-05,15:13,네이버 브랜드스토어,,SB-P-CLB,클라우드 버디 베개,단일,2,122600,0,122600,배송완료,택배(안성1),인천,재구매,
NV-260705-0025,2026-07-05,13:37,네이버 브랜드스토어,,SB-T-ARB5-Q,올라운드 밸런스 토퍼 매트리스 5cm,Q,1,294300,84700,209600,배송완료,택배(안성1),경기,재구매,EX-2026-03
NV-260705-0026,2026-07-05,19:40,네이버 브랜드스토어,,SB-T-ARB5-SS,올라운드 밸런스 토퍼 매트리스 5cm,SS,1,246600,0,246600,배송완료,택배(안성1),강원,신규,
NV-260705-0027,2026-07-05,21:35,네이버 브랜드스토어,,SB-T-ARB5-Q,올라운드 밸런스 토퍼 매트리스 5cm,Q,1,294300,84700,209600,배송완료,택배(안성1),인천,신규,EX-2026-03
NV-260705-0027,2026-07-05,21:35,네이버 브랜드스토어,,SB-T-ARB7-Q,올라운드 밸런스 토퍼 매트리스 7cm,Q,2,593600,170600,423000,배송완료,택배(안성1),인천,신규,EX-2026-03
NV-260705-0028,2026-07-05,07:21,네이버 브랜드스토어,,SB-T-ARC-Q,올라운드 컴포트 토퍼 매트리스,Q,1,249700,74900,174800,배송완료,택배(안성1),울산,신규,EX-2026-03
NV-260705-0029,2026-07-05,18:32,네이버 브랜드스토어,,SB-T-ARC-Q,올라운드 컴포트 토퍼 매트리스,Q,1,249700,74900,174800,설치완료,택배(안성1),서울,재구매,EX-2026-03
CP-260705-0003,2026-07-05,20:29,쿠팡 로켓,,SB-T-ARB7-Q,올라운드 밸런스 토퍼 매트리스 7cm,Q,1,290700,0,290700,배송완료,택배(안성1),대전,신규,
NV-260705-0030,2026-07-05,01:24,네이버 브랜드스토어,,SB-T-ARB7-Q,올라운드 밸런스 토퍼 매트리스 7cm,Q,2,593600,170600,423000,교환완료,택배(안성1),서울,재구매,EX-2026-03
NV-260705-0031,2026-07-05,11:57,네이버 브랜드스토어,,SB-T-ARC-Q,올라운드 컴포트 토퍼 매트리스,Q,1,249700,74900,174800,배송완료,택배(안성1),경남,신규,EX-2026-03
HM-260705-0001,2026-07-05,10:31,자사몰,,SB-T-ARB5-Q,올라운드 밸런스 토퍼 매트리스 5cm,Q,1,303400,0,303400,배송완료,택배(안성1),경기,신규,
NV-260705-0032,2026-07-05,10:23,네이버 브랜드스토어,,SB-A-DPM,딥뮤트 수면안대,단일,2,60600,0,60600,설치완료,택배(안성1),경기,신규,
NV-260705-0033,2026-07-05,19:55,네이버 브랜드스토어,,SB-MO-EVM-Q,이브닝 모션 매트리스,Q,1,1131000,0,1131000,배송완료,설치(용인 설치1),인천,신규,
NV-260705-0034,2026-07-05,19:30,네이버 브랜드스토어,,SB-T-ARB5-Q,올라운드 밸런스 토퍼 매트리스 5cm,Q,1,294300,84700,209600,설치완료,택배(안성1),강원,신규,EX-2026-03
NV-260705-0034,2026-07-05,19:30,네이버 브랜드스토어,,SB-F-BAU-O,바우 키즈 원목 오픈형 데이베드 침대,SS,1,581000,0,581000,설치완료,설치(용인 설치1),강원,신규,
NV-260705-0035,2026-07-05,10:11,네이버 브랜드스토어,,SB-T-ARB5-Q,올라운드 밸런스 토퍼 매트리스 5cm,Q,1,294300,84700,209600,설치완료,택배(안성1),서울,신규,EX-2026-03
NV-260705-0035,2026-07-05,10:11,네이버 브랜드스토어,,SB-T-ARB7-Q,올라운드 밸런스 토퍼 매트리스 7cm,Q,1,296800,85300,211500,설치완료,택배(안성1),서울,신규,EX-2026-03
NV-260705-0036,2026-07-05,13:53,네이버 브랜드스토어,,SB-T-ARB5-Q,올라운드 밸런스 토퍼 매트리스 5cm,Q,1,294300,84700,209600,설치완료,택배(안성1),충남,신규,EX-2026-03
NV-260705-0037,2026-07-05,17:53,네이버 브랜드스토어,,SB-T-ARB7-Q,올라운드 밸런스 토퍼 매트리스 7cm,Q,1,296800,85300,211500,취소,택배(안성1),경기,재구매,EX-2026-03
NV-260705-0038,2026-07-05,22:27,네이버 브랜드스토어,,SB-T-ARC-Q,올라운드 컴포트 토퍼 매트리스,Q,1,249700,74900,174800,배송완료,택배(안성1),부산,재구매,EX-2026-03
NV-260705-0038,2026-07-05,22:27,네이버 브랜드스토어,,SB-T-ARB7-Q,올라운드 밸런스 토퍼 매트리스 7cm,Q,1,296800,85300,211500,배송완료,택배(안성1),부산,재구매,EX-2026-03
NV-260705-0038,2026-07-05,22:27,네이버 브랜드스토어,,SB-T-MAX-SS,맥시멈 토퍼 매트리스,SS,1,445200,0,445200,배송완료,택배(안성1),부산,재구매,
NV-260705-0039,2026-07-05,19:48,네이버 브랜드스토어,,SB-T-ARB7-Q,올라운드 밸런스 토퍼 매트리스 7cm,Q,1,296800,85300,211500,배송완료,택배(안성1),대전,재구매,EX-2026-03
HM-260705-0002,2026-07-05,17:32,자사몰,,SB-T-ARB5-Q,올라운드 밸런스 토퍼 매트리스 5cm,Q,1,303400,0,303400,반품완료,택배(안성1),부산,재구매,
NV-260705-0040,2026-07-05,20:05,네이버 브랜드스토어,,SB-T-ARC-Q,올라운드 컴포트 토퍼 매트리스,Q,1,249700,74900,174800,배송완료,택배(안성1),경기,신규,EX-2026-03
SG-260705-0004,2026-07-05,12:53,SSG닷컴,,SB-T-ARC-Q,올라운드 컴포트 토퍼 매트리스,Q,1,252300,0,252300,배송완료,택배(안성1),서울,재구매,
NV-260705-0041,2026-07-05,17:09,네이버 브랜드스토어,,SB-P-CLL,클라우드 LOW 경추 베개,단일,2,107200,0,107200,설치완료,택배(안성1),부산,신규,
NV-260706-0001,2026-07-06,06:08,네이버 브랜드스토어,,SB-T-ARB7-Q,올라운드 밸런스 토퍼 매트리스 7cm,Q,1,296800,85300,211500,교환완료,택배(안성1),광주,신규,EX-2026-03
NV-260706-0002,2026-07-06,21:52,네이버 브랜드스토어,,SB-T-ARC-Q,올라운드 컴포트 토퍼 매트리스,Q,1,249700,74900,174800,배송완료,택배(안성1),서울,재구매,EX-2026-03
SG-260706-0001,2026-07-06,14:31,SSG닷컴,,SB-T-ARB5-Q,올라운드 밸런스 토퍼 매트리스 5cm,Q,2,594600,0,594600,배송완료,택배(안성1),서울,신규,
NV-260706-0003,2026-07-06,12:05,네이버 브랜드스토어,,SB-T-ARB7-Q,올라운드 밸런스 토퍼 매트리스 7cm,Q,1,296800,85300,211500,설치완료,택배(안성1),대전,신규,EX-2026-03
NV-260706-0004,2026-07-06,17:26,네이버 브랜드스토어,,SB-P-CLL,클라우드 LOW 경추 베개,단일,1,53600,0,53600,교환완료,택배(안성1),울산,신규,
NV-260706-0004,2026-07-06,17:26,네이버 브랜드스토어,,SB-T-ARC-Q,올라운드 컴포트 토퍼 매트리스,Q,1,249700,74900,174800,교환완료,택배(안성1),울산,신규,EX-2026-03
ST-260706-0001,2026-07-06,17:58,직영매장,용산,SB-T-ARB5-Q,올라운드 밸런스 토퍼 매트리스 5cm,Q,1,318600,0,318600,배송완료,설치(용인 설치1),대구,재구매,
ST-260706-0001,2026-07-06,17:58,직영매장,용산,SB-T-ARC-Q,올라운드 컴포트 토퍼 매트리스,Q,2,540600,0,540600,배송완료,설치(용인 설치1),대구,재구매,
NV-260706-0005,2026-07-06,18:36,네이버 브랜드스토어,,SB-T-ARB5-Q,올라운드 밸런스 토퍼 매트리스 5cm,Q,1,294300,84700,209600,교환완료,택배(안성1),광주,신규,EX-2026-03
CP-260706-0001,2026-07-06,08:58,쿠팡 로켓,,SB-M-EVS-Q,이브닝 스타릿 매트리스,Q,1,670700,0,670700,배송완료,설치(용인 설치1),충남,신규,
NV-260706-0006,2026-07-06,15:44,네이버 브랜드스토어,,SB-T-NMX-Q,더 뉴 맥시멈 토퍼 매트리스,Q,1,532500,0,532500,배송중,택배(안성1),광주,신규,
NV-260706-0006,2026-07-06,15:44,네이버 브랜드스토어,,SB-T-ARB5-Q,올라운드 밸런스 토퍼 매트리스 5cm,Q,1,294300,84700,209600,배송중,택배(안성1),광주,신규,EX-2026-03
NV-260706-0007,2026-07-06,21:48,네이버 브랜드스토어,,SB-T-ARB7-Q,올라운드 밸런스 토퍼 매트리스 7cm,Q,1,296800,85300,211500,배송완료,택배(안성1),대전,재구매,EX-2026-03
NV-260706-0007,2026-07-06,21:48,네이버 브랜드스토어,,SB-T-ARB5-Q,올라운드 밸런스 토퍼 매트리스 5cm,Q,1,294300,84700,209600,배송완료,택배(안성1),대전,재구매,EX-2026-03
NV-260706-0008,2026-07-06,15:44,네이버 브랜드스토어,,SB-T-NMX-Q,더 뉴 맥시멈 토퍼 매트리스,Q,1,532500,0,532500,배송완료,택배(안성1),경기,재구매,
ST-260706-0002,2026-07-06,19:24,직영매장,송파,SB-M-EVR-Q,이브닝 리버서블 매트리스,Q,1,438900,0,438900,배송완료,설치(용인 설치1),서울,재구매,
NV-260706-0009,2026-07-06,10:40,네이버 브랜드스토어,,SB-T-ARB7-Q,올라운드 밸런스 토퍼 매트리스 7cm,Q,1,296800,85300,211500,교환완료,택배(안성1),서울,신규,EX-2026-03
NV-260706-0010,2026-07-06,14:41,네이버 브랜드스토어,,SB-T-ARC-Q,올라운드 컴포트 토퍼 매트리스,Q,1,249700,74900,174800,설치완료,택배(안성1),경기,재구매,EX-2026-03
NV-260706-0011,2026-07-06,21:14,네이버 브랜드스토어,,SB-T-ARB7-Q,올라운드 밸런스 토퍼 매트리스 7cm,Q,2,593600,170600,423000,배송중,택배(안성1),경기,신규,EX-2026-03
CJ-260706-0001,2026-07-06,20:43,CJ온스타일,,SB-T-ARB5-Q,올라운드 밸런스 토퍼 매트리스 5cm,Q,1,291300,0,291300,배송중,택배(안성1),부산,신규,
NV-260706-0012,2026-07-06,07:56,네이버 브랜드스토어,,SB-T-ARB5-Q,올라운드 밸런스 토퍼 매트리스 5cm,Q,1,294300,84700,209600,배송완료,택배(안성1),경기,신규,EX-2026-03
NV-260706-0013,2026-07-06,20:04,네이버 브랜드스토어,,SB-T-NMX-SS,더 뉴 맥시멈 토퍼 매트리스,SS,1,445200,0,445200,설치완료,택배(안성1),인천,재구매,
NV-260706-0014,2026-07-06,23:20,네이버 브랜드스토어,,SB-T-MAX-SS,맥시멈 토퍼 매트리스,SS,1,445200,0,445200,배송완료,택배(안성1),인천,신규,
NV-260706-0015,2026-07-06,12:16,네이버 브랜드스토어,,SB-T-ARC-Q,올라운드 컴포트 토퍼 매트리스,Q,1,249700,74900,174800,배송완료,택배(안성1),서울,재구매,EX-2026-03
NV-260706-0016,2026-07-06,18:40,네이버 브랜드스토어,,SB-T-ARCP-Q,올라운드 컴포트 플러스 토퍼 매트리스,Q,1,286000,0,286000,배송완료,택배(안성1),부산,신규,
NV-260706-0017,2026-07-06,14:16,네이버 브랜드스토어,,SB-A-DPM,딥뮤트 수면안대,단일,2,60600,0,60600,배송완료,택배(안성1),서울,재구매,
NV-260706-0017,2026-07-06,14:16,네이버 브랜드스토어,,SB-T-ARB5-SS,올라운드 밸런스 토퍼 매트리스 5cm,SS,1,246600,0,246600,배송완료,택배(안성1),서울,재구매,
NV-260706-0018,2026-07-06,20:54,네이버 브랜드스토어,,SB-T-ARC-Q,올라운드 컴포트 토퍼 매트리스,Q,1,249700,74900,174800,배송완료,택배(안성1),경기,재구매,EX-2026-03
NV-260706-0018,2026-07-06,20:54,네이버 브랜드스토어,,SB-T-ARB5-Q,올라운드 밸런스 토퍼 매트리스 5cm,Q,1,294300,84700,209600,배송완료,택배(안성1),경기,재구매,EX-2026-03
NV-260706-0019,2026-07-06,13:56,네이버 브랜드스토어,,SB-T-ARB7-Q,올라운드 밸런스 토퍼 매트리스 7cm,Q,1,296800,85300,211500,취소,택배(안성1),충남,신규,EX-2026-03
NV-260706-0020,2026-07-06,08:15,네이버 브랜드스토어,,SB-A-DPM,딥뮤트 수면안대,단일,1,30300,0,30300,교환완료,택배(안성1),경기,신규,
NV-260706-0020,2026-07-06,08:15,네이버 브랜드스토어,,SB-T-ARB5-Q,올라운드 밸런스 토퍼 매트리스 5cm,Q,1,294300,84700,209600,교환완료,택배(안성1),경기,신규,EX-2026-03
NV-260706-0021,2026-07-06,20:01,네이버 브랜드스토어,,SB-P-CLB,클라우드 버디 베개,단일,1,61300,0,61300,설치완료,택배(안성1),서울,신규,
NV-260706-0022,2026-07-06,05:25,네이버 브랜드스토어,,SB-T-ARB5-Q,올라운드 밸런스 토퍼 매트리스 5cm,Q,1,294300,84700,209600,설치완료,택배(안성1),서울,신규,EX-2026-03
NV-260706-0023,2026-07-06,10:38,네이버 브랜드스토어,,SB-M-EVR-SS,이브닝 리버서블 매트리스,SS,1,380200,0,380200,설치완료,설치(용인 설치1),경기,신규,
NV-260706-0024,2026-07-06,19:06,네이버 브랜드스토어,,SB-T-ARB5-Q,올라운드 밸런스 토퍼 매트리스 5cm,Q,1,294300,84700,209600,반품완료,택배(안성1),울산,신규,EX-2026-03
NV-260706-0025,2026-07-06,11:15,네이버 브랜드스토어,,SB-T-ARB7-Q,올라운드 밸런스 토퍼 매트리스 7cm,Q,1,296800,85300,211500,배송완료,택배(안성1),대전,신규,EX-2026-03
NV-260706-0025,2026-07-06,11:15,네이버 브랜드스토어,,SB-P-CLB,클라우드 버디 베개,단일,1,61300,0,61300,배송완료,택배(안성1),대전,신규,
SG-260706-0002,2026-07-06,16:57,SSG닷컴,,SB-P-CLL,클라우드 LOW 경추 베개,단일,2,108200,0,108200,배송완료,택배(안성1),서울,신규,
SG-260706-0002,2026-07-06,16:57,SSG닷컴,,SB-T-ARB5-Q,올라운드 밸런스 토퍼 매트리스 5cm,Q,1,297300,0,297300,배송완료,택배(안성1),서울,신규,
NV-260706-0026,2026-07-06,16:34,네이버 브랜드스토어,,SB-T-ARB7-Q,올라운드 밸런스 토퍼 매트리스 7cm,Q,2,593600,170600,423000,배송완료,택배(안성1),제주,재구매,EX-2026-03
NV-260706-0027,2026-07-06,04:09,네이버 브랜드스토어,,SB-T-ARB7-Q,올라운드 밸런스 토퍼 매트리스 7cm,Q,1,296800,85300,211500,배송완료,택배(안성1),서울,신규,EX-2026-03
NV-260706-0027,2026-07-06,04:09,네이버 브랜드스토어,,SB-T-ARB5-Q,올라운드 밸런스 토퍼 매트리스 5cm,Q,1,294300,84700,209600,배송완료,택배(안성1),서울,신규,EX-2026-03
NV-260706-0028,2026-07-06,20:03,네이버 브랜드스토어,,SB-T-ARC-Q,올라운드 컴포트 토퍼 매트리스,Q,1,249700,74900,174800,배송중,택배(안성1),경기,신규,EX-2026-03
NV-260706-0029,2026-07-06,13:17,네이버 브랜드스토어,,SB-T-ARB5-Q,올라운드 밸런스 토퍼 매트리스 5cm,Q,1,294300,84700,209600,배송완료,택배(안성1),서울,재구매,EX-2026-03
ST-260706-0003,2026-07-06,11:40,직영매장,슬로우나잇 논현,SB-T-ARC-SS,올라운드 컴포트 토퍼 매트리스,SS,2,458600,0,458600,반품완료,설치(용인 설치1),부산,재구매,
ST-260706-0003,2026-07-06,11:40,직영매장,슬로우나잇 논현,SB-M-EVR-SS,이브닝 리버서블 매트리스,SS,1,411600,0,411600,반품완료,설치(용인 설치1),부산,재구매,
ST-260706-0003,2026-07-06,11:40,직영매장,슬로우나잇 논현,SB-T-ARB5-Q,올라운드 밸런스 토퍼 매트리스 5cm,Q,2,637200,0,637200,반품완료,설치(용인 설치1),부산,재구매,
NV-260706-0030,2026-07-06,21:17,네이버 브랜드스토어,,SB-T-NMX-Q,더 뉴 맥시멈 토퍼 매트리스,Q,2,1065000,0,1065000,설치완료,택배(안성1),서울,재구매,
NV-260706-0031,2026-07-06,16:27,네이버 브랜드스토어,,SB-T-ARB7-Q,올라운드 밸런스 토퍼 매트리스 7cm,Q,1,296800,85300,211500,배송완료,택배(안성1),울산,재구매,EX-2026-03
NV-260706-0032,2026-07-06,21:34,네이버 브랜드스토어,,SB-T-ARB5-Q,올라운드 밸런스 토퍼 매트리스 5cm,Q,1,294300,84700,209600,설치완료,택배(안성1),서울,신규,EX-2026-03
HM-260706-0001,2026-07-06,02:59,자사몰,,SB-P-CLB,클라우드 버디 베개,단일,2,126400,0,126400,배송완료,택배(안성1),경기,신규,
HM-260706-0001,2026-07-06,02:59,자사몰,,SB-M-ORG-SS,오리지널 매트리스 미디엄 소프트,SS,1,446000,0,446000,배송완료,설치(용인 설치1),경기,신규,
HM-260706-0001,2026-07-06,02:59,자사몰,,SB-T-ARB5-Q,올라운드 밸런스 토퍼 매트리스 5cm,Q,1,303400,0,303400,배송완료,택배(안성1),경기,신규,
NV-260706-0033,2026-07-06,10:00,네이버 브랜드스토어,,SB-T-ARB5-Q,올라운드 밸런스 토퍼 매트리스 5cm,Q,1,294300,84700,209600,배송완료,택배(안성1),서울,신규,EX-2026-03
NV-260706-0034,2026-07-06,18:30,네이버 브랜드스토어,,SB-MO-EVM-Q,이브닝 모션 매트리스,Q,1,1131000,0,1131000,반품완료,설치(용인 설치1),경기,신규,
NV-260706-0035,2026-07-06,16:13,네이버 브랜드스토어,,SB-MO-MBL-SS,모션 밸런스드 매트리스,SS,1,1382200,0,1382200,배송완료,설치(용인 설치1),인천,재구매,
NV-260706-0035,2026-07-06,16:13,네이버 브랜드스토어,,SB-T-ARB7-Q,올라운드 밸런스 토퍼 매트리스 7cm,Q,2,593600,170600,423000,배송완료,택배(안성1),인천,재구매,EX-2026-03
NV-260706-0035,2026-07-06,16:13,네이버 브랜드스토어,,SB-T-ARB5-Q,올라운드 밸런스 토퍼 매트리스 5cm,Q,1,294300,84700,209600,배송완료,택배(안성1),인천,재구매,EX-2026-03
NV-260706-0036,2026-07-06,10:03,네이버 브랜드스토어,,SB-T-ARC-Q,올라운드 컴포트 토퍼 매트리스,Q,1,249700,74900,174800,설치완료,택배(안성1),서울,신규,EX-2026-03
NV-260706-0037,2026-07-06,10:01,네이버 브랜드스토어,,SB-F-BAU-G,바우 키즈 원목 가드형 데이베드 침대,SS,1,775000,0,775000,취소,설치(용인 설치1),경기,신규,
NV-260706-0038,2026-07-06,09:57,네이버 브랜드스토어,,SB-T-ARB5-Q,올라운드 밸런스 토퍼 매트리스 5cm,Q,1,294300,84700,209600,설치완료,택배(안성1),서울,신규,EX-2026-03
NV-260706-0039,2026-07-06,13:37,네이버 브랜드스토어,,SB-F-AMD-K,아몬드 무헤드형 침대,K,1,902100,0,902100,취소,설치(용인 설치1),경기,재구매,
NV-260706-0039,2026-07-06,13:37,네이버 브랜드스토어,,SB-T-ARB7-Q,올라운드 밸런스 토퍼 매트리스 7cm,Q,1,296800,85300,211500,취소,택배(안성1),경기,재구매,EX-2026-03
NV-260706-0040,2026-07-06,18:31,네이버 브랜드스토어,,SB-T-ARB7-Q,올라운드 밸런스 토퍼 매트리스 7cm,Q,1,296800,85300,211500,반품완료,택배(안성1),부산,재구매,EX-2026-03
NV-260706-0041,2026-07-06,09:19,네이버 브랜드스토어,,SB-T-ARC-Q,올라운드 컴포트 토퍼 매트리스,Q,1,249700,74900,174800,배송완료,택배(안성1),강원,신규,EX-2026-03
NV-260706-0042,2026-07-06,20:48,네이버 브랜드스토어,,SB-T-ARC-Q,올라운드 컴포트 토퍼 매트리스,Q,1,249700,74900,174800,취소,택배(안성1),부산,재구매,EX-2026-03
NV-260706-0043,2026-07-06,13:11,네이버 브랜드스토어,,SB-M-EVR-Q,이브닝 리버서블 매트리스,Q,1,405500,0,405500,배송완료,설치(용인 설치1),광주,재구매,
HM-260706-0002,2026-07-06,14:27,자사몰,,SB-T-ARB5-Q,올라운드 밸런스 토퍼 매트리스 5cm,Q,1,303400,0,303400,설치완료,택배(안성1),서울,신규,
NV-260706-0044,2026-07-06,06:10,네이버 브랜드스토어,,SB-T-ARB5-Q,올라운드 밸런스 토퍼 매트리스 5cm,Q,2,588600,169400,419200,설치완료,택배(안성1),경기,재구매,EX-2026-03
NV-260706-0044,2026-07-06,06:10,네이버 브랜드스토어,,SB-T-ARB7-Q,올라운드 밸런스 토퍼 매트리스 7cm,Q,1,296800,85300,211500,설치완료,택배(안성1),경기,재구매,EX-2026-03
NV-260706-0045,2026-07-06,15:13,네이버 브랜드스토어,,SB-T-ARC-Q,올라운드 컴포트 토퍼 매트리스,Q,1,249700,74900,174800,설치완료,택배(안성1),제주,신규,EX-2026-03
NV-260706-0045,2026-07-06,15:13,네이버 브랜드스토어,,SB-T-ARB7-Q,올라운드 밸런스 토퍼 매트리스 7cm,Q,1,296800,85300,211500,설치완료,택배(안성1),제주,신규,EX-2026-03
ST-260706-0004,2026-07-06,16:34,직영매장,용산,SB-T-ARC-Q,올라운드 컴포트 토퍼 매트리스,Q,1,270300,0,270300,취소,설치(용인 설치1),서울,신규,
NV-260706-0046,2026-07-06,14:42,네이버 브랜드스토어,,SB-T-ARB7-Q,올라운드 밸런스 토퍼 매트리스 7cm,Q,1,296800,85300,211500,배송완료,택배(안성1),강원,재구매,EX-2026-03
NV-260706-0047,2026-07-06,20:17,네이버 브랜드스토어,,SB-T-ARC-SS,올라운드 컴포트 토퍼 매트리스,SS,2,423600,0,423600,배송완료,택배(안성1),서울,신규,
CJ-260706-0002,2026-07-06,11:04,CJ온스타일,,SB-T-ARB5-SS,올라운드 밸런스 토퍼 매트리스 5cm,SS,1,244000,0,244000,배송중,택배(안성1),인천,재구매,
NV-260706-0048,2026-07-06,13:28,네이버 브랜드스토어,,SB-T-ARB5-Q,올라운드 밸런스 토퍼 매트리스 5cm,Q,1,294300,84700,209600,배송완료,택배(안성1),대전,신규,EX-2026-03
NV-260706-0049,2026-07-06,19:47,네이버 브랜드스토어,,SB-M-EVR-SS,이브닝 리버서블 매트리스,SS,1,380200,0,380200,반품완료,설치(용인 설치1),인천,신규,
NV-260706-0049,2026-07-06,19:47,네이버 브랜드스토어,,SB-M-DFB-SS,딥플로우 밸런스 매트리스,SS,1,498600,0,498600,반품완료,설치(용인 설치1),인천,신규,
NV-260706-0050,2026-07-06,13:17,네이버 브랜드스토어,,SB-T-ARB7-Q,올라운드 밸런스 토퍼 매트리스 7cm,Q,2,593600,170600,423000,교환완료,택배(안성1),서울,재구매,EX-2026-03
NV-260706-0051,2026-07-06,11:40,네이버 브랜드스토어,,SB-T-ARB5-Q,올라운드 밸런스 토퍼 매트리스 5cm,Q,1,294300,84700,209600,배송완료,택배(안성1),서울,신규,EX-2026-03
NV-260706-0051,2026-07-06,11:40,네이버 브랜드스토어,,SB-T-ARC-Q,올라운드 컴포트 토퍼 매트리스,Q,1,249700,74900,174800,배송완료,택배(안성1),서울,신규,EX-2026-03
NV-260706-0051,2026-07-06,11:40,네이버 브랜드스토어,,SB-T-ARB7-Q,올라운드 밸런스 토퍼 매트리스 7cm,Q,1,296800,85300,211500,배송완료,택배(안성1),서울,신규,EX-2026-03
SG-260707-0001,2026-07-07,12:30,SSG닷컴,,SB-MO-MBL-SS,모션 밸런스드 매트리스,SS,1,1396500,0,1396500,배송완료,설치(용인 설치1),경기,재구매,
NV-260707-0001,2026-07-07,19:43,네이버 브랜드스토어,,SB-T-ARC-SS,올라운드 컴포트 토퍼 매트리스,SS,1,211800,0,211800,배송완료,택배(안성1),제주,신규,
NV-260707-0002,2026-07-07,13:45,네이버 브랜드스토어,,SB-M-MFM-K,미드나잇 풀문 매트리스,K,1,991300,0,991300,취소,설치(용인 설치1),인천,재구매,
NV-260707-0002,2026-07-07,13:45,네이버 브랜드스토어,,SB-T-ARC-SS,올라운드 컴포트 토퍼 매트리스,SS,1,211800,0,211800,취소,택배(안성1),인천,재구매,
CP-260707-0001,2026-07-07,18:14,쿠팡 로켓,,SB-T-ARCP-Q,올라운드 컴포트 플러스 토퍼 매트리스,Q,1,280100,0,280100,배송중,택배(안성1),경기,재구매,
CP-260707-0002,2026-07-07,06:50,쿠팡 로켓,,SB-P-CLB,클라우드 버디 베개,단일,1,60000,0,60000,교환완료,택배(안성1),충남,신규,
NV-260707-0003,2026-07-07,21:28,네이버 브랜드스토어,,SB-T-NMX-Q,더 뉴 맥시멈 토퍼 매트리스,Q,1,532500,0,532500,배송완료,택배(안성1),경기,신규,
SG-260707-0002,2026-07-07,19:28,SSG닷컴,,SB-P-CLB,클라우드 버디 베개,단일,1,61900,0,61900,배송완료,택배(안성1),제주,재구매,
SG-260707-0002,2026-07-07,19:28,SSG닷컴,,SB-A-DPM,딥뮤트 수면안대,단일,1,30600,0,30600,배송완료,택배(안성1),제주,재구매,
NV-260707-0004,2026-07-07,15:46,네이버 브랜드스토어,,SB-T-ARC-Q,올라운드 컴포트 토퍼 매트리스,Q,1,249700,0,249700,배송완료,택배(안성1),부산,재구매,
NV-260707-0005,2026-07-07,18:10,네이버 브랜드스토어,,SB-P-CLB,클라우드 버디 베개,단일,1,61300,0,61300,설치완료,택배(안성1),대구,신규,
NV-260707-0006,2026-07-07,18:18,네이버 브랜드스토어,,SB-T-ARB5-Q,올라운드 밸런스 토퍼 매트리스 5cm,Q,2,588600,0,588600,반품완료,택배(안성1),서울,신규,
CP-260707-0003,2026-07-07,15:44,쿠팡 로켓,,SB-MO-EVM-SS,이브닝 모션 매트리스,SS,1,1018400,0,1018400,반품완료,설치(용인 설치1),서울,재구매,
CP-260707-0004,2026-07-07,21:43,쿠팡 로켓,,SB-T-ARB5-SS,올라운드 밸런스 토퍼 매트리스 5cm,SS,1,241500,0,241500,배송완료,택배(안성1),인천,신규,
NV-260707-0007,2026-07-07,15:22,네이버 브랜드스토어,,SB-M-DFC-Q,딥플로우 컴포트 매트리스,Q,1,594400,0,594400,배송완료,설치(용인 설치1),강원,신규,
CP-260707-0005,2026-07-07,11:40,쿠팡 로켓,,SB-A-DPM,딥뮤트 수면안대,단일,1,29600,0,29600,배송완료,택배(안성1),경남,신규,
CP-260707-0005,2026-07-07,11:40,쿠팡 로켓,,SB-M-EVR-SS,이브닝 리버서블 매트리스,SS,1,372400,0,372400,배송완료,설치(용인 설치1),경남,신규,
OH-260708-0001,2026-07-08,17:24,오늘의집,,SB-A-DPM,딥뮤트 수면안대,단일,1,29000,0,29000,배송완료,택배(안성1),인천,신규,
NV-260708-0001,2026-07-08,16:24,네이버 브랜드스토어,,SB-T-ARB7-SS,올라운드 밸런스 토퍼 매트리스 7cm,SS,1,249900,0,249900,배송중,택배(안성1),서울,재구매,
OH-260708-0002,2026-07-08,10:36,오늘의집,,SB-M-ORG-SS,오리지널 매트리스 미디엄 소프트,SS,1,414800,0,414800,반품완료,설치(용인 설치1),충남,신규,
CP-260708-0001,2026-07-08,12:34,쿠팡 로켓,,SB-M-EVR-Q,이브닝 리버서블 매트리스,Q,1,397100,0,397100,설치완료,설치(용인 설치1),서울,재구매,
NV-260708-0002,2026-07-08,20:48,네이버 브랜드스토어,,SB-T-NMX-Q,더 뉴 맥시멈 토퍼 매트리스,Q,1,532500,0,532500,설치완료,택배(안성1),울산,재구매,
NV-260708-0003,2026-07-08,15:41,네이버 브랜드스토어,,SB-T-MAX-Q,맥시멈 토퍼 매트리스,Q,1,532500,0,532500,설치완료,택배(안성1),울산,신규,
SG-260708-0001,2026-07-08,12:05,SSG닷컴,,SB-P-CLB,클라우드 버디 베개,단일,1,61900,0,61900,설치완료,택배(안성1),부산,신규,
SG-260708-0002,2026-07-08,17:55,SSG닷컴,,SB-P-CLB,클라우드 버디 베개,단일,1,61900,0,61900,배송완료,택배(안성1),인천,신규,
SG-260708-0002,2026-07-08,17:55,SSG닷컴,,SB-P-CLL,클라우드 LOW 경추 베개,단일,1,54100,0,54100,배송완료,택배(안성1),인천,신규,
ST-260708-0001,2026-07-08,19:54,직영매장,노원,SB-T-ARC-SS,올라운드 컴포트 토퍼 매트리스,SS,2,458600,0,458600,반품완료,설치(용인 설치1),충남,재구매,
ST-260708-0001,2026-07-08,19:54,직영매장,노원,SB-M-MFM-K,미드나잇 풀문 매트리스,K,1,1073100,0,1073100,반품완료,설치(용인 설치1),충남,재구매,
ST-260708-0001,2026-07-08,19:54,직영매장,노원,SB-T-ARB5-Q,올라운드 밸런스 토퍼 매트리스 5cm,Q,2,637200,0,637200,반품완료,설치(용인 설치1),충남,재구매,
ST-260708-0002,2026-07-08,14:13,직영매장,용산,SB-T-ARB5-Q,올라운드 밸런스 토퍼 매트리스 5cm,Q,2,637200,0,637200,취소,설치(용인 설치1),대전,재구매,
NV-260708-0004,2026-07-08,20:05,네이버 브랜드스토어,,SB-F-AMD-K,아몬드 무헤드형 침대,K,1,902100,0,902100,배송완료,설치(용인 설치1),경기,신규,
OH-260708-0003,2026-07-08,15:13,오늘의집,,SB-F-BAU-G,바우 키즈 원목 가드형 데이베드 침대,SS,1,743100,0,743100,배송중,설치(용인 설치1),서울,재구매,
OH-260708-0003,2026-07-08,15:13,오늘의집,,SB-T-ARC-SS,올라운드 컴포트 토퍼 매트리스,SS,1,203100,0,203100,배송중,택배(안성1),서울,재구매,
SG-260708-0003,2026-07-08,20:10,SSG닷컴,,SB-P-CLB,클라우드 버디 베개,단일,2,123800,0,123800,배송완료,택배(안성1),제주,재구매,
NV-260708-0005,2026-07-08,19:55,네이버 브랜드스토어,,SB-M-EVR-Q,이브닝 리버서블 매트리스,Q,1,405500,0,405500,배송완료,설치(용인 설치1),경기,재구매,
ST-260709-0001,2026-07-09,19:35,직영매장,용산,SB-MO-EVM-Q,이브닝 모션 매트리스,Q,1,1224300,0,1224300,배송완료,설치(용인 설치1),경남,재구매,
ST-260709-0001,2026-07-09,19:35,직영매장,용산,SB-T-ARB7-SS,올라운드 밸런스 토퍼 매트리스 7cm,SS,2,541000,0,541000,배송완료,설치(용인 설치1),경남,재구매,
NV-260709-0001,2026-07-09,15:17,네이버 브랜드스토어,,SB-T-ARB7-Q,올라운드 밸런스 토퍼 매트리스 7cm,Q,2,593600,151000,442600,배송완료,택배(안성1),경기,신규,LV-2026-03
CP-260709-0001,2026-07-09,16:10,쿠팡 로켓,,SB-T-ARB7-Q,올라운드 밸런스 토퍼 매트리스 7cm,Q,1,290700,0,290700,배송완료,택배(안성1),서울,신규,
NV-260709-0002,2026-07-09,09:17,네이버 브랜드스토어,,SB-M-DFC-Q,딥플로우 컴포트 매트리스,Q,1,594400,0,594400,설치완료,설치(용인 설치1),경기,신규,
NV-260709-0003,2026-07-09,01:05,네이버 브랜드스토어,,SB-T-ARB5-SS,올라운드 밸런스 토퍼 매트리스 5cm,SS,1,246600,66900,179700,반품완료,택배(안성1),서울,재구매,LV-2026-03
NV-260709-0004,2026-07-09,09:22,네이버 브랜드스토어,,SB-T-ARB7-Q,올라운드 밸런스 토퍼 매트리스 7cm,Q,1,296800,75500,221300,교환완료,택배(안성1),경남,신규,LV-2026-03
CP-260709-0002,2026-07-09,13:25,쿠팡 로켓,,SB-M-DFC-Q,딥플로우 컴포트 매트리스,Q,1,582200,0,582200,배송완료,설치(용인 설치1),서울,재구매,
NV-260709-0005,2026-07-09,09:34,네이버 브랜드스토어,,SB-T-ARB5-Q,올라운드 밸런스 토퍼 매트리스 5cm,Q,1,294300,0,294300,설치완료,택배(안성1),경기,재구매,
NV-260709-0005,2026-07-09,09:34,네이버 브랜드스토어,,SB-P-CLL,클라우드 LOW 경추 베개,단일,1,53600,0,53600,설치완료,택배(안성1),경기,재구매,
NV-260709-0006,2026-07-09,22:06,네이버 브랜드스토어,,SB-T-ARB5-SS,올라운드 밸런스 토퍼 매트리스 5cm,SS,2,493200,133800,359400,배송완료,택배(안성1),서울,신규,LV-2026-03
NV-260709-0007,2026-07-09,22:46,네이버 브랜드스토어,,SB-T-ARB7-Q,올라운드 밸런스 토퍼 매트리스 7cm,Q,1,296800,75500,221300,배송완료,택배(안성1),대전,신규,LV-2026-03
NV-260709-0008,2026-07-09,19:36,네이버 브랜드스토어,,SB-T-NMX-SS,더 뉴 맥시멈 토퍼 매트리스,SS,1,445200,0,445200,배송완료,택배(안성1),경기,신규,
CP-260709-0003,2026-07-09,12:23,쿠팡 로켓,,SB-M-DFC-Q,딥플로우 컴포트 매트리스,Q,1,582200,0,582200,배송완료,설치(용인 설치1),강원,신규,
CP-260709-0003,2026-07-09,12:23,쿠팡 로켓,,SB-T-ARB5-SS,올라운드 밸런스 토퍼 매트리스 5cm,SS,1,241500,0,241500,배송완료,택배(안성1),강원,신규,
CP-260709-0003,2026-07-09,12:23,쿠팡 로켓,,SB-T-ARB7-Q,올라운드 밸런스 토퍼 매트리스 7cm,Q,1,290700,0,290700,배송완료,택배(안성1),강원,신규,
NV-260709-0009,2026-07-09,20:30,네이버 브랜드스토어,,SB-T-ARB5-SS,올라운드 밸런스 토퍼 매트리스 5cm,SS,1,246600,66900,179700,설치완료,택배(안성1),강원,신규,LV-2026-03
NV-260709-0009,2026-07-09,20:30,네이버 브랜드스토어,,SB-T-ARB7-Q,올라운드 밸런스 토퍼 매트리스 7cm,Q,1,296800,75500,221300,설치완료,택배(안성1),강원,신규,LV-2026-03
NV-260709-0010,2026-07-09,20:08,네이버 브랜드스토어,,SB-T-ARB7-Q,올라운드 밸런스 토퍼 매트리스 7cm,Q,1,296800,75500,221300,설치완료,택배(안성1),부산,신규,LV-2026-03
NV-260709-0011,2026-07-09,11:16,네이버 브랜드스토어,,SB-T-ARB7-Q,올라운드 밸런스 토퍼 매트리스 7cm,Q,1,296800,75500,221300,설치완료,택배(안성1),울산,신규,LV-2026-03
CP-260709-0004,2026-07-09,14:19,쿠팡 로켓,,SB-T-ARB7-Q,올라운드 밸런스 토퍼 매트리스 7cm,Q,1,290700,0,290700,배송완료,택배(안성1),서울,신규,
NV-260709-0012,2026-07-09,18:37,네이버 브랜드스토어,,SB-T-ARB7-Q,올라운드 밸런스 토퍼 매트리스 7cm,Q,1,296800,75500,221300,배송완료,택배(안성1),경기,신규,LV-2026-03
NV-260709-0013,2026-07-09,09:31,네이버 브랜드스토어,,SB-T-ARB5-SS,올라운드 밸런스 토퍼 매트리스 5cm,SS,1,246600,66900,179700,배송완료,택배(안성1),서울,신규,LV-2026-03
CP-260709-0005,2026-07-09,20:37,쿠팡 로켓,,SB-A-DPM,딥뮤트 수면안대,단일,1,29600,0,29600,배송완료,택배(안성1),서울,신규,
NV-260709-0014,2026-07-09,08:43,네이버 브랜드스토어,,SB-T-ARB5-SS,올라운드 밸런스 토퍼 매트리스 5cm,SS,2,493200,133800,359400,교환완료,택배(안성1),부산,신규,LV-2026-03
NV-260709-0015,2026-07-09,16:08,네이버 브랜드스토어,,SB-T-ARB7-Q,올라운드 밸런스 토퍼 매트리스 7cm,Q,1,296800,75500,221300,배송완료,택배(안성1),경기,신규,LV-2026-03
NV-260709-0015,2026-07-09,16:08,네이버 브랜드스토어,,SB-T-ARB5-SS,올라운드 밸런스 토퍼 매트리스 5cm,SS,1,246600,66900,179700,배송완료,택배(안성1),경기,신규,LV-2026-03
NV-260709-0016,2026-07-09,15:52,네이버 브랜드스토어,,SB-T-ARB7-Q,올라운드 밸런스 토퍼 매트리스 7cm,Q,1,296800,75500,221300,설치완료,택배(안성1),인천,신규,LV-2026-03
NV-260709-0017,2026-07-09,19:28,네이버 브랜드스토어,,SB-M-DFC-Q,딥플로우 컴포트 매트리스,Q,1,594400,0,594400,배송완료,설치(용인 설치1),경기,신규,
NV-260709-0018,2026-07-09,07:59,네이버 브랜드스토어,,SB-T-ARB7-Q,올라운드 밸런스 토퍼 매트리스 7cm,Q,1,296800,75500,221300,배송완료,택배(안성1),대구,신규,LV-2026-03
NV-260709-0019,2026-07-09,13:24,네이버 브랜드스토어,,SB-T-ARB5-SS,올라운드 밸런스 토퍼 매트리스 5cm,SS,1,246600,66900,179700,배송완료,택배(안성1),인천,신규,LV-2026-03
NV-260709-0020,2026-07-09,12:27,네이버 브랜드스토어,,SB-T-ARB5-SS,올라운드 밸런스 토퍼 매트리스 5cm,SS,1,246600,66900,179700,설치완료,택배(안성1),대구,재구매,LV-2026-03
ST-260709-0002,2026-07-09,22:12,직영매장,슬로우나잇 스타필드 수원,SB-P-CLB,클라우드 버디 베개,단일,1,66400,0,66400,설치완료,매장수령,경기,재구매,
NV-260709-0021,2026-07-09,19:22,네이버 브랜드스토어,,SB-T-ARC-Q,올라운드 컴포트 토퍼 매트리스,Q,1,249700,0,249700,배송완료,택배(안성1),서울,재구매,
NV-260709-0021,2026-07-09,19:22,네이버 브랜드스토어,,SB-T-ARB7-Q,올라운드 밸런스 토퍼 매트리스 7cm,Q,2,593600,151000,442600,배송완료,택배(안성1),서울,재구매,LV-2026-03
NV-260709-0022,2026-07-09,06:28,네이버 브랜드스토어,,SB-T-ARB7-Q,올라운드 밸런스 토퍼 매트리스 7cm,Q,1,296800,75500,221300,취소,택배(안성1),경남,신규,LV-2026-03
NV-260709-0023,2026-07-09,07:10,네이버 브랜드스토어,,SB-T-ARB7-Q,올라운드 밸런스 토퍼 매트리스 7cm,Q,1,296800,75500,221300,반품완료,택배(안성1),서울,재구매,LV-2026-03
OH-260709-0001,2026-07-09,11:08,오늘의집,,SB-T-ARB7-Q,올라운드 밸런스 토퍼 매트리스 7cm,Q,1,284600,0,284600,설치완료,택배(안성1),대구,신규,
NV-260709-0024,2026-07-09,17:56,네이버 브랜드스토어,,SB-M-EVR-S,이브닝 리버서블 매트리스,S,1,349100,0,349100,설치완료,설치(용인 설치1),경기,신규,
NV-260709-0025,2026-07-09,14:06,네이버 브랜드스토어,,SB-T-ARB5-SS,올라운드 밸런스 토퍼 매트리스 5cm,SS,1,246600,66900,179700,설치완료,택배(안성1),충남,신규,LV-2026-03
NV-260709-0025,2026-07-09,14:06,네이버 브랜드스토어,,SB-T-ARB7-Q,올라운드 밸런스 토퍼 매트리스 7cm,Q,1,296800,75500,221300,설치완료,택배(안성1),충남,신규,LV-2026-03
NV-260709-0026,2026-07-09,19:18,네이버 브랜드스토어,,SB-M-ORG-SS,오리지널 매트리스 미디엄 소프트,SS,1,432600,0,432600,배송완료,설치(용인 설치1),서울,신규,
SG-260709-0001,2026-07-09,18:58,SSG닷컴,,SB-T-ARB5-SS,올라운드 밸런스 토퍼 매트리스 5cm,SS,1,249100,0,249100,배송중,택배(안성1),서울,신규,
NV-260709-0027,2026-07-09,16:05,네이버 브랜드스토어,,SB-T-ARB5-SS,올라운드 밸런스 토퍼 매트리스 5cm,SS,1,246600,66900,179700,설치완료,택배(안성1),서울,신규,LV-2026-03
NV-260709-0027,2026-07-09,16:05,네이버 브랜드스토어,,SB-M-EVR-SS,이브닝 리버서블 매트리스,SS,1,380200,0,380200,설치완료,설치(용인 설치1),서울,신규,
NV-260709-0028,2026-07-09,15:28,네이버 브랜드스토어,,SB-T-ARB5-SS,올라운드 밸런스 토퍼 매트리스 5cm,SS,2,493200,133800,359400,취소,택배(안성1),울산,신규,LV-2026-03
NV-260709-0028,2026-07-09,15:28,네이버 브랜드스토어,,SB-MO-EVM-SS,이브닝 모션 매트리스,SS,1,1039800,0,1039800,취소,설치(용인 설치1),울산,신규,
NV-260709-0029,2026-07-09,14:44,네이버 브랜드스토어,,SB-T-MAX-SS,맥시멈 토퍼 매트리스,SS,2,890400,0,890400,배송완료,택배(안성1),대전,재구매,
NV-260709-0030,2026-07-09,12:47,네이버 브랜드스토어,,SB-T-ARB5-SS,올라운드 밸런스 토퍼 매트리스 5cm,SS,1,246600,66900,179700,배송완료,택배(안성1),경기,재구매,LV-2026-03
NV-260709-0031,2026-07-09,02:15,네이버 브랜드스토어,,SB-T-ARB7-Q,올라운드 밸런스 토퍼 매트리스 7cm,Q,1,296800,75500,221300,배송완료,택배(안성1),경기,재구매,LV-2026-03
OH-260709-0002,2026-07-09,10:30,오늘의집,,SB-T-ARB7-SS,올라운드 밸런스 토퍼 매트리스 7cm,SS,1,239600,0,239600,반품완료,택배(안성1),경기,신규,
CP-260709-0006,2026-07-09,16:13,쿠팡 로켓,,SB-T-ARB5-SS,올라운드 밸런스 토퍼 매트리스 5cm,SS,1,241500,0,241500,취소,택배(안성1),부산,재구매,
NV-260709-0032,2026-07-09,11:18,네이버 브랜드스토어,,SB-T-ARB5-Q,올라운드 밸런스 토퍼 매트리스 5cm,Q,1,294300,0,294300,반품완료,택배(안성1),대전,신규,
NV-260709-0033,2026-07-09,12:10,네이버 브랜드스토어,,SB-T-ARB7-Q,올라운드 밸런스 토퍼 매트리스 7cm,Q,1,296800,75500,221300,설치완료,택배(안성1),경기,신규,LV-2026-03
NV-260709-0033,2026-07-09,12:10,네이버 브랜드스토어,,SB-P-CLL,클라우드 LOW 경추 베개,단일,1,53600,0,53600,설치완료,택배(안성1),경기,신규,
NV-260709-0034,2026-07-09,17:07,네이버 브랜드스토어,,SB-T-ARB5-SS,올라운드 밸런스 토퍼 매트리스 5cm,SS,1,246600,66900,179700,배송완료,택배(안성1),대구,신규,LV-2026-03
NV-260709-0035,2026-07-09,21:36,네이버 브랜드스토어,,SB-T-ARB7-Q,올라운드 밸런스 토퍼 매트리스 7cm,Q,1,296800,75500,221300,배송완료,택배(안성1),충남,신규,LV-2026-03
NV-260709-0036,2026-07-09,05:50,네이버 브랜드스토어,,SB-T-ARB5-SS,올라운드 밸런스 토퍼 매트리스 5cm,SS,1,246600,66900,179700,설치완료,택배(안성1),인천,재구매,LV-2026-03
CJ-260709-0001,2026-07-09,07:01,CJ온스타일,,SB-T-ARC-SS,올라운드 컴포트 토퍼 매트리스,SS,1,209700,0,209700,배송완료,택배(안성1),경기,재구매,
CJ-260709-0001,2026-07-09,07:01,CJ온스타일,,SB-T-ARB5-Q,올라운드 밸런스 토퍼 매트리스 5cm,Q,1,291300,0,291300,배송완료,택배(안성1),경기,재구매,
CJ-260709-0001,2026-07-09,07:01,CJ온스타일,,SB-T-ARB7-Q,올라운드 밸런스 토퍼 매트리스 7cm,Q,1,293800,0,293800,배송완료,택배(안성1),경기,재구매,
NV-260709-0037,2026-07-09,21:50,네이버 브랜드스토어,,SB-T-ARB7-Q,올라운드 밸런스 토퍼 매트리스 7cm,Q,1,296800,75500,221300,배송중,택배(안성1),서울,신규,LV-2026-03
NV-260709-0038,2026-07-09,21:34,네이버 브랜드스토어,,SB-T-ARB7-Q,올라운드 밸런스 토퍼 매트리스 7cm,Q,1,296800,75500,221300,설치완료,택배(안성1),서울,재구매,LV-2026-03
NV-260709-0039,2026-07-09,16:11,네이버 브랜드스토어,,SB-M-ORG-Q,오리지널 매트리스 미디엄 소프트,Q,1,460800,0,460800,배송완료,설치(용인 설치1),인천,재구매,
NV-260709-0039,2026-07-09,16:11,네이버 브랜드스토어,,SB-T-ARB5-SS,올라운드 밸런스 토퍼 매트리스 5cm,SS,2,493200,133800,359400,배송완료,택배(안성1),인천,재구매,LV-2026-03
HM-260709-0001,2026-07-09,06:52,자사몰,,SB-T-ARB5-SS,올라운드 밸런스 토퍼 매트리스 5cm,SS,1,254200,0,254200,배송완료,택배(안성1),서울,신규,
HM-260709-0001,2026-07-09,06:52,자사몰,,SB-M-ORG-SS,오리지널 매트리스 미디엄 소프트,SS,1,446000,0,446000,배송완료,설치(용인 설치1),서울,신규,
NV-260709-0040,2026-07-09,16:58,네이버 브랜드스토어,,SB-T-ARB5-SS,올라운드 밸런스 토퍼 매트리스 5cm,SS,1,246600,66900,179700,배송완료,택배(안성1),경기,재구매,LV-2026-03
OH-260709-0003,2026-07-09,20:14,오늘의집,,SB-T-ARB7-Q,올라운드 밸런스 토퍼 매트리스 7cm,Q,1,284600,0,284600,설치완료,택배(안성1),경기,재구매,
NV-260709-0041,2026-07-09,15:26,네이버 브랜드스토어,,SB-T-ARB7-SS,올라운드 밸런스 토퍼 매트리스 7cm,SS,2,499800,0,499800,설치완료,택배(안성1),경기,신규,
CP-260709-0007,2026-07-09,20:00,쿠팡 로켓,,SB-P-CLB,클라우드 버디 베개,단일,1,60000,0,60000,배송완료,택배(안성1),경기,재구매,
NV-260709-0042,2026-07-09,08:14,네이버 브랜드스토어,,SB-A-DPM,딥뮤트 수면안대,단일,1,30300,0,30300,배송완료,택배(안성1),서울,재구매,
ST-260709-0003,2026-07-09,11:33,직영매장,슬로우나잇 논현,SB-T-ARB5-SS,올라운드 밸런스 토퍼 매트리스 5cm,SS,1,266900,0,266900,배송중,설치(용인 설치1),부산,신규,
ST-260709-0003,2026-07-09,11:33,직영매장,슬로우나잇 논현,SB-T-ARB7-Q,올라운드 밸런스 토퍼 매트리스 7cm,Q,1,321300,0,321300,배송중,설치(용인 설치1),부산,신규,
SG-260709-0002,2026-07-09,20:16,SSG닷컴,,SB-T-ARB7-Q,올라운드 밸런스 토퍼 매트리스 7cm,Q,1,299900,0,299900,설치완료,택배(안성1),충남,신규,
NV-260709-0043,2026-07-09,10:06,네이버 브랜드스토어,,SB-P-CLL,클라우드 LOW 경추 베개,단일,1,53600,0,53600,설치완료,택배(안성1),경기,신규,
NV-260709-0044,2026-07-09,23:58,네이버 브랜드스토어,,SB-T-ARB5-SS,올라운드 밸런스 토퍼 매트리스 5cm,SS,1,246600,66900,179700,배송완료,택배(안성1),경기,재구매,LV-2026-03
NV-260709-0045,2026-07-09,12:05,네이버 브랜드스토어,,SB-T-ARB5-SS,올라운드 밸런스 토퍼 매트리스 5cm,SS,1,246600,66900,179700,설치완료,택배(안성1),부산,신규,LV-2026-03
NV-260709-0046,2026-07-09,01:49,네이버 브랜드스토어,,SB-T-ARB7-Q,올라운드 밸런스 토퍼 매트리스 7cm,Q,1,296800,75500,221300,배송완료,택배(안성1),인천,신규,LV-2026-03
NV-260709-0047,2026-07-09,16:41,네이버 브랜드스토어,,SB-T-ARC-Q,올라운드 컴포트 토퍼 매트리스,Q,1,249700,0,249700,배송완료,택배(안성1),경기,신규,
NV-260709-0048,2026-07-09,11:59,네이버 브랜드스토어,,SB-T-ARB7-Q,올라운드 밸런스 토퍼 매트리스 7cm,Q,1,296800,75500,221300,설치완료,택배(안성1),부산,신규,LV-2026-03
NV-260709-0049,2026-07-09,08:54,네이버 브랜드스토어,,SB-T-ARB7-Q,올라운드 밸런스 토퍼 매트리스 7cm,Q,1,296800,75500,221300,배송완료,택배(안성1),대전,신규,LV-2026-03
NV-260710-0001,2026-07-10,16:28,네이버 브랜드스토어,,SB-T-ARB7-Q,올라운드 밸런스 토퍼 매트리스 7cm,Q,1,296800,0,296800,배송완료,택배(안성1),서울,신규,
NV-260710-0002,2026-07-10,11:15,네이버 브랜드스토어,,SB-T-ARB5-SS,올라운드 밸런스 토퍼 매트리스 5cm,SS,1,246600,0,246600,배송완료,택배(안성1),강원,신규,
NV-260710-0003,2026-07-10,17:23,네이버 브랜드스토어,,SB-T-ARB5-SS,올라운드 밸런스 토퍼 매트리스 5cm,SS,1,246600,0,246600,반품완료,택배(안성1),서울,신규,
NV-260710-0004,2026-07-10,18:18,네이버 브랜드스토어,,SB-T-ARB7-Q,올라운드 밸런스 토퍼 매트리스 7cm,Q,1,296800,0,296800,교환완료,택배(안성1),울산,신규,
NV-260710-0004,2026-07-10,18:18,네이버 브랜드스토어,,SB-T-ARB5-SS,올라운드 밸런스 토퍼 매트리스 5cm,SS,1,246600,0,246600,교환완료,택배(안성1),울산,신규,
NV-260710-0005,2026-07-10,14:44,네이버 브랜드스토어,,SB-T-ARB5-SS,올라운드 밸런스 토퍼 매트리스 5cm,SS,1,246600,0,246600,배송완료,택배(안성1),서울,신규,
NV-260710-0006,2026-07-10,22:14,네이버 브랜드스토어,,SB-T-ARB5-SS,올라운드 밸런스 토퍼 매트리스 5cm,SS,1,246600,0,246600,교환완료,택배(안성1),서울,신규,
NV-260710-0006,2026-07-10,22:14,네이버 브랜드스토어,,SB-T-ARB7-Q,올라운드 밸런스 토퍼 매트리스 7cm,Q,2,593600,0,593600,교환완료,택배(안성1),서울,신규,
NV-260710-0006,2026-07-10,22:14,네이버 브랜드스토어,,SB-T-GRB-SS,그라운드 밸런스 토퍼 매트리스,SS,1,506300,0,506300,교환완료,택배(안성1),서울,신규,
NV-260710-0007,2026-07-10,20:56,네이버 브랜드스토어,,SB-M-EVR-S,이브닝 리버서블 매트리스,S,1,349100,0,349100,배송완료,설치(용인 설치1),서울,재구매,
NV-260710-0008,2026-07-10,01:58,네이버 브랜드스토어,,SB-F-AMD-K,아몬드 무헤드형 침대,K,1,902100,0,902100,배송완료,설치(용인 설치1),경기,신규,
NV-260710-0008,2026-07-10,01:58,네이버 브랜드스토어,,SB-T-ARB7-Q,올라운드 밸런스 토퍼 매트리스 7cm,Q,1,296800,0,296800,배송완료,택배(안성1),경기,신규,
NV-260710-0009,2026-07-10,11:08,네이버 브랜드스토어,,SB-T-ARB5-SS,올라운드 밸런스 토퍼 매트리스 5cm,SS,1,246600,0,246600,배송완료,택배(안성1),강원,신규,
NV-260710-0010,2026-07-10,11:32,네이버 브랜드스토어,,SB-T-ARB7-Q,올라운드 밸런스 토퍼 매트리스 7cm,Q,1,296800,0,296800,배송완료,택배(안성1),서울,신규,
NV-260710-0011,2026-07-10,22:01,네이버 브랜드스토어,,SB-T-ARB7-Q,올라운드 밸런스 토퍼 매트리스 7cm,Q,1,296800,0,296800,배송완료,택배(안성1),강원,신규,
NV-260710-0012,2026-07-10,20:15,네이버 브랜드스토어,,SB-T-ARB7-Q,올라운드 밸런스 토퍼 매트리스 7cm,Q,1,296800,0,296800,배송완료,택배(안성1),경기,신규,
ST-260710-0001,2026-07-10,15:19,직영매장,대전둔산,SB-T-ARB5-SS,올라운드 밸런스 토퍼 매트리스 5cm,SS,1,266900,0,266900,설치완료,설치(용인 설치1),경기,신규,
ST-260710-0002,2026-07-10,00:54,직영매장,용산,SB-A-DPM,딥뮤트 수면안대,단일,1,32800,0,32800,배송완료,매장수령,경남,신규,
ST-260710-0002,2026-07-10,00:54,직영매장,용산,SB-T-ARB5-SS,올라운드 밸런스 토퍼 매트리스 5cm,SS,2,533800,0,533800,배송완료,설치(용인 설치1),경남,신규,
ST-260710-0002,2026-07-10,00:54,직영매장,용산,SB-M-DFB-SS,딥플로우 밸런스 매트리스,SS,1,539700,0,539700,배송완료,설치(용인 설치1),경남,신규,
NV-260710-0013,2026-07-10,05:42,네이버 브랜드스토어,,SB-T-ARB7-Q,올라운드 밸런스 토퍼 매트리스 7cm,Q,1,296800,0,296800,배송완료,택배(안성1),서울,신규,
HM-260710-0001,2026-07-10,15:07,자사몰,,SB-A-DPM,딥뮤트 수면안대,단일,1,31200,0,31200,배송완료,택배(안성1),인천,신규,
NV-260710-0014,2026-07-10,21:29,네이버 브랜드스토어,,SB-T-ARB5-SS,올라운드 밸런스 토퍼 매트리스 5cm,SS,1,246600,0,246600,배송완료,택배(안성1),서울,재구매,
NV-260710-0015,2026-07-10,08:31,네이버 브랜드스토어,,SB-A-DPM,딥뮤트 수면안대,단일,1,30300,0,30300,설치완료,택배(안성1),경기,재구매,
CP-260710-0001,2026-07-10,02:54,쿠팡 로켓,,SB-T-ARB5-SS,올라운드 밸런스 토퍼 매트리스 5cm,SS,1,241500,0,241500,배송완료,택배(안성1),서울,신규,
NV-260710-0016,2026-07-10,17:18,네이버 브랜드스토어,,SB-M-EVS-K,이브닝 스타릿 매트리스,K,1,754700,0,754700,배송완료,설치(용인 설치1),서울,신규,
NV-260710-0017,2026-07-10,21:54,네이버 브랜드스토어,,SB-T-ARB7-Q,올라운드 밸런스 토퍼 매트리스 7cm,Q,1,296800,0,296800,교환완료,택배(안성1),경기,신규,
NV-260710-0017,2026-07-10,21:54,네이버 브랜드스토어,,SB-T-ARB5-SS,올라운드 밸런스 토퍼 매트리스 5cm,SS,1,246600,0,246600,교환완료,택배(안성1),경기,신규,
OH-260710-0001,2026-07-10,07:43,오늘의집,,SB-T-ARB7-Q,올라운드 밸런스 토퍼 매트리스 7cm,Q,1,284600,0,284600,배송완료,택배(안성1),서울,신규,
NV-260710-0018,2026-07-10,12:39,네이버 브랜드스토어,,SB-T-ARB7-Q,올라운드 밸런스 토퍼 매트리스 7cm,Q,1,296800,0,296800,배송중,택배(안성1),경기,신규,
NV-260710-0019,2026-07-10,09:41,네이버 브랜드스토어,,SB-T-ARB5-SS,올라운드 밸런스 토퍼 매트리스 5cm,SS,2,493200,0,493200,배송완료,택배(안성1),인천,재구매,
NV-260710-0020,2026-07-10,15:44,네이버 브랜드스토어,,SB-P-CLL,클라우드 LOW 경추 베개,단일,1,53600,0,53600,배송중,택배(안성1),서울,재구매,
NV-260710-0021,2026-07-10,15:32,네이버 브랜드스토어,,SB-T-ARB7-Q,올라운드 밸런스 토퍼 매트리스 7cm,Q,1,296800,0,296800,배송완료,택배(안성1),경기,신규,
NV-260710-0022,2026-07-10,11:11,네이버 브랜드스토어,,SB-T-ARB7-Q,올라운드 밸런스 토퍼 매트리스 7cm,Q,2,593600,0,593600,설치완료,택배(안성1),부산,신규,
CP-260710-0002,2026-07-10,15:54,쿠팡 로켓,,SB-T-ARB7-Q,올라운드 밸런스 토퍼 매트리스 7cm,Q,2,581400,0,581400,반품완료,택배(안성1),제주,신규,
NV-260710-0023,2026-07-10,06:26,네이버 브랜드스토어,,SB-T-ARB5-SS,올라운드 밸런스 토퍼 매트리스 5cm,SS,1,246600,0,246600,설치완료,택배(안성1),경기,신규,
NV-260710-0024,2026-07-10,17:42,네이버 브랜드스토어,,SB-P-CLL,클라우드 LOW 경추 베개,단일,1,53600,0,53600,배송완료,택배(안성1),부산,신규,
NV-260710-0025,2026-07-10,09:25,네이버 브랜드스토어,,SB-T-ARB7-Q,올라운드 밸런스 토퍼 매트리스 7cm,Q,1,296800,0,296800,설치완료,택배(안성1),서울,재구매,
NV-260710-0026,2026-07-10,21:04,네이버 브랜드스토어,,SB-F-BAU-G,바우 키즈 원목 가드형 데이베드 침대,SS,1,775000,0,775000,배송완료,설치(용인 설치1),경기,신규,
NV-260710-0027,2026-07-10,00:13,네이버 브랜드스토어,,SB-T-ARB5-SS,올라운드 밸런스 토퍼 매트리스 5cm,SS,1,246600,0,246600,배송완료,택배(안성1),경기,재구매,
NV-260710-0028,2026-07-10,08:35,네이버 브랜드스토어,,SB-M-DFB-Q,딥플로우 밸런스 매트리스,Q,1,522200,0,522200,배송완료,설치(용인 설치1),경기,신규,
NV-260710-0028,2026-07-10,08:35,네이버 브랜드스토어,,SB-MO-EVM-SS,이브닝 모션 매트리스,SS,1,1039800,0,1039800,배송완료,설치(용인 설치1),경기,신규,
CJ-260710-0001,2026-07-10,17:36,CJ온스타일,,SB-T-ARB5-SS,올라운드 밸런스 토퍼 매트리스 5cm,SS,1,244000,0,244000,배송완료,택배(안성1),대전,신규,
CJ-260710-0002,2026-07-10,15:44,CJ온스타일,,SB-T-ARB5-SS,올라운드 밸런스 토퍼 매트리스 5cm,SS,1,244000,0,244000,배송완료,택배(안성1),부산,신규,
NV-260710-0029,2026-07-10,11:56,네이버 브랜드스토어,,SB-T-ARB7-Q,올라운드 밸런스 토퍼 매트리스 7cm,Q,1,296800,0,296800,배송완료,택배(안성1),광주,재구매,
OH-260710-0002,2026-07-10,18:33,오늘의집,,SB-T-ARB5-SS,올라운드 밸런스 토퍼 매트리스 5cm,SS,1,236400,0,236400,반품완료,택배(안성1),대구,신규,
NV-260710-0030,2026-07-10,11:27,네이버 브랜드스토어,,SB-T-ARB5-SS,올라운드 밸런스 토퍼 매트리스 5cm,SS,1,246600,0,246600,배송완료,택배(안성1),서울,신규,
OH-260710-0003,2026-07-10,07:05,오늘의집,,SB-A-DPM,딥뮤트 수면안대,단일,1,29000,0,29000,배송완료,택배(안성1),서울,신규,
NV-260710-0031,2026-07-10,21:03,네이버 브랜드스토어,,SB-M-EVR-Q,이브닝 리버서블 매트리스,Q,1,405500,0,405500,배송완료,설치(용인 설치1),서울,신규,
NV-260710-0031,2026-07-10,21:03,네이버 브랜드스토어,,SB-T-ARB7-Q,올라운드 밸런스 토퍼 매트리스 7cm,Q,1,296800,0,296800,배송완료,택배(안성1),서울,신규,
NV-260710-0032,2026-07-10,17:38,네이버 브랜드스토어,,SB-T-ARB5-SS,올라운드 밸런스 토퍼 매트리스 5cm,SS,1,246600,0,246600,배송완료,택배(안성1),대구,신규,
NV-260710-0033,2026-07-10,18:42,네이버 브랜드스토어,,SB-T-ARB7-Q,올라운드 밸런스 토퍼 매트리스 7cm,Q,1,296800,0,296800,배송중,택배(안성1),서울,재구매,
NV-260711-0001,2026-07-11,12:49,네이버 브랜드스토어,,SB-M-EVS-Q,이브닝 스타릿 매트리스,Q,1,684800,0,684800,설치완료,설치(용인 설치1),경기,재구매,
HM-260711-0001,2026-07-11,13:21,자사몰,,SB-T-ARB7-Q,올라운드 밸런스 토퍼 매트리스 7cm,Q,1,306000,0,306000,배송중,택배(안성1),경기,재구매,
HM-260711-0002,2026-07-11,20:05,자사몰,,SB-F-AMD-KK,아몬드 무헤드형 침대,KK,1,980000,0,980000,설치완료,설치(용인 설치1),서울,재구매,
OH-260711-0001,2026-07-11,21:34,오늘의집,,SB-P-CLB,클라우드 버디 베개,단일,1,58800,0,58800,반품완료,택배(안성1),서울,신규,
CP-260711-0001,2026-07-11,12:58,쿠팡 로켓,,SB-M-DFB-Q,딥플로우 밸런스 매트리스,Q,1,511500,0,511500,배송완료,설치(용인 설치1),광주,신규,
NV-260711-0002,2026-07-11,20:18,네이버 브랜드스토어,,SB-T-ARC-Q,올라운드 컴포트 토퍼 매트리스,Q,1,249700,0,249700,설치완료,택배(안성1),경기,신규,
NV-260711-0003,2026-07-11,13:36,네이버 브랜드스토어,,SB-MO-EVM-SS,이브닝 모션 매트리스,SS,1,1039800,0,1039800,교환완료,설치(용인 설치1),부산,재구매,
NV-260711-0004,2026-07-11,12:08,네이버 브랜드스토어,,SB-T-ARC-Q,올라운드 컴포트 토퍼 매트리스,Q,2,499400,0,499400,취소,택배(안성1),대전,신규,
SG-260711-0001,2026-07-11,21:16,SSG닷컴,,SB-A-DPM,딥뮤트 수면안대,단일,1,30600,0,30600,배송완료,택배(안성1),서울,신규,
SG-260711-0001,2026-07-11,21:16,SSG닷컴,,SB-T-ARB5-Q,올라운드 밸런스 토퍼 매트리스 5cm,Q,1,297300,0,297300,배송완료,택배(안성1),서울,신규,
SG-260711-0001,2026-07-11,21:16,SSG닷컴,,SB-F-AMD-K,아몬드 무헤드형 침대,K,1,911400,0,911400,배송완료,설치(용인 설치1),서울,신규,
NV-260711-0005,2026-07-11,11:28,네이버 브랜드스토어,,SB-P-CLB,클라우드 버디 베개,단일,2,122600,0,122600,설치완료,택배(안성1),서울,신규,
NV-260711-0006,2026-07-11,07:39,네이버 브랜드스토어,,SB-M-DFB-SS,딥플로우 밸런스 매트리스,SS,1,498600,0,498600,배송완료,설치(용인 설치1),서울,신규,
CP-260711-0002,2026-07-11,11:59,쿠팡 로켓,,SB-M-DFC-Q,딥플로우 컴포트 매트리스,Q,1,582200,0,582200,배송완료,설치(용인 설치1),경남,재구매,
CP-260711-0002,2026-07-11,11:59,쿠팡 로켓,,SB-MO-MBL-SS,모션 밸런스드 매트리스,SS,1,1353800,0,1353800,배송완료,설치(용인 설치1),경남,재구매,
ST-260711-0001,2026-07-11,09:06,직영매장,슬로우나잇 논현,SB-T-ARB5-Q,올라운드 밸런스 토퍼 매트리스 5cm,Q,1,318600,0,318600,배송완료,설치(용인 설치1),서울,신규,
CP-260711-0003,2026-07-11,10:54,쿠팡 로켓,,SB-M-DFB-Q,딥플로우 밸런스 매트리스,Q,1,511500,0,511500,배송중,설치(용인 설치1),대전,신규,
SG-260711-0002,2026-07-11,16:50,SSG닷컴,,SB-M-DFB-Q,딥플로우 밸런스 매트리스,Q,1,527600,0,527600,배송완료,설치(용인 설치1),서울,재구매,
SG-260711-0002,2026-07-11,16:50,SSG닷컴,,SB-M-MFM-K,미드나잇 풀문 매트리스,K,1,1001600,0,1001600,배송완료,설치(용인 설치1),서울,재구매,
SG-260711-0002,2026-07-11,16:50,SSG닷컴,,SB-T-NMX-SS,더 뉴 맥시멈 토퍼 매트리스,SS,1,449800,0,449800,배송완료,택배(안성1),서울,재구매,
ST-260712-0001,2026-07-12,07:19,직영매장,노원,SB-T-ARC-Q,올라운드 컴포트 토퍼 매트리스,Q,1,270300,0,270300,설치완료,설치(용인 설치1),서울,신규,
ST-260712-0002,2026-07-12,12:41,직영매장,용산,SB-F-AMD-K,아몬드 무헤드형 침대,K,1,976500,0,976500,설치완료,설치(용인 설치1),경기,신규,
NV-260712-0001,2026-07-12,12:12,네이버 브랜드스토어,,SB-P-CLB,클라우드 버디 베개,단일,1,61300,0,61300,설치완료,택배(안성1),대전,재구매,
ST-260712-0003,2026-07-12,09:21,직영매장,노원,SB-T-ARB5-SS,올라운드 밸런스 토퍼 매트리스 5cm,SS,1,266900,0,266900,교환완료,설치(용인 설치1),강원,재구매,
HM-260712-0001,2026-07-12,09:13,자사몰,,SB-T-ARC-Q,올라운드 컴포트 토퍼 매트리스,Q,1,257400,0,257400,배송완료,택배(안성1),인천,재구매,
HM-260712-0001,2026-07-12,09:13,자사몰,,SB-T-ARB5-Q,올라운드 밸런스 토퍼 매트리스 5cm,Q,1,303400,0,303400,배송완료,택배(안성1),인천,재구매,
HM-260712-0002,2026-07-12,08:09,자사몰,,SB-T-ARC-SS,올라운드 컴포트 토퍼 매트리스,SS,1,218400,0,218400,배송중,택배(안성1),충남,신규,
HM-260712-0002,2026-07-12,08:09,자사몰,,SB-T-NMX-Q,더 뉴 맥시멈 토퍼 매트리스,Q,1,549000,0,549000,배송중,택배(안성1),충남,신규,
OH-260712-0001,2026-07-12,07:03,오늘의집,,SB-P-CLB,클라우드 버디 베개,단일,2,117600,0,117600,설치완료,택배(안성1),경남,신규,
NV-260712-0002,2026-07-12,10:44,네이버 브랜드스토어,,SB-F-BAU-O,바우 키즈 원목 오픈형 데이베드 침대,SS,1,581000,0,581000,배송완료,설치(용인 설치1),부산,신규,
NV-260712-0002,2026-07-12,10:44,네이버 브랜드스토어,,SB-M-EVR-Q,이브닝 리버서블 매트리스,Q,1,405500,0,405500,배송완료,설치(용인 설치1),부산,신규,
HM-260712-0003,2026-07-12,06:56,자사몰,,SB-M-EVR-S,이브닝 리버서블 매트리스,S,1,359900,0,359900,배송완료,설치(용인 설치1),서울,재구매,
ST-260712-0004,2026-07-12,03:46,직영매장,용산,SB-T-ARC-Q,올라운드 컴포트 토퍼 매트리스,Q,1,270300,0,270300,취소,설치(용인 설치1),서울,신규,
HM-260712-0004,2026-07-12,16:36,자사몰,,SB-T-ARC-SS,올라운드 컴포트 토퍼 매트리스,SS,2,436800,0,436800,배송중,택배(안성1),경기,신규,
NV-260712-0003,2026-07-12,21:26,네이버 브랜드스토어,,SB-M-MFM-K,미드나잇 풀문 매트리스,K,1,991300,0,991300,배송완료,설치(용인 설치1),서울,신규,
NV-260712-0003,2026-07-12,21:26,네이버 브랜드스토어,,SB-P-CLL,클라우드 LOW 경추 베개,단일,2,107200,0,107200,배송완료,택배(안성1),서울,신규,
HM-260712-0005,2026-07-12,11:31,자사몰,,SB-T-ARB7-SS,올라운드 밸런스 토퍼 매트리스 7cm,SS,2,515200,0,515200,배송완료,택배(안성1),울산,신규,
HM-260712-0006,2026-07-12,07:05,자사몰,,SB-MO-EVM-SS,이브닝 모션 매트리스,SS,1,1072000,0,1072000,배송완료,설치(용인 설치1),경기,신규,
HM-260712-0006,2026-07-12,07:05,자사몰,,SB-MO-EVM-Q,이브닝 모션 매트리스,Q,1,1166000,0,1166000,배송완료,설치(용인 설치1),경기,신규,
CP-260713-0001,2026-07-13,17:25,쿠팡 로켓,,SB-A-DPM,딥뮤트 수면안대,단일,1,29600,0,29600,배송중,택배(안성1),경남,신규,
OH-260713-0001,2026-07-13,14:57,오늘의집,,SB-M-DFB-Q,딥플로우 밸런스 매트리스,Q,1,500700,0,500700,배송완료,설치(용인 설치1),부산,신규,
OH-260713-0001,2026-07-13,14:57,오늘의집,,SB-M-EVR-SS,이브닝 리버서블 매트리스,SS,1,364600,0,364600,배송완료,설치(용인 설치1),부산,신규,
CJ-260713-0001,2026-07-13,10:30,CJ온스타일,,SB-T-NMX-Q,더 뉴 맥시멈 토퍼 매트리스,Q,1,527000,0,527000,설치완료,택배(안성1),서울,재구매,
CP-260713-0002,2026-07-13,16:06,쿠팡 로켓,,SB-P-CLL,클라우드 LOW 경추 베개,단일,2,105000,0,105000,배송완료,택배(안성1),광주,신규,
CP-260713-0003,2026-07-13,20:09,쿠팡 로켓,,SB-T-ARC-Q,올라운드 컴포트 토퍼 매트리스,Q,2,489000,0,489000,설치완료,택배(안성1),충남,신규,
CP-260713-0003,2026-07-13,20:09,쿠팡 로켓,,SB-P-CLB,클라우드 버디 베개,단일,2,120000,0,120000,설치완료,택배(안성1),충남,신규,
NV-260713-0001,2026-07-13,07:34,네이버 브랜드스토어,,SB-A-DPM,딥뮤트 수면안대,단일,2,60600,0,60600,설치완료,택배(안성1),서울,신규,
NV-260713-0002,2026-07-13,09:54,네이버 브랜드스토어,,SB-T-ARC-SS,올라운드 컴포트 토퍼 매트리스,SS,1,211800,0,211800,설치완료,택배(안성1),서울,재구매,
NV-260713-0002,2026-07-13,09:54,네이버 브랜드스토어,,SB-A-DPM,딥뮤트 수면안대,단일,2,60600,0,60600,설치완료,택배(안성1),서울,재구매,
NV-260713-0002,2026-07-13,09:54,네이버 브랜드스토어,,SB-P-CLL,클라우드 LOW 경추 베개,단일,1,53600,0,53600,설치완료,택배(안성1),서울,재구매,
NV-260713-0003,2026-07-13,19:07,네이버 브랜드스토어,,SB-T-GRB-SS,그라운드 밸런스 토퍼 매트리스,SS,1,506300,0,506300,배송완료,택배(안성1),경기,신규,
OH-260713-0002,2026-07-13,15:34,오늘의집,,SB-T-ARCP-Q,올라운드 컴포트 플러스 토퍼 매트리스,Q,1,274200,0,274200,반품완료,택배(안성1),인천,신규,
OH-260713-0002,2026-07-13,15:34,오늘의집,,SB-T-NMX-SS,더 뉴 맥시멈 토퍼 매트리스,SS,1,426900,0,426900,반품완료,택배(안성1),인천,신규,
OH-260713-0002,2026-07-13,15:34,오늘의집,,SB-T-ARB5-Q,올라운드 밸런스 토퍼 매트리스 5cm,Q,1,282200,0,282200,반품완료,택배(안성1),인천,신규,
CJ-260713-0002,2026-07-13,06:32,CJ온스타일,,SB-T-ARB5-SS,올라운드 밸런스 토퍼 매트리스 5cm,SS,1,244000,0,244000,배송완료,택배(안성1),경기,신규,
ST-260713-0001,2026-07-13,00:47,직영매장,용산,SB-T-ARB5-Q,올라운드 밸런스 토퍼 매트리스 5cm,Q,1,318600,0,318600,설치완료,설치(용인 설치1),경기,재구매,
NV-260713-0004,2026-07-13,09:05,네이버 브랜드스토어,,SB-MO-EVM-Q,이브닝 모션 매트리스,Q,1,1131000,0,1131000,설치완료,설치(용인 설치1),서울,신규,
NV-260713-0005,2026-07-13,18:14,네이버 브랜드스토어,,SB-T-ARB7-Q,올라운드 밸런스 토퍼 매트리스 7cm,Q,1,296800,0,296800,설치완료,택배(안성1),광주,신규,
ST-260713-0002,2026-07-13,14:52,직영매장,노원,SB-P-CLB,클라우드 버디 베개,단일,1,66400,0,66400,배송중,매장수령,대구,신규,
CP-260713-0004,2026-07-13,21:43,쿠팡 로켓,,SB-T-ARB7-Q,올라운드 밸런스 토퍼 매트리스 7cm,Q,1,290700,0,290700,교환완료,택배(안성1),대구,재구매,
CP-260713-0004,2026-07-13,21:43,쿠팡 로켓,,SB-MO-EVM-Q,이브닝 모션 매트리스,Q,1,1107700,0,1107700,교환완료,설치(용인 설치1),대구,재구매,
HM-260714-0001,2026-07-14,19:51,자사몰,,SB-M-EVR-SS,이브닝 리버서블 매트리스,SS,1,392000,0,392000,배송중,설치(용인 설치1),인천,신규,
HM-260714-0001,2026-07-14,19:51,자사몰,,SB-M-EVS-K,이브닝 스타릿 매트리스,K,1,778000,0,778000,배송중,설치(용인 설치1),인천,신규,
NV-260714-0001,2026-07-14,19:18,네이버 브랜드스토어,,SB-T-ARB5-Q,올라운드 밸런스 토퍼 매트리스 5cm,Q,1,294300,0,294300,설치완료,택배(안성1),경기,신규,
NV-260714-0002,2026-07-14,13:48,네이버 브랜드스토어,,SB-T-ARB5-Q,올라운드 밸런스 토퍼 매트리스 5cm,Q,2,588600,0,588600,배송완료,택배(안성1),서울,신규,
CP-260714-0001,2026-07-14,09:08,쿠팡 로켓,,SB-T-ARB5-Q,올라운드 밸런스 토퍼 매트리스 5cm,Q,1,288200,0,288200,배송완료,택배(안성1),경기,재구매,
HM-260714-0002,2026-07-14,20:19,자사몰,,SB-T-NMX-Q,더 뉴 맥시멈 토퍼 매트리스,Q,2,1098000,0,1098000,반품완료,택배(안성1),서울,신규,
OH-260714-0001,2026-07-14,18:53,오늘의집,,SB-T-NMX-SS,더 뉴 맥시멈 토퍼 매트리스,SS,1,426900,0,426900,설치완료,택배(안성1),인천,신규,
NV-260714-0003,2026-07-14,17:24,네이버 브랜드스토어,,SB-A-DPM,딥뮤트 수면안대,단일,1,30300,0,30300,설치완료,택배(안성1),인천,신규,
NV-260714-0004,2026-07-14,10:25,네이버 브랜드스토어,,SB-T-ARB7-SS,올라운드 밸런스 토퍼 매트리스 7cm,SS,2,499800,0,499800,반품완료,택배(안성1),경남,신규,
NV-260714-0004,2026-07-14,10:25,네이버 브랜드스토어,,SB-M-ORG-SS,오리지널 매트리스 미디엄 소프트,SS,1,432600,0,432600,반품완료,설치(용인 설치1),경남,신규,
CJ-260714-0001,2026-07-14,13:34,CJ온스타일,,SB-T-ARC-SS,올라운드 컴포트 토퍼 매트리스,SS,1,209700,0,209700,설치완료,택배(안성1),경기,재구매,
CP-260714-0002,2026-07-14,13:10,쿠팡 로켓,,SB-M-EVR-Q,이브닝 리버서블 매트리스,Q,1,397100,0,397100,배송완료,설치(용인 설치1),서울,재구매,
CP-260714-0002,2026-07-14,13:10,쿠팡 로켓,,SB-T-NMX-Q,더 뉴 맥시멈 토퍼 매트리스,Q,1,521600,0,521600,배송완료,택배(안성1),서울,재구매,
CP-260714-0003,2026-07-14,10:52,쿠팡 로켓,,SB-T-ARB5-Q,올라운드 밸런스 토퍼 매트리스 5cm,Q,1,288200,0,288200,교환완료,택배(안성1),경기,재구매,
CP-260714-0004,2026-07-14,18:20,쿠팡 로켓,,SB-T-GRB-SS,그라운드 밸런스 토퍼 매트리스,SS,2,991800,0,991800,배송완료,택배(안성1),서울,재구매,
CP-260714-0004,2026-07-14,18:20,쿠팡 로켓,,SB-M-ORG-SS,오리지널 매트리스 미디엄 소프트,SS,1,423700,0,423700,배송완료,설치(용인 설치1),서울,재구매,
OH-260714-0002,2026-07-14,11:41,오늘의집,,SB-P-CLB,클라우드 버디 베개,단일,1,58800,0,58800,설치완료,택배(안성1),경기,신규,
OH-260714-0002,2026-07-14,11:41,오늘의집,,SB-T-ARC-Q,올라운드 컴포트 토퍼 매트리스,Q,1,239400,0,239400,설치완료,택배(안성1),경기,신규,
HM-260714-0003,2026-07-14,13:39,자사몰,,SB-F-BAU-O,바우 키즈 원목 오픈형 데이베드 침대,SS,1,599000,0,599000,설치완료,설치(용인 설치1),서울,신규,
NV-260715-0001,2026-07-15,09:04,네이버 브랜드스토어,,SB-A-DPM,딥뮤트 수면안대,단일,1,30300,0,30300,배송완료,택배(안성1),인천,신규,
NV-260715-0002,2026-07-15,15:13,네이버 브랜드스토어,,SB-T-ARB5-Q,올라운드 밸런스 토퍼 매트리스 5cm,Q,2,588600,0,588600,교환완료,택배(안성1),경기,신규,
NV-260715-0003,2026-07-15,11:42,네이버 브랜드스토어,,SB-M-ORG-SS,오리지널 매트리스 미디엄 소프트,SS,1,432600,0,432600,반품완료,설치(용인 설치1),인천,신규,
NV-260715-0003,2026-07-15,11:42,네이버 브랜드스토어,,SB-T-ARB5-Q,올라운드 밸런스 토퍼 매트리스 5cm,Q,1,294300,0,294300,반품완료,택배(안성1),인천,신규,
NV-260715-0004,2026-07-15,12:08,네이버 브랜드스토어,,SB-P-CLL,클라우드 LOW 경추 베개,단일,1,53600,0,53600,설치완료,택배(안성1),경기,신규,
SG-260715-0001,2026-07-15,16:49,SSG닷컴,,SB-T-NMX-SS,더 뉴 맥시멈 토퍼 매트리스,SS,1,449800,0,449800,배송완료,택배(안성1),서울,신규,
CJ-260715-0001,2026-07-15,11:13,CJ온스타일,,SB-M-EVR-Q,이브닝 리버서블 매트리스,Q,1,401300,0,401300,교환완료,설치(용인 설치1),경기,재구매,
HM-260715-0001,2026-07-15,09:18,자사몰,,SB-T-ARB5-Q,올라운드 밸런스 토퍼 매트리스 5cm,Q,1,303400,0,303400,설치완료,택배(안성1),부산,재구매,
NV-260715-0005,2026-07-15,20:40,네이버 브랜드스토어,,SB-F-AMD-KK,아몬드 무헤드형 침대,KK,1,950600,0,950600,배송완료,설치(용인 설치1),울산,재구매,
NV-260715-0006,2026-07-15,10:46,네이버 브랜드스토어,,SB-T-ARC-Q,올라운드 컴포트 토퍼 매트리스,Q,2,499400,0,499400,배송완료,택배(안성1),경기,신규,
SG-260715-0002,2026-07-15,10:27,SSG닷컴,,SB-T-NMX-Q,더 뉴 맥시멈 토퍼 매트리스,Q,1,538000,0,538000,배송완료,택배(안성1),경기,신규,
NV-260715-0007,2026-07-15,10:08,네이버 브랜드스토어,,SB-T-ARCP-Q,올라운드 컴포트 플러스 토퍼 매트리스,Q,1,286000,0,286000,배송완료,택배(안성1),서울,신규,
CJ-260715-0002,2026-07-15,14:22,CJ온스타일,,SB-M-DFC-Q,딥플로우 컴포트 매트리스,Q,1,588300,0,588300,설치완료,설치(용인 설치1),서울,재구매,
ST-260715-0001,2026-07-15,19:44,직영매장,노원,SB-P-CLB,클라우드 버디 베개,단일,1,66400,0,66400,배송완료,매장수령,대구,신규,
ST-260716-0001,2026-07-16,07:51,직영매장,송파,SB-M-EVS-K,이브닝 스타릿 매트리스,K,1,816900,0,816900,교환완료,설치(용인 설치1),서울,신규,
ST-260716-0002,2026-07-16,13:19,직영매장,대전둔산,SB-P-CLB,클라우드 버디 베개,단일,1,66400,0,66400,설치완료,매장수령,서울,재구매,
HM-260716-0001,2026-07-16,20:38,자사몰,,SB-MO-EVM-Q,이브닝 모션 매트리스,Q,1,1166000,0,1166000,배송완료,설치(용인 설치1),경기,신규,
CP-260716-0001,2026-07-16,22:57,쿠팡 로켓,,SB-T-ARB5-Q,올라운드 밸런스 토퍼 매트리스 5cm,Q,1,288200,0,288200,배송완료,택배(안성1),광주,신규,
ST-260716-0003,2026-07-16,07:48,직영매장,송파,SB-M-EVR-Q,이브닝 리버서블 매트리스,Q,1,438900,0,438900,배송완료,설치(용인 설치1),서울,신규,
NV-260716-0001,2026-07-16,20:52,네이버 브랜드스토어,,SB-T-MAX-Q,맥시멈 토퍼 매트리스,Q,1,532500,0,532500,교환완료,택배(안성1),부산,신규,
NV-260716-0001,2026-07-16,20:52,네이버 브랜드스토어,,SB-T-NMX-SS,더 뉴 맥시멈 토퍼 매트리스,SS,1,445200,0,445200,교환완료,택배(안성1),부산,신규,
HM-260716-0002,2026-07-16,13:43,자사몰,,SB-T-ARB7-Q,올라운드 밸런스 토퍼 매트리스 7cm,Q,1,306000,0,306000,배송중,택배(안성1),서울,신규,
OH-260716-0001,2026-07-16,21:23,오늘의집,,SB-T-ARB7-Q,올라운드 밸런스 토퍼 매트리스 7cm,Q,1,284600,0,284600,배송완료,택배(안성1),서울,신규,
NV-260716-0002,2026-07-16,09:42,네이버 브랜드스토어,,SB-T-ARC-SS,올라운드 컴포트 토퍼 매트리스,SS,1,211800,0,211800,배송완료,택배(안성1),서울,재구매,
NV-260716-0003,2026-07-16,09:11,네이버 브랜드스토어,,SB-T-ARC-Q,올라운드 컴포트 토퍼 매트리스,Q,2,499400,0,499400,배송완료,택배(안성1),서울,재구매,
HM-260716-0003,2026-07-16,14:28,자사몰,,SB-M-EVS-Q,이브닝 스타릿 매트리스,Q,1,706000,0,706000,배송완료,설치(용인 설치1),울산,신규,
HM-260716-0003,2026-07-16,14:28,자사몰,,SB-T-ARB5-Q,올라운드 밸런스 토퍼 매트리스 5cm,Q,1,303400,0,303400,배송완료,택배(안성1),울산,신규,
HM-260716-0003,2026-07-16,14:28,자사몰,,SB-T-ARC-SS,올라운드 컴포트 토퍼 매트리스,SS,1,218400,0,218400,배송완료,택배(안성1),울산,신규,
NV-260716-0004,2026-07-16,23:33,네이버 브랜드스토어,,SB-M-DFB-SS,딥플로우 밸런스 매트리스,SS,1,498600,0,498600,배송완료,설치(용인 설치1),충남,신규,
NV-260716-0004,2026-07-16,23:33,네이버 브랜드스토어,,SB-T-ARC-SS,올라운드 컴포트 토퍼 매트리스,SS,1,211800,0,211800,배송완료,택배(안성1),충남,신규,
ST-260716-0004,2026-07-16,12:02,직영매장,대전둔산,SB-P-CLL,클라우드 LOW 경추 베개,단일,2,116000,0,116000,배송완료,매장수령,인천,재구매,
ST-260716-0004,2026-07-16,12:02,직영매장,대전둔산,SB-T-ARB5-Q,올라운드 밸런스 토퍼 매트리스 5cm,Q,2,637200,0,637200,배송완료,설치(용인 설치1),인천,재구매,
CP-260716-0002,2026-07-16,19:24,쿠팡 로켓,,SB-MO-EVM-Q,이브닝 모션 매트리스,Q,1,1107700,0,1107700,반품완료,설치(용인 설치1),충남,재구매,
CP-260716-0002,2026-07-16,19:24,쿠팡 로켓,,SB-A-DPM,딥뮤트 수면안대,단일,2,59200,0,59200,반품완료,택배(안성1),충남,재구매,
CP-260716-0002,2026-07-16,19:24,쿠팡 로켓,,SB-T-NMX-Q,더 뉴 맥시멈 토퍼 매트리스,Q,1,521600,0,521600,반품완료,택배(안성1),충남,재구매,
OH-260716-0002,2026-07-16,11:01,오늘의집,,SB-T-NMX-Q,더 뉴 맥시멈 토퍼 매트리스,Q,2,1021200,0,1021200,설치완료,택배(안성1),부산,재구매,
OH-260716-0002,2026-07-16,11:01,오늘의집,,SB-M-EVR-SS,이브닝 리버서블 매트리스,SS,1,364600,0,364600,설치완료,설치(용인 설치1),부산,재구매,
HM-260716-0004,2026-07-16,21:48,자사몰,,SB-T-NMX-Q,더 뉴 맥시멈 토퍼 매트리스,Q,2,1098000,0,1098000,설치완료,택배(안성1),서울,신규,
SG-260717-0001,2026-07-17,21:13,SSG닷컴,,SB-T-ARB5-Q,올라운드 밸런스 토퍼 매트리스 5cm,Q,1,297300,0,297300,반품완료,택배(안성1),인천,신규,
CP-260717-0001,2026-07-17,19:03,쿠팡 로켓,,SB-M-DFB-SS,딥플로우 밸런스 매트리스,SS,1,488300,0,488300,배송완료,설치(용인 설치1),울산,재구매,
NV-260717-0001,2026-07-17,19:59,네이버 브랜드스토어,,SB-T-NMX-Q,더 뉴 맥시멈 토퍼 매트리스,Q,1,532500,0,532500,배송완료,택배(안성1),대전,신규,
NV-260717-0001,2026-07-17,19:59,네이버 브랜드스토어,,SB-M-EVS-K,이브닝 스타릿 매트리스,K,1,754700,0,754700,배송완료,설치(용인 설치1),대전,신규,
NV-260717-0001,2026-07-17,19:59,네이버 브랜드스토어,,SB-F-BAU-O,바우 키즈 원목 오픈형 데이베드 침대,SS,1,581000,0,581000,배송완료,설치(용인 설치1),대전,신규,
HM-260717-0001,2026-07-17,17:19,자사몰,,SB-T-NMX-Q,더 뉴 맥시멈 토퍼 매트리스,Q,1,549000,0,549000,배송중,택배(안성1),서울,신규,
HM-260717-0002,2026-07-17,07:54,자사몰,,SB-P-CLL,클라우드 LOW 경추 베개,단일,1,55200,0,55200,교환완료,택배(안성1),경기,신규,
CJ-260717-0001,2026-07-17,12:05,CJ온스타일,,SB-T-ARB5-SS,올라운드 밸런스 토퍼 매트리스 5cm,SS,1,244000,0,244000,배송중,택배(안성1),경기,신규,
CJ-260717-0001,2026-07-17,12:05,CJ온스타일,,SB-T-ARC-Q,올라운드 컴포트 토퍼 매트리스,Q,2,494200,0,494200,배송중,택배(안성1),경기,신규,
NV-260718-0001,2026-07-18,21:09,네이버 브랜드스토어,,SB-T-ARB5-Q,올라운드 밸런스 토퍼 매트리스 5cm,Q,1,294300,0,294300,배송완료,택배(안성1),서울,재구매,
HM-260718-0001,2026-07-18,03:05,자사몰,,SB-T-ARB5-Q,올라운드 밸런스 토퍼 매트리스 5cm,Q,1,303400,0,303400,설치완료,택배(안성1),경기,신규,
CP-260718-0001,2026-07-18,11:32,쿠팡 로켓,,SB-M-MFM-K,미드나잇 풀문 매트리스,K,1,970900,0,970900,반품완료,설치(용인 설치1),경기,재구매,
NV-260718-0002,2026-07-18,09:58,네이버 브랜드스토어,,SB-M-EVR-SS,이브닝 리버서블 매트리스,SS,1,380200,0,380200,설치완료,설치(용인 설치1),대전,신규,
NV-260718-0002,2026-07-18,09:58,네이버 브랜드스토어,,SB-M-MFM-K,미드나잇 풀문 매트리스,K,1,991300,0,991300,설치완료,설치(용인 설치1),대전,신규,
NV-260718-0002,2026-07-18,09:58,네이버 브랜드스토어,,SB-M-EVR-Q,이브닝 리버서블 매트리스,Q,1,405500,0,405500,설치완료,설치(용인 설치1),대전,신규,
NV-260718-0003,2026-07-18,05:10,네이버 브랜드스토어,,SB-T-NMX-Q,더 뉴 맥시멈 토퍼 매트리스,Q,1,532500,0,532500,반품완료,택배(안성1),서울,신규,
NV-260718-0004,2026-07-18,18:36,네이버 브랜드스토어,,SB-A-DPM,딥뮤트 수면안대,단일,1,30300,0,30300,설치완료,택배(안성1),서울,신규,
CP-260719-0001,2026-07-19,14:26,쿠팡 로켓,,SB-T-NMX-Q,더 뉴 맥시멈 토퍼 매트리스,Q,1,521600,0,521600,배송완료,택배(안성1),경기,재구매,
ST-260719-0001,2026-07-19,16:56,직영매장,슬로우나잇 논현,SB-M-EVS-Q,이브닝 스타릿 매트리스,Q,1,741300,0,741300,반품완료,설치(용인 설치1),충남,재구매,
HM-260719-0001,2026-07-19,16:43,자사몰,,SB-T-NMX-SS,더 뉴 맥시멈 토퍼 매트리스,SS,1,459000,0,459000,배송완료,택배(안성1),부산,신규,
CP-260719-0002,2026-07-19,22:59,쿠팡 로켓,,SB-T-ARB7-SS,올라운드 밸런스 토퍼 매트리스 7cm,SS,1,244700,0,244700,배송완료,택배(안성1),부산,신규,
SG-260719-0001,2026-07-19,13:29,SSG닷컴,,SB-T-ARB5-Q,올라운드 밸런스 토퍼 매트리스 5cm,Q,1,297300,0,297300,취소,택배(안성1),경기,신규,
NV-260719-0001,2026-07-19,14:37,네이버 브랜드스토어,,SB-T-ARC-Q,올라운드 컴포트 토퍼 매트리스,Q,1,249700,0,249700,배송완료,택배(안성1),서울,신규,
OH-260719-0001,2026-07-19,17:38,오늘의집,,SB-T-ARB7-SS,올라운드 밸런스 토퍼 매트리스 7cm,SS,1,239600,0,239600,배송완료,택배(안성1),서울,재구매,
HM-260719-0002,2026-07-19,18:31,자사몰,,SB-M-MFM-Q,미드나잇 풀문 매트리스,Q,1,928000,0,928000,반품완료,설치(용인 설치1),서울,재구매,
OH-260719-0002,2026-07-19,14:46,오늘의집,,SB-T-GRB-SS,그라운드 밸런스 토퍼 매트리스,SS,2,971000,0,971000,배송완료,택배(안성1),충남,신규,
ST-260719-0002,2026-07-19,09:28,직영매장,송파,SB-M-EVR-S,이브닝 리버서블 매트리스,S,1,377900,0,377900,설치완료,설치(용인 설치1),부산,신규,
NV-260719-0002,2026-07-19,08:44,네이버 브랜드스토어,,SB-M-EVR-SS,이브닝 리버서블 매트리스,SS,1,380200,0,380200,설치완료,설치(용인 설치1),서울,재구매,
SG-260719-0002,2026-07-19,19:45,SSG닷컴,,SB-M-DFB-SS,딥플로우 밸런스 매트리스,SS,1,503700,0,503700,배송완료,설치(용인 설치1),광주,재구매,
NV-260719-0003,2026-07-19,10:16,네이버 브랜드스토어,,SB-T-ARCP-Q,올라운드 컴포트 플러스 토퍼 매트리스,Q,1,286000,0,286000,배송완료,택배(안성1),울산,신규,
CJ-260720-0001,2026-07-20,11:23,CJ온스타일,,SB-M-DFB-Q,딥플로우 밸런스 매트리스,Q,1,516900,0,516900,교환완료,설치(용인 설치1),부산,재구매,
CJ-260720-0001,2026-07-20,11:23,CJ온스타일,,SB-T-ARB5-Q,올라운드 밸런스 토퍼 매트리스 5cm,Q,1,291300,0,291300,교환완료,택배(안성1),부산,재구매,
HM-260720-0001,2026-07-20,17:28,자사몰,,SB-P-CLB,클라우드 버디 베개,단일,1,63200,0,63200,배송완료,택배(안성1),서울,재구매,
SG-260720-0001,2026-07-20,13:45,SSG닷컴,,SB-T-NMX-SS,더 뉴 맥시멈 토퍼 매트리스,SS,2,899600,0,899600,배송완료,택배(안성1),부산,재구매,
ST-260720-0001,2026-07-20,09:58,직영매장,슬로우나잇 논현,SB-T-NMX-Q,더 뉴 맥시멈 토퍼 매트리스,Q,1,576400,0,576400,설치완료,설치(용인 설치1),인천,재구매,
ST-260720-0001,2026-07-20,09:58,직영매장,슬로우나잇 논현,SB-T-ARB5-SS,올라운드 밸런스 토퍼 매트리스 5cm,SS,1,266900,0,266900,설치완료,설치(용인 설치1),인천,재구매,
CP-260720-0001,2026-07-20,17:18,쿠팡 로켓,,SB-T-ARB5-SS,올라운드 밸런스 토퍼 매트리스 5cm,SS,1,241500,0,241500,배송완료,택배(안성1),경기,신규,
OH-260720-0001,2026-07-20,16:43,오늘의집,,SB-A-DPM,딥뮤트 수면안대,단일,1,29000,0,29000,배송완료,택배(안성1),서울,재구매,
NV-260720-0001,2026-07-20,15:33,네이버 브랜드스토어,,SB-T-ARB7-Q,올라운드 밸런스 토퍼 매트리스 7cm,Q,1,296800,0,296800,배송완료,택배(안성1),경남,재구매,
HM-260720-0002,2026-07-20,08:54,자사몰,,SB-P-CLB,클라우드 버디 베개,단일,2,126400,0,126400,배송완료,택배(안성1),경기,재구매,
NV-260720-0002,2026-07-20,11:22,네이버 브랜드스토어,,SB-M-EVR-SS,이브닝 리버서블 매트리스,SS,1,380200,0,380200,배송완료,설치(용인 설치1),광주,신규,
HM-260720-0003,2026-07-20,18:13,자사몰,,SB-T-ARB7-Q,올라운드 밸런스 토퍼 매트리스 7cm,Q,1,306000,0,306000,배송완료,택배(안성1),경기,신규,
HM-260720-0003,2026-07-20,18:13,자사몰,,SB-MO-EVM-SS,이브닝 모션 매트리스,SS,1,1072000,0,1072000,배송완료,설치(용인 설치1),경기,신규,
NV-260720-0003,2026-07-20,21:06,네이버 브랜드스토어,,SB-M-EVS-Q,이브닝 스타릿 매트리스,Q,1,684800,0,684800,배송완료,설치(용인 설치1),광주,신규,
ST-260721-0001,2026-07-21,11:16,직영매장,대전둔산,SB-P-CLL,클라우드 LOW 경추 베개,단일,1,58000,0,58000,설치완료,매장수령,경기,신규,
OH-260721-0001,2026-07-21,19:14,오늘의집,,SB-F-AMD-K,아몬드 무헤드형 침대,K,1,864900,0,864900,배송완료,설치(용인 설치1),광주,재구매,
OH-260721-0002,2026-07-21,12:19,오늘의집,,SB-T-ARB5-Q,올라운드 밸런스 토퍼 매트리스 5cm,Q,1,282200,0,282200,배송완료,택배(안성1),대전,재구매,
OH-260721-0003,2026-07-21,21:54,오늘의집,,SB-T-ARC-Q,올라운드 컴포트 토퍼 매트리스,Q,1,239400,0,239400,배송완료,택배(안성1),경기,신규,
CP-260721-0001,2026-07-21,08:42,쿠팡 로켓,,SB-A-DPM,딥뮤트 수면안대,단일,2,59200,0,59200,배송중,택배(안성1),서울,신규,
CP-260721-0002,2026-07-21,15:26,쿠팡 로켓,,SB-M-EVR-S,이브닝 리버서블 매트리스,S,1,341900,0,341900,설치완료,설치(용인 설치1),서울,신규,
CP-260721-0002,2026-07-21,15:26,쿠팡 로켓,,SB-T-ARC-Q,올라운드 컴포트 토퍼 매트리스,Q,1,244500,0,244500,설치완료,택배(안성1),서울,신규,
OH-260721-0004,2026-07-21,11:47,오늘의집,,SB-P-CLL,클라우드 LOW 경추 베개,단일,1,51400,0,51400,배송중,택배(안성1),인천,신규,
NV-260721-0001,2026-07-21,10:28,네이버 브랜드스토어,,SB-T-NMX-Q,더 뉴 맥시멈 토퍼 매트리스,Q,1,532500,0,532500,배송완료,택배(안성1),서울,재구매,
NV-260721-0001,2026-07-21,10:28,네이버 브랜드스토어,,SB-M-MFM-Q,미드나잇 풀문 매트리스,Q,1,900200,0,900200,배송완료,설치(용인 설치1),서울,재구매,
NV-260721-0002,2026-07-21,18:56,네이버 브랜드스토어,,SB-T-NMX-SS,더 뉴 맥시멈 토퍼 매트리스,SS,2,890400,0,890400,설치완료,택배(안성1),서울,재구매,
CJ-260721-0001,2026-07-21,09:55,CJ온스타일,,SB-M-ORG-Q,오리지널 매트리스 미디엄 소프트,Q,1,456000,0,456000,배송완료,설치(용인 설치1),경기,신규,
NV-260721-0003,2026-07-21,16:13,네이버 브랜드스토어,,SB-T-ARB5-Q,올라운드 밸런스 토퍼 매트리스 5cm,Q,1,294300,0,294300,배송완료,택배(안성1),광주,재구매,
NV-260722-0001,2026-07-22,13:47,네이버 브랜드스토어,,SB-T-ARB7-Q,올라운드 밸런스 토퍼 매트리스 7cm,Q,1,296800,0,296800,배송완료,택배(안성1),경남,재구매,
NV-260722-0002,2026-07-22,17:49,네이버 브랜드스토어,,SB-T-ARB7-SS,올라운드 밸런스 토퍼 매트리스 7cm,SS,2,499800,0,499800,배송완료,택배(안성1),경기,신규,
OH-260722-0001,2026-07-22,17:27,오늘의집,,SB-T-ARB7-SS,올라운드 밸런스 토퍼 매트리스 7cm,SS,1,239600,0,239600,배송완료,택배(안성1),서울,신규,
ST-260722-0001,2026-07-22,18:37,직영매장,슬로우나잇 논현,SB-M-DFC-SS,딥플로우 컴포트 매트리스,SS,1,614200,0,614200,배송완료,설치(용인 설치1),경기,재구매,
HM-260722-0001,2026-07-22,20:36,자사몰,,SB-T-ARC-SS,올라운드 컴포트 토퍼 매트리스,SS,1,218400,0,218400,배송완료,택배(안성1),울산,신규,
NV-260722-0003,2026-07-22,19:21,네이버 브랜드스토어,,SB-T-ARB7-SS,올라운드 밸런스 토퍼 매트리스 7cm,SS,1,249900,0,249900,배송완료,택배(안성1),서울,신규,
NV-260722-0003,2026-07-22,19:21,네이버 브랜드스토어,,SB-A-DPM,딥뮤트 수면안대,단일,1,30300,0,30300,배송완료,택배(안성1),서울,신규,
NV-260722-0003,2026-07-22,19:21,네이버 브랜드스토어,,SB-M-EVR-SS,이브닝 리버서블 매트리스,SS,1,380200,0,380200,배송완료,설치(용인 설치1),서울,신규,
NV-260722-0004,2026-07-22,19:34,네이버 브랜드스토어,,SB-M-ORG-SS,오리지널 매트리스 미디엄 소프트,SS,1,432600,0,432600,설치완료,설치(용인 설치1),대구,신규,
NV-260722-0005,2026-07-22,15:20,네이버 브랜드스토어,,SB-MO-EVM-Q,이브닝 모션 매트리스,Q,1,1131000,0,1131000,설치완료,설치(용인 설치1),부산,신규,
NV-260722-0005,2026-07-22,15:20,네이버 브랜드스토어,,SB-M-EVS-K,이브닝 스타릿 매트리스,K,1,754700,0,754700,설치완료,설치(용인 설치1),부산,신규,
CP-260722-0001,2026-07-22,18:06,쿠팡 로켓,,SB-T-NMX-SS,더 뉴 맥시멈 토퍼 매트리스,SS,1,436000,0,436000,배송완료,택배(안성1),대구,신규,
CP-260722-0001,2026-07-22,18:06,쿠팡 로켓,,SB-T-ARC-Q,올라운드 컴포트 토퍼 매트리스,Q,1,244500,0,244500,배송완료,택배(안성1),대구,신규,
CP-260722-0001,2026-07-22,18:06,쿠팡 로켓,,SB-T-ARB7-Q,올라운드 밸런스 토퍼 매트리스 7cm,Q,1,290700,0,290700,배송완료,택배(안성1),대구,신규,
HM-260722-0002,2026-07-22,14:23,자사몰,,SB-MO-EVM-Q,이브닝 모션 매트리스,Q,1,1166000,0,1166000,배송중,설치(용인 설치1),경기,재구매,
SG-260722-0001,2026-07-22,09:25,SSG닷컴,,SB-A-DPM,딥뮤트 수면안대,단일,1,30600,0,30600,설치완료,택배(안성1),경기,신규,
ST-260722-0002,2026-07-22,18:39,직영매장,슬로우나잇 논현,SB-T-ARB5-Q,올라운드 밸런스 토퍼 매트리스 5cm,Q,1,318600,0,318600,배송완료,설치(용인 설치1),경기,신규,
NV-260722-0006,2026-07-22,13:22,네이버 브랜드스토어,,SB-M-DFC-SS,딥플로우 컴포트 매트리스,SS,1,567400,0,567400,배송완료,설치(용인 설치1),인천,재구매,
NV-260722-0006,2026-07-22,13:22,네이버 브랜드스토어,,SB-T-ARB5-SS,올라운드 밸런스 토퍼 매트리스 5cm,SS,1,246600,0,246600,배송완료,택배(안성1),인천,재구매,
NV-260722-0006,2026-07-22,13:22,네이버 브랜드스토어,,SB-T-GRB-SS,그라운드 밸런스 토퍼 매트리스,SS,1,506300,0,506300,배송완료,택배(안성1),인천,재구매,
NV-260723-0001,2026-07-23,22:02,네이버 브랜드스토어,,SB-M-DFB-Q,딥플로우 밸런스 매트리스,Q,1,522200,113100,409100,배송완료,설치(용인 설치1),경기,신규,LV-2026-04
NV-260723-0002,2026-07-23,21:20,네이버 브랜드스토어,,SB-M-DFB-Q,딥플로우 밸런스 매트리스,Q,1,522200,113100,409100,배송완료,설치(용인 설치1),경기,신규,LV-2026-04
NV-260723-0003,2026-07-23,10:48,네이버 브랜드스토어,,SB-M-DFB-Q,딥플로우 밸런스 매트리스,Q,1,522200,113100,409100,배송완료,설치(용인 설치1),부산,신규,LV-2026-04
OH-260723-0001,2026-07-23,13:36,오늘의집,,SB-M-DFB-Q,딥플로우 밸런스 매트리스,Q,1,500700,0,500700,설치완료,설치(용인 설치1),충남,재구매,
NV-260723-0004,2026-07-23,17:03,네이버 브랜드스토어,,SB-M-DFC-Q,딥플로우 컴포트 매트리스,Q,1,594400,123200,471200,배송완료,설치(용인 설치1),대전,신규,LV-2026-04
NV-260723-0004,2026-07-23,17:03,네이버 브랜드스토어,,SB-T-ARC-Q,올라운드 컴포트 토퍼 매트리스,Q,1,249700,0,249700,배송완료,택배(안성1),대전,신규,
NV-260723-0005,2026-07-23,07:24,네이버 브랜드스토어,,SB-M-DFC-Q,딥플로우 컴포트 매트리스,Q,1,594400,123200,471200,배송완료,설치(용인 설치1),경기,신규,LV-2026-04
OH-260723-0002,2026-07-23,20:30,오늘의집,,SB-P-CLL,클라우드 LOW 경추 베개,단일,2,102800,0,102800,배송완료,택배(안성1),경남,신규,
NV-260723-0006,2026-07-23,21:12,네이버 브랜드스토어,,SB-M-DFB-Q,딥플로우 밸런스 매트리스,Q,1,522200,113100,409100,배송완료,설치(용인 설치1),서울,재구매,LV-2026-04
NV-260723-0007,2026-07-23,08:54,네이버 브랜드스토어,,SB-P-CLB,클라우드 버디 베개,단일,1,61300,0,61300,배송완료,택배(안성1),경남,신규,
NV-260723-0007,2026-07-23,08:54,네이버 브랜드스토어,,SB-M-DFB-Q,딥플로우 밸런스 매트리스,Q,1,522200,113100,409100,배송완료,설치(용인 설치1),경남,신규,LV-2026-04
NV-260723-0008,2026-07-23,18:32,네이버 브랜드스토어,,SB-MO-EVM-Q,이브닝 모션 매트리스,Q,1,1131000,0,1131000,배송완료,설치(용인 설치1),서울,신규,
NV-260723-0008,2026-07-23,18:32,네이버 브랜드스토어,,SB-T-ARB5-SS,올라운드 밸런스 토퍼 매트리스 5cm,SS,2,493200,0,493200,배송완료,택배(안성1),서울,신규,
NV-260723-0009,2026-07-23,07:06,네이버 브랜드스토어,,SB-M-DFC-Q,딥플로우 컴포트 매트리스,Q,1,594400,123200,471200,배송완료,설치(용인 설치1),충남,신규,LV-2026-04
NV-260723-0010,2026-07-23,16:57,네이버 브랜드스토어,,SB-T-MAX-SS,맥시멈 토퍼 매트리스,SS,1,445200,0,445200,배송완료,택배(안성1),부산,신규,
NV-260723-0010,2026-07-23,16:57,네이버 브랜드스토어,,SB-T-ARB7-Q,올라운드 밸런스 토퍼 매트리스 7cm,Q,1,296800,0,296800,배송완료,택배(안성1),부산,신규,
NV-260723-0010,2026-07-23,16:57,네이버 브랜드스토어,,SB-M-DFB-Q,딥플로우 밸런스 매트리스,Q,1,522200,113100,409100,배송완료,설치(용인 설치1),부산,신규,LV-2026-04
NV-260723-0011,2026-07-23,09:56,네이버 브랜드스토어,,SB-M-EVR-SS,이브닝 리버서블 매트리스,SS,1,380200,0,380200,배송완료,설치(용인 설치1),서울,신규,
NV-260723-0011,2026-07-23,09:56,네이버 브랜드스토어,,SB-T-ARC-Q,올라운드 컴포트 토퍼 매트리스,Q,1,249700,0,249700,배송완료,택배(안성1),서울,신규,
NV-260723-0012,2026-07-23,20:40,네이버 브랜드스토어,,SB-M-DFB-Q,딥플로우 밸런스 매트리스,Q,1,522200,113100,409100,배송완료,설치(용인 설치1),충남,신규,LV-2026-04
HM-260723-0001,2026-07-23,15:20,자사몰,,SB-M-DFC-Q,딥플로우 컴포트 매트리스,Q,1,612800,0,612800,반품완료,설치(용인 설치1),경기,신규,
HM-260723-0001,2026-07-23,15:20,자사몰,,SB-M-EVS-Q,이브닝 스타릿 매트리스,Q,1,706000,0,706000,반품완료,설치(용인 설치1),경기,신규,
CP-260723-0001,2026-07-23,10:13,쿠팡 로켓,,SB-M-DFB-Q,딥플로우 밸런스 매트리스,Q,1,511500,0,511500,설치완료,설치(용인 설치1),경기,신규,
NV-260723-0013,2026-07-23,09:42,네이버 브랜드스토어,,SB-M-DFB-Q,딥플로우 밸런스 매트리스,Q,1,522200,113100,409100,취소,설치(용인 설치1),서울,신규,LV-2026-04
NV-260723-0013,2026-07-23,09:42,네이버 브랜드스토어,,SB-M-EVR-Q,이브닝 리버서블 매트리스,Q,1,405500,0,405500,취소,설치(용인 설치1),서울,신규,
NV-260723-0013,2026-07-23,09:42,네이버 브랜드스토어,,SB-M-DFC-Q,딥플로우 컴포트 매트리스,Q,1,594400,123200,471200,취소,설치(용인 설치1),서울,신규,LV-2026-04
NV-260723-0014,2026-07-23,15:50,네이버 브랜드스토어,,SB-M-EVS-Q,이브닝 스타릿 매트리스,Q,1,684800,0,684800,배송완료,설치(용인 설치1),대전,신규,
NV-260723-0015,2026-07-23,20:11,네이버 브랜드스토어,,SB-MO-EVM-Q,이브닝 모션 매트리스,Q,1,1131000,0,1131000,배송중,설치(용인 설치1),충남,신규,
NV-260723-0016,2026-07-23,08:42,네이버 브랜드스토어,,SB-M-DFC-Q,딥플로우 컴포트 매트리스,Q,1,594400,123200,471200,배송완료,설치(용인 설치1),경기,신규,LV-2026-04
NV-260723-0016,2026-07-23,08:42,네이버 브랜드스토어,,SB-M-DFB-Q,딥플로우 밸런스 매트리스,Q,1,522200,113100,409100,배송완료,설치(용인 설치1),경기,신규,LV-2026-04
NV-260723-0017,2026-07-23,14:32,네이버 브랜드스토어,,SB-T-ARB7-SS,올라운드 밸런스 토퍼 매트리스 7cm,SS,2,499800,0,499800,배송완료,택배(안성1),서울,재구매,
OH-260723-0003,2026-07-23,15:43,오늘의집,,SB-M-DFC-Q,딥플로우 컴포트 매트리스,Q,1,569900,0,569900,취소,설치(용인 설치1),경기,신규,
NV-260723-0018,2026-07-23,21:08,네이버 브랜드스토어,,SB-T-ARCP-Q,올라운드 컴포트 플러스 토퍼 매트리스,Q,1,286000,0,286000,설치완료,택배(안성1),경남,신규,
NV-260723-0018,2026-07-23,21:08,네이버 브랜드스토어,,SB-M-DFC-Q,딥플로우 컴포트 매트리스,Q,1,594400,123200,471200,설치완료,설치(용인 설치1),경남,신규,LV-2026-04
NV-260723-0018,2026-07-23,21:08,네이버 브랜드스토어,,SB-M-DFB-Q,딥플로우 밸런스 매트리스,Q,1,522200,113100,409100,설치완료,설치(용인 설치1),경남,신규,LV-2026-04
NV-260723-0019,2026-07-23,19:18,네이버 브랜드스토어,,SB-T-ARC-Q,올라운드 컴포트 토퍼 매트리스,Q,1,249700,0,249700,반품완료,택배(안성1),대전,신규,
NV-260723-0019,2026-07-23,19:18,네이버 브랜드스토어,,SB-M-DFC-Q,딥플로우 컴포트 매트리스,Q,1,594400,123200,471200,반품완료,설치(용인 설치1),대전,신규,LV-2026-04
NV-260723-0019,2026-07-23,19:18,네이버 브랜드스토어,,SB-T-ARC-SS,올라운드 컴포트 토퍼 매트리스,SS,1,211800,0,211800,반품완료,택배(안성1),대전,신규,
NV-260723-0020,2026-07-23,12:21,네이버 브랜드스토어,,SB-M-DFC-Q,딥플로우 컴포트 매트리스,Q,1,594400,123200,471200,반품완료,설치(용인 설치1),대전,신규,LV-2026-04
NV-260723-0021,2026-07-23,16:39,네이버 브랜드스토어,,SB-M-DFC-Q,딥플로우 컴포트 매트리스,Q,1,594400,123200,471200,배송중,설치(용인 설치1),충남,신규,LV-2026-04
NV-260723-0022,2026-07-23,08:03,네이버 브랜드스토어,,SB-M-DFB-Q,딥플로우 밸런스 매트리스,Q,1,522200,113100,409100,설치완료,설치(용인 설치1),서울,신규,LV-2026-04
NV-260723-0023,2026-07-23,21:09,네이버 브랜드스토어,,SB-M-DFC-Q,딥플로우 컴포트 매트리스,Q,1,594400,123200,471200,설치완료,설치(용인 설치1),서울,신규,LV-2026-04
ST-260723-0001,2026-07-23,20:16,직영매장,슬로우나잇 스타필드 수원,SB-P-CLB,클라우드 버디 베개,단일,2,132800,0,132800,배송완료,매장수령,부산,재구매,
NV-260723-0024,2026-07-23,16:58,네이버 브랜드스토어,,SB-P-CLB,클라우드 버디 베개,단일,2,122600,0,122600,배송완료,택배(안성1),경기,신규,
NV-260723-0025,2026-07-23,08:45,네이버 브랜드스토어,,SB-M-DFC-Q,딥플로우 컴포트 매트리스,Q,1,594400,123200,471200,배송완료,설치(용인 설치1),경기,재구매,LV-2026-04
HM-260723-0002,2026-07-23,22:52,자사몰,,SB-M-DFB-Q,딥플로우 밸런스 매트리스,Q,1,538400,0,538400,배송완료,설치(용인 설치1),서울,신규,
NV-260723-0026,2026-07-23,21:47,네이버 브랜드스토어,,SB-A-DPM,딥뮤트 수면안대,단일,1,30300,0,30300,배송완료,택배(안성1),충남,재구매,
NV-260723-0027,2026-07-23,07:41,네이버 브랜드스토어,,SB-M-DFC-Q,딥플로우 컴포트 매트리스,Q,1,594400,123200,471200,반품완료,설치(용인 설치1),서울,신규,LV-2026-04
CP-260723-0002,2026-07-23,20:07,쿠팡 로켓,,SB-M-DFB-Q,딥플로우 밸런스 매트리스,Q,1,511500,0,511500,배송완료,설치(용인 설치1),경기,신규,
CP-260723-0002,2026-07-23,20:07,쿠팡 로켓,,SB-P-CLB,클라우드 버디 베개,단일,1,60000,0,60000,배송완료,택배(안성1),경기,신규,
CP-260723-0002,2026-07-23,20:07,쿠팡 로켓,,SB-M-DFC-Q,딥플로우 컴포트 매트리스,Q,1,582200,0,582200,배송완료,설치(용인 설치1),경기,신규,
NV-260723-0028,2026-07-23,11:06,네이버 브랜드스토어,,SB-M-DFC-Q,딥플로우 컴포트 매트리스,Q,1,594400,123200,471200,반품완료,설치(용인 설치1),부산,재구매,LV-2026-04
NV-260723-0029,2026-07-23,13:17,네이버 브랜드스토어,,SB-M-DFC-SS,딥플로우 컴포트 매트리스,SS,1,567400,0,567400,배송완료,설치(용인 설치1),부산,신규,
CP-260724-0001,2026-07-24,19:35,쿠팡 로켓,,SB-P-CLL,클라우드 LOW 경추 베개,단일,1,52500,0,52500,취소,택배(안성1),강원,재구매,
NV-260724-0001,2026-07-24,15:29,네이버 브랜드스토어,,SB-T-ARB7-Q,올라운드 밸런스 토퍼 매트리스 7cm,Q,1,296800,0,296800,배송완료,택배(안성1),광주,신규,
NV-260724-0002,2026-07-24,11:09,네이버 브랜드스토어,,SB-M-DFC-Q,딥플로우 컴포트 매트리스,Q,1,594400,0,594400,반품완료,설치(용인 설치1),서울,신규,
NV-260724-0003,2026-07-24,18:06,네이버 브랜드스토어,,SB-M-DFC-SS,딥플로우 컴포트 매트리스,SS,1,567400,0,567400,설치완료,설치(용인 설치1),충남,신규,
HM-260724-0001,2026-07-24,07:15,자사몰,,SB-M-DFC-Q,딥플로우 컴포트 매트리스,Q,1,612800,0,612800,배송완료,설치(용인 설치1),경기,신규,
NV-260724-0004,2026-07-24,09:14,네이버 브랜드스토어,,SB-P-CLB,클라우드 버디 베개,단일,1,61300,0,61300,반품완료,택배(안성1),서울,신규,
NV-260724-0005,2026-07-24,14:59,네이버 브랜드스토어,,SB-M-DFB-Q,딥플로우 밸런스 매트리스,Q,1,522200,0,522200,배송완료,설치(용인 설치1),광주,신규,
NV-260724-0006,2026-07-24,15:18,네이버 브랜드스토어,,SB-M-DFC-Q,딥플로우 컴포트 매트리스,Q,1,594400,0,594400,배송완료,설치(용인 설치1),대구,신규,
CJ-260724-0001,2026-07-24,10:55,CJ온스타일,,SB-T-ARC-Q,올라운드 컴포트 토퍼 매트리스,Q,1,247100,0,247100,교환완료,택배(안성1),서울,재구매,
ST-260724-0001,2026-07-24,17:03,직영매장,대전둔산,SB-F-AMD-K,아몬드 무헤드형 침대,K,1,976500,0,976500,배송완료,설치(용인 설치1),충남,신규,
OH-260724-0001,2026-07-24,21:37,오늘의집,,SB-P-CLL,클라우드 LOW 경추 베개,단일,1,51400,0,51400,배송완료,택배(안성1),인천,신규,
NV-260724-0007,2026-07-24,12:21,네이버 브랜드스토어,,SB-M-DFC-Q,딥플로우 컴포트 매트리스,Q,1,594400,0,594400,설치완료,설치(용인 설치1),부산,신규,
NV-260724-0008,2026-07-24,18:54,네이버 브랜드스토어,,SB-T-ARC-SS,올라운드 컴포트 토퍼 매트리스,SS,1,211800,0,211800,설치완료,택배(안성1),대전,신규,
NV-260724-0009,2026-07-24,09:00,네이버 브랜드스토어,,SB-M-DFC-Q,딥플로우 컴포트 매트리스,Q,1,594400,0,594400,배송중,설치(용인 설치1),경기,신규,
NV-260724-0009,2026-07-24,09:00,네이버 브랜드스토어,,SB-T-ARB7-Q,올라운드 밸런스 토퍼 매트리스 7cm,Q,1,296800,0,296800,배송중,택배(안성1),경기,신규,
SG-260724-0001,2026-07-24,11:53,SSG닷컴,,SB-T-ARB5-Q,올라운드 밸런스 토퍼 매트리스 5cm,Q,1,297300,0,297300,취소,택배(안성1),경기,재구매,
NV-260724-0010,2026-07-24,23:43,네이버 브랜드스토어,,SB-M-DFB-Q,딥플로우 밸런스 매트리스,Q,1,522200,0,522200,배송완료,설치(용인 설치1),경기,신규,
NV-260724-0011,2026-07-24,18:59,네이버 브랜드스토어,,SB-T-ARB7-Q,올라운드 밸런스 토퍼 매트리스 7cm,Q,1,296800,0,296800,배송완료,택배(안성1),서울,재구매,
NV-260724-0011,2026-07-24,18:59,네이버 브랜드스토어,,SB-T-ARB5-Q,올라운드 밸런스 토퍼 매트리스 5cm,Q,1,294300,0,294300,배송완료,택배(안성1),서울,재구매,
OH-260724-0002,2026-07-24,14:47,오늘의집,,SB-M-DFC-Q,딥플로우 컴포트 매트리스,Q,1,569900,0,569900,반품완료,설치(용인 설치1),부산,신규,
NV-260724-0012,2026-07-24,17:55,네이버 브랜드스토어,,SB-M-DFB-Q,딥플로우 밸런스 매트리스,Q,1,522200,0,522200,배송완료,설치(용인 설치1),경기,신규,
NV-260724-0013,2026-07-24,06:26,네이버 브랜드스토어,,SB-F-AMD-KK,아몬드 무헤드형 침대,KK,1,950600,0,950600,배송완료,설치(용인 설치1),서울,재구매,
NV-260724-0014,2026-07-24,19:23,네이버 브랜드스토어,,SB-M-DFB-Q,딥플로우 밸런스 매트리스,Q,1,522200,0,522200,배송완료,설치(용인 설치1),서울,신규,
NV-260724-0015,2026-07-24,16:42,네이버 브랜드스토어,,SB-M-DFC-Q,딥플로우 컴포트 매트리스,Q,1,594400,0,594400,반품완료,설치(용인 설치1),인천,신규,
NV-260724-0016,2026-07-24,11:32,네이버 브랜드스토어,,SB-M-EVS-K,이브닝 스타릿 매트리스,K,1,754700,0,754700,배송완료,설치(용인 설치1),광주,재구매,
OH-260724-0003,2026-07-24,17:17,오늘의집,,SB-P-CLL,클라우드 LOW 경추 베개,단일,1,51400,0,51400,설치완료,택배(안성1),서울,재구매,
OH-260724-0003,2026-07-24,17:17,오늘의집,,SB-M-DFC-Q,딥플로우 컴포트 매트리스,Q,1,569900,0,569900,설치완료,설치(용인 설치1),서울,재구매,
NV-260724-0017,2026-07-24,16:08,네이버 브랜드스토어,,SB-M-DFB-Q,딥플로우 밸런스 매트리스,Q,1,522200,0,522200,배송완료,설치(용인 설치1),서울,신규,
NV-260724-0017,2026-07-24,16:08,네이버 브랜드스토어,,SB-M-DFC-Q,딥플로우 컴포트 매트리스,Q,1,594400,0,594400,배송완료,설치(용인 설치1),서울,신규,
NV-260724-0017,2026-07-24,16:08,네이버 브랜드스토어,,SB-M-MFM-Q,미드나잇 풀문 매트리스,Q,1,900200,0,900200,배송완료,설치(용인 설치1),서울,신규,
NV-260724-0018,2026-07-24,04:10,네이버 브랜드스토어,,SB-M-DFB-Q,딥플로우 밸런스 매트리스,Q,1,522200,0,522200,설치완료,설치(용인 설치1),서울,신규,
NV-260724-0019,2026-07-24,08:12,네이버 브랜드스토어,,SB-T-ARB5-SS,올라운드 밸런스 토퍼 매트리스 5cm,SS,1,246600,0,246600,배송완료,택배(안성1),경기,신규,
NV-260724-0020,2026-07-24,19:41,네이버 브랜드스토어,,SB-A-DPM,딥뮤트 수면안대,단일,1,30300,0,30300,배송완료,택배(안성1),경기,신규,
NV-260724-0021,2026-07-24,08:17,네이버 브랜드스토어,,SB-M-DFB-Q,딥플로우 밸런스 매트리스,Q,1,522200,0,522200,설치완료,설치(용인 설치1),서울,재구매,
NV-260724-0022,2026-07-24,21:50,네이버 브랜드스토어,,SB-M-EVR-Q,이브닝 리버서블 매트리스,Q,1,405500,0,405500,반품완료,설치(용인 설치1),서울,신규,
NV-260724-0023,2026-07-24,19:43,네이버 브랜드스토어,,SB-M-DFB-Q,딥플로우 밸런스 매트리스,Q,1,522200,0,522200,배송중,설치(용인 설치1),서울,신규,
NV-260724-0024,2026-07-24,21:42,네이버 브랜드스토어,,SB-P-CLB,클라우드 버디 베개,단일,2,122600,0,122600,배송완료,택배(안성1),서울,신규,
ST-260724-0002,2026-07-24,07:39,직영매장,대전둔산,SB-M-DFC-SS,딥플로우 컴포트 매트리스,SS,1,614200,0,614200,배송완료,설치(용인 설치1),광주,신규,
NV-260724-0025,2026-07-24,19:11,네이버 브랜드스토어,,SB-M-DFC-Q,딥플로우 컴포트 매트리스,Q,1,594400,0,594400,배송완료,설치(용인 설치1),경기,신규,
NV-260724-0026,2026-07-24,08:40,네이버 브랜드스토어,,SB-M-DFC-Q,딥플로우 컴포트 매트리스,Q,1,594400,0,594400,설치완료,설치(용인 설치1),서울,재구매,
NV-260724-0027,2026-07-24,20:27,네이버 브랜드스토어,,SB-M-DFC-Q,딥플로우 컴포트 매트리스,Q,1,594400,0,594400,배송완료,설치(용인 설치1),서울,신규,
ST-260725-0001,2026-07-25,02:13,직영매장,슬로우나잇 논현,SB-M-DFC-Q,딥플로우 컴포트 매트리스,Q,1,643400,0,643400,교환완료,설치(용인 설치1),강원,신규,
SG-260725-0001,2026-07-25,16:52,SSG닷컴,,SB-M-DFC-Q,딥플로우 컴포트 매트리스,Q,1,600500,0,600500,배송완료,설치(용인 설치1),서울,신규,
NV-260725-0001,2026-07-25,17:17,네이버 브랜드스토어,,SB-T-NMX-Q,더 뉴 맥시멈 토퍼 매트리스,Q,1,532500,0,532500,배송완료,택배(안성1),경기,재구매,
HM-260725-0001,2026-07-25,22:20,자사몰,,SB-M-DFC-Q,딥플로우 컴포트 매트리스,Q,1,612800,0,612800,배송중,설치(용인 설치1),서울,신규,
NV-260725-0002,2026-07-25,17:00,네이버 브랜드스토어,,SB-T-ARC-Q,올라운드 컴포트 토퍼 매트리스,Q,1,249700,0,249700,배송완료,택배(안성1),경남,재구매,
CP-260725-0001,2026-07-25,10:22,쿠팡 로켓,,SB-T-ARB7-Q,올라운드 밸런스 토퍼 매트리스 7cm,Q,1,290700,0,290700,배송중,택배(안성1),서울,신규,
NV-260725-0003,2026-07-25,18:19,네이버 브랜드스토어,,SB-A-DPM,딥뮤트 수면안대,단일,1,30300,0,30300,배송완료,택배(안성1),경기,신규,
NV-260725-0004,2026-07-25,10:44,네이버 브랜드스토어,,SB-P-CLB,클라우드 버디 베개,단일,2,122600,0,122600,배송완료,택배(안성1),서울,신규,
SG-260725-0002,2026-07-25,03:24,SSG닷컴,,SB-T-ARCP-Q,올라운드 컴포트 플러스 토퍼 매트리스,Q,1,288900,0,288900,배송완료,택배(안성1),대구,신규,
NV-260725-0005,2026-07-25,14:55,네이버 브랜드스토어,,SB-MO-EVM-Q,이브닝 모션 매트리스,Q,1,1131000,0,1131000,배송완료,설치(용인 설치1),경기,재구매,
SG-260725-0003,2026-07-25,20:36,SSG닷컴,,SB-M-DFC-Q,딥플로우 컴포트 매트리스,Q,1,600500,0,600500,설치완료,설치(용인 설치1),제주,신규,
SG-260725-0003,2026-07-25,20:36,SSG닷컴,,SB-M-EVS-Q,이브닝 스타릿 매트리스,Q,1,691900,0,691900,설치완료,설치(용인 설치1),제주,신규,
NV-260725-0006,2026-07-25,15:21,네이버 브랜드스토어,,SB-T-ARB5-Q,올라운드 밸런스 토퍼 매트리스 5cm,Q,1,294300,0,294300,배송완료,택배(안성1),광주,재구매,
NV-260725-0006,2026-07-25,15:21,네이버 브랜드스토어,,SB-T-ARB5-SS,올라운드 밸런스 토퍼 매트리스 5cm,SS,1,246600,0,246600,배송완료,택배(안성1),광주,재구매,
NV-260725-0006,2026-07-25,15:21,네이버 브랜드스토어,,SB-F-AMD-K,아몬드 무헤드형 침대,K,1,902100,0,902100,배송완료,설치(용인 설치1),광주,재구매,
CP-260725-0002,2026-07-25,14:09,쿠팡 로켓,,SB-T-NMX-Q,더 뉴 맥시멈 토퍼 매트리스,Q,1,521600,0,521600,취소,택배(안성1),경기,재구매,
CP-260725-0002,2026-07-25,14:09,쿠팡 로켓,,SB-P-CLL,클라우드 LOW 경추 베개,단일,1,52500,0,52500,취소,택배(안성1),경기,재구매,
CJ-260725-0001,2026-07-25,18:48,CJ온스타일,,SB-M-DFC-Q,딥플로우 컴포트 매트리스,Q,1,588300,0,588300,배송완료,설치(용인 설치1),경기,신규,
HM-260725-0002,2026-07-25,20:35,자사몰,,SB-MO-EVM-Q,이브닝 모션 매트리스,Q,1,1166000,0,1166000,배송완료,설치(용인 설치1),서울,신규,
HM-260725-0002,2026-07-25,20:35,자사몰,,SB-M-EVR-S,이브닝 리버서블 매트리스,S,1,359900,0,359900,배송완료,설치(용인 설치1),서울,신규,
NV-260726-0001,2026-07-26,06:46,네이버 브랜드스토어,,SB-A-DPM,딥뮤트 수면안대,단일,1,30300,0,30300,반품완료,택배(안성1),경기,재구매,
OH-260726-0001,2026-07-26,19:55,오늘의집,,SB-T-ARB5-SS,올라운드 밸런스 토퍼 매트리스 5cm,SS,1,236400,0,236400,취소,택배(안성1),서울,신규,
ST-260726-0001,2026-07-26,08:39,직영매장,용산,SB-A-DPM,딥뮤트 수면안대,단일,1,32800,0,32800,배송완료,매장수령,경기,신규,
OH-260726-0002,2026-07-26,11:34,오늘의집,,SB-T-NMX-Q,더 뉴 맥시멈 토퍼 매트리스,Q,1,510600,0,510600,설치완료,택배(안성1),인천,신규,
CP-260726-0001,2026-07-26,09:45,쿠팡 로켓,,SB-T-ARCP-Q,올라운드 컴포트 플러스 토퍼 매트리스,Q,1,280100,0,280100,배송완료,택배(안성1),경기,신규,
CP-260726-0001,2026-07-26,09:45,쿠팡 로켓,,SB-P-CLB,클라우드 버디 베개,단일,1,60000,0,60000,배송완료,택배(안성1),경기,신규,
NV-260726-0002,2026-07-26,10:00,네이버 브랜드스토어,,SB-T-ARCP-Q,올라운드 컴포트 플러스 토퍼 매트리스,Q,2,572000,0,572000,배송완료,택배(안성1),인천,신규,
NV-260726-0002,2026-07-26,10:00,네이버 브랜드스토어,,SB-A-DPM,딥뮤트 수면안대,단일,1,30300,0,30300,배송완료,택배(안성1),인천,신규,
ST-260726-0002,2026-07-26,12:36,직영매장,용산,SB-M-DFC-SS,딥플로우 컴포트 매트리스,SS,1,614200,0,614200,취소,설치(용인 설치1),부산,신규,
ST-260726-0003,2026-07-26,22:12,직영매장,슬로우나잇 스타필드 수원,SB-T-ARCP-Q,올라운드 컴포트 플러스 토퍼 매트리스,Q,1,309500,0,309500,배송완료,설치(용인 설치1),인천,재구매,
ST-260726-0004,2026-07-26,08:18,직영매장,슬로우나잇 논현,SB-P-CLB,클라우드 버디 베개,단일,1,66400,0,66400,설치완료,매장수령,경남,신규,
ST-260726-0004,2026-07-26,08:18,직영매장,슬로우나잇 논현,SB-T-ARB5-SS,올라운드 밸런스 토퍼 매트리스 5cm,SS,1,266900,0,266900,설치완료,설치(용인 설치1),경남,신규,
ST-260726-0005,2026-07-26,22:32,직영매장,대전둔산,SB-T-ARB5-Q,올라운드 밸런스 토퍼 매트리스 5cm,Q,1,318600,0,318600,배송완료,설치(용인 설치1),서울,신규,
ST-260726-0005,2026-07-26,22:32,직영매장,대전둔산,SB-F-AMD-KK,아몬드 무헤드형 침대,KK,1,1029000,0,1029000,배송완료,설치(용인 설치1),서울,신규,
ST-260726-0006,2026-07-26,11:55,직영매장,슬로우나잇 논현,SB-A-DPM,딥뮤트 수면안대,단일,1,32800,0,32800,반품완료,매장수령,제주,신규,
CP-260726-0002,2026-07-26,21:52,쿠팡 로켓,,SB-T-ARC-Q,올라운드 컴포트 토퍼 매트리스,Q,1,244500,0,244500,배송완료,택배(안성1),인천,신규,
CP-260726-0002,2026-07-26,21:52,쿠팡 로켓,,SB-T-ARB7-Q,올라운드 밸런스 토퍼 매트리스 7cm,Q,1,290700,0,290700,배송완료,택배(안성1),인천,신규,
CP-260726-0003,2026-07-26,18:40,쿠팡 로켓,,SB-T-ARB5-Q,올라운드 밸런스 토퍼 매트리스 5cm,Q,1,288200,0,288200,설치완료,택배(안성1),서울,신규,
CJ-260726-0001,2026-07-26,08:54,CJ온스타일,,SB-M-EVR-S,이브닝 리버서블 매트리스,S,1,345500,0,345500,취소,설치(용인 설치1),경기,신규,
CJ-260726-0002,2026-07-26,14:30,CJ온스타일,,SB-T-ARB7-SS,올라운드 밸런스 토퍼 매트리스 7cm,SS,1,247300,0,247300,배송완료,택배(안성1),경기,신규,
CJ-260727-0001,2026-07-27,08:16,CJ온스타일,,SB-M-ORG-Q,오리지널 매트리스 미디엄 소프트,Q,1,456000,114000,342000,설치완료,설치(용인 설치1),서울,신규,EX-2026-05
NV-260727-0001,2026-07-27,23:38,네이버 브랜드스토어,,SB-M-ORG-Q,오리지널 매트리스 미디엄 소프트,Q,1,460800,0,460800,배송완료,설치(용인 설치1),경기,재구매,
CJ-260727-0002,2026-07-27,04:51,CJ온스타일,,SB-M-ORG-Q,오리지널 매트리스 미디엄 소프트,Q,1,456000,114000,342000,교환완료,설치(용인 설치1),인천,재구매,EX-2026-05
CJ-260727-0002,2026-07-27,04:51,CJ온스타일,,SB-T-ARB5-SS,올라운드 밸런스 토퍼 매트리스 5cm,SS,1,244000,0,244000,교환완료,택배(안성1),인천,재구매,
CJ-260727-0003,2026-07-27,19:47,CJ온스타일,,SB-M-DFB-Q,딥플로우 밸런스 매트리스,Q,1,516900,129200,387700,배송완료,설치(용인 설치1),경기,재구매,EX-2026-05
CJ-260727-0004,2026-07-27,12:43,CJ온스타일,,SB-M-DFB-Q,딥플로우 밸런스 매트리스,Q,1,516900,129200,387700,설치완료,설치(용인 설치1),경기,신규,EX-2026-05
HM-260727-0001,2026-07-27,17:37,자사몰,,SB-M-DFB-Q,딥플로우 밸런스 매트리스,Q,1,538400,0,538400,배송완료,설치(용인 설치1),경기,신규,
CJ-260727-0005,2026-07-27,21:13,CJ온스타일,,SB-M-EVR-Q,이브닝 리버서블 매트리스,Q,1,401300,0,401300,배송완료,설치(용인 설치1),경기,신규,
ST-260727-0001,2026-07-27,14:18,직영매장,대전둔산,SB-M-ORG-Q,오리지널 매트리스 미디엄 소프트,Q,1,498800,0,498800,반품완료,설치(용인 설치1),부산,신규,
CJ-260727-0006,2026-07-27,18:28,CJ온스타일,,SB-M-ORG-Q,오리지널 매트리스 미디엄 소프트,Q,1,456000,114000,342000,취소,설치(용인 설치1),서울,재구매,EX-2026-05
CJ-260727-0006,2026-07-27,18:28,CJ온스타일,,SB-T-NMX-SS,더 뉴 맥시멈 토퍼 매트리스,SS,1,440600,0,440600,취소,택배(안성1),서울,재구매,
HM-260727-0002,2026-07-27,16:38,자사몰,,SB-M-DFB-Q,딥플로우 밸런스 매트리스,Q,1,538400,0,538400,배송완료,설치(용인 설치1),서울,신규,
CJ-260727-0007,2026-07-27,21:04,CJ온스타일,,SB-M-ORG-Q,오리지널 매트리스 미디엄 소프트,Q,1,456000,114000,342000,배송완료,설치(용인 설치1),서울,재구매,EX-2026-05
CJ-260727-0008,2026-07-27,22:25,CJ온스타일,,SB-M-EVR-Q,이브닝 리버서블 매트리스,Q,1,401300,0,401300,교환완료,설치(용인 설치1),경기,신규,
CJ-260727-0008,2026-07-27,22:25,CJ온스타일,,SB-M-DFB-SS,딥플로우 밸런스 매트리스,SS,1,493400,0,493400,교환완료,설치(용인 설치1),경기,신규,
CJ-260727-0009,2026-07-27,18:26,CJ온스타일,,SB-M-DFB-Q,딥플로우 밸런스 매트리스,Q,1,516900,129200,387700,배송완료,설치(용인 설치1),제주,재구매,EX-2026-05
ST-260727-0002,2026-07-27,16:24,직영매장,대전둔산,SB-M-ORG-Q,오리지널 매트리스 미디엄 소프트,Q,1,498800,0,498800,배송완료,설치(용인 설치1),경기,신규,
ST-260727-0002,2026-07-27,16:24,직영매장,대전둔산,SB-T-ARB5-SS,올라운드 밸런스 토퍼 매트리스 5cm,SS,1,266900,0,266900,배송완료,설치(용인 설치1),경기,신규,
HM-260727-0003,2026-07-27,17:12,자사몰,,SB-M-DFB-Q,딥플로우 밸런스 매트리스,Q,1,538400,0,538400,설치완료,설치(용인 설치1),강원,재구매,
CJ-260727-0010,2026-07-27,12:55,CJ온스타일,,SB-T-ARC-SS,올라운드 컴포트 토퍼 매트리스,SS,1,209700,0,209700,배송완료,택배(안성1),대구,신규,
CJ-260727-0011,2026-07-27,10:04,CJ온스타일,,SB-M-ORG-Q,오리지널 매트리스 미디엄 소프트,Q,1,456000,114000,342000,배송완료,설치(용인 설치1),경남,재구매,EX-2026-05
CJ-260727-0012,2026-07-27,17:18,CJ온스타일,,SB-M-ORG-Q,오리지널 매트리스 미디엄 소프트,Q,1,456000,114000,342000,취소,설치(용인 설치1),서울,재구매,EX-2026-05
ST-260727-0003,2026-07-27,11:49,직영매장,슬로우나잇 논현,SB-M-ORG-Q,오리지널 매트리스 미디엄 소프트,Q,1,498800,0,498800,설치완료,설치(용인 설치1),서울,신규,
ST-260727-0003,2026-07-27,11:49,직영매장,슬로우나잇 논현,SB-T-ARB5-SS,올라운드 밸런스 토퍼 매트리스 5cm,SS,1,266900,0,266900,설치완료,설치(용인 설치1),서울,신규,
CP-260727-0001,2026-07-27,19:50,쿠팡 로켓,,SB-M-DFB-Q,딥플로우 밸런스 매트리스,Q,1,511500,0,511500,설치완료,설치(용인 설치1),경기,신규,
CJ-260727-0013,2026-07-27,11:22,CJ온스타일,,SB-M-DFB-Q,딥플로우 밸런스 매트리스,Q,1,516900,129200,387700,배송완료,설치(용인 설치1),대전,신규,EX-2026-05
SG-260727-0001,2026-07-27,22:48,SSG닷컴,,SB-M-DFB-Q,딥플로우 밸런스 매트리스,Q,1,527600,0,527600,설치완료,설치(용인 설치1),경남,재구매,
CJ-260727-0014,2026-07-27,15:56,CJ온스타일,,SB-M-DFB-Q,딥플로우 밸런스 매트리스,Q,1,516900,129200,387700,교환완료,설치(용인 설치1),대구,재구매,EX-2026-05
CJ-260727-0015,2026-07-27,17:57,CJ온스타일,,SB-T-ARC-SS,올라운드 컴포트 토퍼 매트리스,SS,1,209700,0,209700,배송완료,택배(안성1),부산,신규,
ST-260727-0004,2026-07-27,11:06,직영매장,슬로우나잇 논현,SB-P-CLB,클라우드 버디 베개,단일,1,66400,0,66400,배송완료,매장수령,광주,재구매,
CJ-260727-0016,2026-07-27,12:13,CJ온스타일,,SB-M-ORG-Q,오리지널 매트리스 미디엄 소프트,Q,1,456000,114000,342000,배송완료,설치(용인 설치1),서울,신규,EX-2026-05
CJ-260727-0017,2026-07-27,18:41,CJ온스타일,,SB-M-DFB-Q,딥플로우 밸런스 매트리스,Q,1,516900,129200,387700,취소,설치(용인 설치1),경기,재구매,EX-2026-05
CJ-260727-0018,2026-07-27,08:34,CJ온스타일,,SB-T-ARB7-Q,올라운드 밸런스 토퍼 매트리스 7cm,Q,1,293800,0,293800,배송완료,택배(안성1),경남,재구매,
CJ-260727-0018,2026-07-27,08:34,CJ온스타일,,SB-M-DFB-Q,딥플로우 밸런스 매트리스,Q,1,516900,129200,387700,배송완료,설치(용인 설치1),경남,재구매,EX-2026-05
ST-260727-0005,2026-07-27,17:55,직영매장,슬로우나잇 논현,SB-T-ARB7-Q,올라운드 밸런스 토퍼 매트리스 7cm,Q,1,321300,0,321300,배송완료,설치(용인 설치1),경기,재구매,
CJ-260727-0019,2026-07-27,14:15,CJ온스타일,,SB-T-MAX-SS,맥시멈 토퍼 매트리스,SS,2,881200,0,881200,배송완료,택배(안성1),충남,신규,
CJ-260727-0019,2026-07-27,14:15,CJ온스타일,,SB-M-ORG-Q,오리지널 매트리스 미디엄 소프트,Q,1,456000,114000,342000,배송완료,설치(용인 설치1),충남,신규,EX-2026-05
CJ-260727-0020,2026-07-27,22:32,CJ온스타일,,SB-M-ORG-Q,오리지널 매트리스 미디엄 소프트,Q,1,456000,114000,342000,배송완료,설치(용인 설치1),인천,재구매,EX-2026-05
CJ-260727-0020,2026-07-27,22:32,CJ온스타일,,SB-M-DFB-Q,딥플로우 밸런스 매트리스,Q,1,516900,129200,387700,배송완료,설치(용인 설치1),인천,재구매,EX-2026-05
CJ-260727-0021,2026-07-27,13:51,CJ온스타일,,SB-M-EVR-Q,이브닝 리버서블 매트리스,Q,1,401300,0,401300,배송중,설치(용인 설치1),경기,재구매,
CJ-260727-0022,2026-07-27,18:16,CJ온스타일,,SB-M-DFB-Q,딥플로우 밸런스 매트리스,Q,1,516900,129200,387700,설치완료,설치(용인 설치1),제주,신규,EX-2026-05
CP-260727-0002,2026-07-27,11:08,쿠팡 로켓,,SB-M-DFB-Q,딥플로우 밸런스 매트리스,Q,1,511500,0,511500,배송완료,설치(용인 설치1),울산,재구매,
CP-260727-0003,2026-07-27,19:34,쿠팡 로켓,,SB-M-DFB-Q,딥플로우 밸런스 매트리스,Q,1,511500,0,511500,배송완료,설치(용인 설치1),서울,신규,
CP-260727-0003,2026-07-27,19:34,쿠팡 로켓,,SB-M-DFC-Q,딥플로우 컴포트 매트리스,Q,1,582200,0,582200,배송완료,설치(용인 설치1),서울,신규,
CJ-260727-0023,2026-07-27,19:02,CJ온스타일,,SB-M-ORG-Q,오리지널 매트리스 미디엄 소프트,Q,1,456000,114000,342000,반품완료,설치(용인 설치1),인천,재구매,EX-2026-05
OH-260727-0001,2026-07-27,14:09,오늘의집,,SB-M-DFB-Q,딥플로우 밸런스 매트리스,Q,1,500700,0,500700,반품완료,설치(용인 설치1),대전,재구매,
CJ-260727-0024,2026-07-27,11:13,CJ온스타일,,SB-M-ORG-Q,오리지널 매트리스 미디엄 소프트,Q,1,456000,114000,342000,배송완료,설치(용인 설치1),서울,신규,EX-2026-05
CP-260727-0004,2026-07-27,09:24,쿠팡 로켓,,SB-M-ORG-Q,오리지널 매트리스 미디엄 소프트,Q,1,451200,0,451200,설치완료,설치(용인 설치1),충남,재구매,
CP-260728-0001,2026-07-28,18:57,쿠팡 로켓,,SB-P-CLL,클라우드 LOW 경추 베개,단일,1,52500,0,52500,배송중,택배(안성1),경남,신규,
OH-260728-0001,2026-07-28,22:31,오늘의집,,SB-M-DFB-SS,딥플로우 밸런스 매트리스,SS,1,478000,0,478000,배송중,설치(용인 설치1),충남,재구매,
NV-260728-0001,2026-07-28,16:42,네이버 브랜드스토어,,SB-M-DFB-Q,딥플로우 밸런스 매트리스,Q,1,522200,0,522200,배송완료,설치(용인 설치1),서울,신규,
NV-260728-0002,2026-07-28,07:37,네이버 브랜드스토어,,SB-MO-MBL-SS,모션 밸런스드 매트리스,SS,1,1382200,0,1382200,교환완료,설치(용인 설치1),서울,신규,
OH-260728-0002,2026-07-28,16:17,오늘의집,,SB-T-ARB5-Q,올라운드 밸런스 토퍼 매트리스 5cm,Q,1,282200,0,282200,설치완료,택배(안성1),서울,신규,
OH-260728-0002,2026-07-28,16:17,오늘의집,,SB-M-EVR-S,이브닝 리버서블 매트리스,S,1,334700,0,334700,설치완료,설치(용인 설치1),서울,신규,
NV-260728-0003,2026-07-28,16:02,네이버 브랜드스토어,,SB-T-ARB5-Q,올라운드 밸런스 토퍼 매트리스 5cm,Q,1,294300,0,294300,반품완료,택배(안성1),서울,신규,
NV-260728-0004,2026-07-28,12:43,네이버 브랜드스토어,,SB-T-ARB7-Q,올라운드 밸런스 토퍼 매트리스 7cm,Q,2,593600,0,593600,배송완료,택배(안성1),대구,신규,
NV-260728-0004,2026-07-28,12:43,네이버 브랜드스토어,,SB-P-CLL,클라우드 LOW 경추 베개,단일,1,53600,0,53600,배송완료,택배(안성1),대구,신규,
CJ-260728-0001,2026-07-28,19:52,CJ온스타일,,SB-T-NMX-Q,더 뉴 맥시멈 토퍼 매트리스,Q,1,527000,0,527000,설치완료,택배(안성1),서울,신규,
HM-260728-0001,2026-07-28,14:24,자사몰,,SB-T-ARCP-Q,올라운드 컴포트 플러스 토퍼 매트리스,Q,1,294800,0,294800,설치완료,택배(안성1),서울,신규,
HM-260728-0001,2026-07-28,14:24,자사몰,,SB-M-MFM-K,미드나잇 풀문 매트리스,K,1,1022000,0,1022000,설치완료,설치(용인 설치1),서울,신규,
OH-260728-0003,2026-07-28,17:13,오늘의집,,SB-M-EVR-SS,이브닝 리버서블 매트리스,SS,1,364600,0,364600,배송중,설치(용인 설치1),서울,신규,
NV-260728-0005,2026-07-28,13:36,네이버 브랜드스토어,,SB-M-DFC-SS,딥플로우 컴포트 매트리스,SS,1,567400,0,567400,배송완료,설치(용인 설치1),울산,신규,
ST-260728-0001,2026-07-28,19:08,직영매장,용산,SB-T-ARB5-Q,올라운드 밸런스 토퍼 매트리스 5cm,Q,1,318600,0,318600,설치완료,설치(용인 설치1),경기,재구매,
ST-260728-0001,2026-07-28,19:08,직영매장,용산,SB-T-NMX-SS,더 뉴 맥시멈 토퍼 매트리스,SS,1,482000,0,482000,설치완료,설치(용인 설치1),경기,재구매,
CP-260729-0001,2026-07-29,17:28,쿠팡 로켓,,SB-A-DPM,딥뮤트 수면안대,단일,1,29600,0,29600,배송완료,택배(안성1),대구,신규,
CP-260729-0002,2026-07-29,16:58,쿠팡 로켓,,SB-M-EVR-SS,이브닝 리버서블 매트리스,SS,1,372400,0,372400,배송완료,설치(용인 설치1),서울,신규,
NV-260729-0001,2026-07-29,18:34,네이버 브랜드스토어,,SB-T-NMX-Q,더 뉴 맥시멈 토퍼 매트리스,Q,1,532500,0,532500,배송완료,택배(안성1),경기,재구매,
ST-260729-0001,2026-07-29,16:34,직영매장,슬로우나잇 논현,SB-T-ARB7-Q,올라운드 밸런스 토퍼 매트리스 7cm,Q,2,642600,0,642600,배송완료,설치(용인 설치1),경남,신규,
ST-260729-0002,2026-07-29,15:16,직영매장,노원,SB-MO-EVM-SS,이브닝 모션 매트리스,SS,1,1125600,0,1125600,배송완료,설치(용인 설치1),서울,신규,
OH-260729-0001,2026-07-29,08:37,오늘의집,,SB-T-ARB5-SS,올라운드 밸런스 토퍼 매트리스 5cm,SS,2,472800,0,472800,배송완료,택배(안성1),대전,신규,
ST-260729-0003,2026-07-29,12:51,직영매장,슬로우나잇 스타필드 수원,SB-T-ARB7-Q,올라운드 밸런스 토퍼 매트리스 7cm,Q,1,321300,0,321300,취소,설치(용인 설치1),충남,신규,
ST-260729-0003,2026-07-29,12:51,직영매장,슬로우나잇 스타필드 수원,SB-T-ARCP-Q,올라운드 컴포트 플러스 토퍼 매트리스,Q,2,619000,0,619000,취소,설치(용인 설치1),충남,신규,
HM-260729-0001,2026-07-29,15:19,자사몰,,SB-T-ARB7-Q,올라운드 밸런스 토퍼 매트리스 7cm,Q,2,612000,0,612000,반품완료,택배(안성1),서울,재구매,
NV-260729-0002,2026-07-29,21:51,네이버 브랜드스토어,,SB-M-EVR-Q,이브닝 리버서블 매트리스,Q,1,405500,0,405500,반품완료,설치(용인 설치1),인천,신규,
NV-260729-0002,2026-07-29,21:51,네이버 브랜드스토어,,SB-T-ARC-Q,올라운드 컴포트 토퍼 매트리스,Q,1,249700,0,249700,반품완료,택배(안성1),인천,신규,
HM-260729-0002,2026-07-29,06:57,자사몰,,SB-M-EVS-Q,이브닝 스타릿 매트리스,Q,1,706000,0,706000,배송완료,설치(용인 설치1),인천,재구매,
CJ-260730-0001,2026-07-30,00:09,CJ온스타일,,SB-T-ARB5-Q,올라운드 밸런스 토퍼 매트리스 5cm,Q,1,291300,0,291300,설치완료,택배(안성1),서울,신규,
CJ-260730-0002,2026-07-30,21:21,CJ온스타일,,SB-T-ARB5-Q,올라운드 밸런스 토퍼 매트리스 5cm,Q,1,291300,0,291300,배송완료,택배(안성1),제주,신규,
CJ-260730-0003,2026-07-30,14:03,CJ온스타일,,SB-M-ORG-Q,오리지널 매트리스 미디엄 소프트,Q,1,456000,114000,342000,배송완료,설치(용인 설치1),서울,재구매,EX-2026-05
CJ-260730-0003,2026-07-30,14:03,CJ온스타일,,SB-M-DFB-Q,딥플로우 밸런스 매트리스,Q,1,516900,129200,387700,배송완료,설치(용인 설치1),서울,재구매,EX-2026-05
CJ-260730-0004,2026-07-30,19:22,CJ온스타일,,SB-T-ARB5-Q,올라운드 밸런스 토퍼 매트리스 5cm,Q,1,291300,0,291300,설치완료,택배(안성1),경남,신규,
CJ-260730-0005,2026-07-30,13:58,CJ온스타일,,SB-T-ARB5-SS,올라운드 밸런스 토퍼 매트리스 5cm,SS,1,244000,0,244000,배송완료,택배(안성1),대전,신규,
CJ-260730-0005,2026-07-30,13:58,CJ온스타일,,SB-M-DFB-SS,딥플로우 밸런스 매트리스,SS,1,493400,0,493400,배송완료,설치(용인 설치1),대전,신규,
CJ-260730-0006,2026-07-30,21:05,CJ온스타일,,SB-M-MFM-Q,미드나잇 풀문 매트리스,Q,1,890900,0,890900,설치완료,설치(용인 설치1),인천,신규,
CJ-260730-0006,2026-07-30,21:05,CJ온스타일,,SB-M-EVR-S,이브닝 리버서블 매트리스,S,1,345500,0,345500,설치완료,설치(용인 설치1),인천,신규,
CJ-260730-0006,2026-07-30,21:05,CJ온스타일,,SB-T-GRB-SS,그라운드 밸런스 토퍼 매트리스,SS,1,501100,0,501100,설치완료,택배(안성1),인천,신규,
CJ-260730-0007,2026-07-30,20:42,CJ온스타일,,SB-M-DFB-Q,딥플로우 밸런스 매트리스,Q,1,516900,129200,387700,배송중,설치(용인 설치1),서울,신규,EX-2026-05
CJ-260730-0007,2026-07-30,20:42,CJ온스타일,,SB-M-EVR-SS,이브닝 리버서블 매트리스,SS,1,376300,0,376300,배송중,설치(용인 설치1),서울,신규,
CJ-260730-0008,2026-07-30,19:18,CJ온스타일,,SB-M-EVR-SS,이브닝 리버서블 매트리스,SS,1,376300,0,376300,배송완료,설치(용인 설치1),경기,신규,
CJ-260730-0009,2026-07-30,15:27,CJ온스타일,,SB-T-NMX-SS,더 뉴 맥시멈 토퍼 매트리스,SS,1,440600,0,440600,설치완료,택배(안성1),충남,재구매,
CJ-260730-0009,2026-07-30,15:27,CJ온스타일,,SB-T-ARC-Q,올라운드 컴포트 토퍼 매트리스,Q,2,494200,0,494200,설치완료,택배(안성1),충남,재구매,
ST-260730-0001,2026-07-30,21:21,직영매장,노원,SB-T-ARC-SS,올라운드 컴포트 토퍼 매트리스,SS,1,229300,0,229300,배송완료,설치(용인 설치1),강원,신규,
ST-260730-0002,2026-07-30,14:30,직영매장,송파,SB-M-DFB-Q,딥플로우 밸런스 매트리스,Q,1,565300,0,565300,설치완료,설치(용인 설치1),서울,신규,
CJ-260730-0010,2026-07-30,16:45,CJ온스타일,,SB-M-DFB-Q,딥플로우 밸런스 매트리스,Q,1,516900,129200,387700,설치완료,설치(용인 설치1),서울,신규,EX-2026-05
CP-260730-0001,2026-07-30,09:59,쿠팡 로켓,,SB-M-ORG-Q,오리지널 매트리스 미디엄 소프트,Q,1,451200,0,451200,배송중,설치(용인 설치1),서울,신규,
CJ-260730-0011,2026-07-30,12:38,CJ온스타일,,SB-M-ORG-Q,오리지널 매트리스 미디엄 소프트,Q,1,456000,114000,342000,배송완료,설치(용인 설치1),서울,신규,EX-2026-05
SG-260730-0001,2026-07-30,07:38,SSG닷컴,,SB-M-ORG-Q,오리지널 매트리스 미디엄 소프트,Q,1,465500,0,465500,반품완료,설치(용인 설치1),경기,신규,
NV-260730-0001,2026-07-30,08:52,네이버 브랜드스토어,,SB-M-EVR-Q,이브닝 리버서블 매트리스,Q,1,405500,0,405500,배송완료,설치(용인 설치1),경기,신규,
NV-260730-0001,2026-07-30,08:52,네이버 브랜드스토어,,SB-M-DFB-Q,딥플로우 밸런스 매트리스,Q,1,522200,0,522200,배송완료,설치(용인 설치1),경기,신규,
NV-260730-0001,2026-07-30,08:52,네이버 브랜드스토어,,SB-M-ORG-Q,오리지널 매트리스 미디엄 소프트,Q,1,460800,0,460800,배송완료,설치(용인 설치1),경기,신규,
CJ-260730-0012,2026-07-30,07:48,CJ온스타일,,SB-M-DFB-Q,딥플로우 밸런스 매트리스,Q,1,516900,129200,387700,반품완료,설치(용인 설치1),인천,신규,EX-2026-05
CJ-260730-0012,2026-07-30,07:48,CJ온스타일,,SB-T-ARC-Q,올라운드 컴포트 토퍼 매트리스,Q,1,247100,0,247100,반품완료,택배(안성1),인천,신규,
CJ-260730-0013,2026-07-30,17:32,CJ온스타일,,SB-M-DFB-Q,딥플로우 밸런스 매트리스,Q,1,516900,129200,387700,설치완료,설치(용인 설치1),울산,신규,EX-2026-05
CJ-260730-0014,2026-07-30,06:55,CJ온스타일,,SB-M-ORG-Q,오리지널 매트리스 미디엄 소프트,Q,1,456000,114000,342000,배송중,설치(용인 설치1),충남,신규,EX-2026-05
CJ-260730-0015,2026-07-30,09:48,CJ온스타일,,SB-T-ARC-Q,올라운드 컴포트 토퍼 매트리스,Q,1,247100,0,247100,배송완료,택배(안성1),경남,재구매,
NV-260730-0002,2026-07-30,15:48,네이버 브랜드스토어,,SB-M-DFB-Q,딥플로우 밸런스 매트리스,Q,1,522200,0,522200,배송중,설치(용인 설치1),부산,신규,
NV-260730-0002,2026-07-30,15:48,네이버 브랜드스토어,,SB-M-ORG-Q,오리지널 매트리스 미디엄 소프트,Q,1,460800,0,460800,배송중,설치(용인 설치1),부산,신규,
CJ-260730-0016,2026-07-30,00:02,CJ온스타일,,SB-T-ARB5-Q,올라운드 밸런스 토퍼 매트리스 5cm,Q,2,582600,0,582600,배송완료,택배(안성1),경기,신규,
CP-260730-0002,2026-07-30,01:01,쿠팡 로켓,,SB-M-ORG-Q,오리지널 매트리스 미디엄 소프트,Q,1,451200,0,451200,교환완료,설치(용인 설치1),부산,재구매,
CJ-260730-0017,2026-07-30,18:28,CJ온스타일,,SB-M-ORG-Q,오리지널 매트리스 미디엄 소프트,Q,1,456000,114000,342000,배송완료,설치(용인 설치1),서울,재구매,EX-2026-05
CP-260730-0003,2026-07-30,10:29,쿠팡 로켓,,SB-M-ORG-Q,오리지널 매트리스 미디엄 소프트,Q,1,451200,0,451200,배송완료,설치(용인 설치1),서울,신규,
HM-260730-0001,2026-07-30,14:42,자사몰,,SB-T-ARB7-Q,올라운드 밸런스 토퍼 매트리스 7cm,Q,1,306000,0,306000,반품완료,택배(안성1),경기,재구매,
CP-260730-0004,2026-07-30,19:54,쿠팡 로켓,,SB-M-EVR-S,이브닝 리버서블 매트리스,S,1,341900,0,341900,배송완료,설치(용인 설치1),충남,재구매,
CJ-260730-0018,2026-07-30,19:32,CJ온스타일,,SB-M-DFB-Q,딥플로우 밸런스 매트리스,Q,1,516900,129200,387700,배송완료,설치(용인 설치1),경남,신규,EX-2026-05
CJ-260730-0018,2026-07-30,19:32,CJ온스타일,,SB-M-ORG-Q,오리지널 매트리스 미디엄 소프트,Q,1,456000,114000,342000,배송완료,설치(용인 설치1),경남,신규,EX-2026-05
CJ-260730-0019,2026-07-30,05:24,CJ온스타일,,SB-T-ARCP-Q,올라운드 컴포트 플러스 토퍼 매트리스,Q,1,283000,0,283000,배송완료,택배(안성1),경기,신규,
CJ-260730-0019,2026-07-30,05:24,CJ온스타일,,SB-M-ORG-Q,오리지널 매트리스 미디엄 소프트,Q,1,456000,114000,342000,배송완료,설치(용인 설치1),경기,신규,EX-2026-05
CJ-260730-0020,2026-07-30,19:34,CJ온스타일,,SB-M-DFB-Q,딥플로우 밸런스 매트리스,Q,1,516900,129200,387700,배송완료,설치(용인 설치1),인천,재구매,EX-2026-05
CJ-260730-0021,2026-07-30,09:41,CJ온스타일,,SB-M-DFB-Q,딥플로우 밸런스 매트리스,Q,1,516900,129200,387700,배송완료,설치(용인 설치1),부산,재구매,EX-2026-05
CP-260730-0005,2026-07-30,01:22,쿠팡 로켓,,SB-M-DFB-Q,딥플로우 밸런스 매트리스,Q,1,511500,0,511500,설치완료,설치(용인 설치1),대전,신규,
CP-260730-0005,2026-07-30,01:22,쿠팡 로켓,,SB-M-ORG-Q,오리지널 매트리스 미디엄 소프트,Q,1,451200,0,451200,설치완료,설치(용인 설치1),대전,신규,
CJ-260730-0022,2026-07-30,21:42,CJ온스타일,,SB-M-EVR-Q,이브닝 리버서블 매트리스,Q,1,401300,0,401300,배송완료,설치(용인 설치1),서울,신규,
CJ-260730-0023,2026-07-30,11:03,CJ온스타일,,SB-M-DFB-Q,딥플로우 밸런스 매트리스,Q,1,516900,129200,387700,배송완료,설치(용인 설치1),광주,신규,EX-2026-05
CJ-260730-0024,2026-07-30,21:22,CJ온스타일,,SB-M-DFB-Q,딥플로우 밸런스 매트리스,Q,1,516900,129200,387700,배송완료,설치(용인 설치1),경남,신규,EX-2026-05
CJ-260730-0024,2026-07-30,21:22,CJ온스타일,,SB-M-ORG-Q,오리지널 매트리스 미디엄 소프트,Q,1,456000,114000,342000,배송완료,설치(용인 설치1),경남,신규,EX-2026-05
OH-260730-0001,2026-07-30,18:57,오늘의집,,SB-M-ORG-Q,오리지널 매트리스 미디엄 소프트,Q,1,441800,0,441800,반품완료,설치(용인 설치1),부산,재구매,
CJ-260730-0025,2026-07-30,13:40,CJ온스타일,,SB-M-DFB-Q,딥플로우 밸런스 매트리스,Q,1,516900,129200,387700,배송완료,설치(용인 설치1),강원,신규,EX-2026-05
CJ-260730-0025,2026-07-30,13:40,CJ온스타일,,SB-T-NMX-Q,더 뉴 맥시멈 토퍼 매트리스,Q,1,527000,0,527000,배송완료,택배(안성1),강원,신규,
CJ-260730-0025,2026-07-30,13:40,CJ온스타일,,SB-T-ARB5-SS,올라운드 밸런스 토퍼 매트리스 5cm,SS,1,244000,0,244000,배송완료,택배(안성1),강원,신규,
CJ-260730-0026,2026-07-30,11:36,CJ온스타일,,SB-T-ARC-Q,올라운드 컴포트 토퍼 매트리스,Q,1,247100,0,247100,배송완료,택배(안성1),경기,신규,
CJ-260730-0026,2026-07-30,11:36,CJ온스타일,,SB-M-DFB-Q,딥플로우 밸런스 매트리스,Q,1,516900,129200,387700,배송완료,설치(용인 설치1),경기,신규,EX-2026-05
CJ-260730-0027,2026-07-30,18:39,CJ온스타일,,SB-M-DFB-Q,딥플로우 밸런스 매트리스,Q,1,516900,129200,387700,배송완료,설치(용인 설치1),서울,재구매,EX-2026-05
CJ-260730-0027,2026-07-30,18:39,CJ온스타일,,SB-T-NMX-SS,더 뉴 맥시멈 토퍼 매트리스,SS,1,440600,0,440600,배송완료,택배(안성1),서울,재구매,
CJ-260730-0028,2026-07-30,00:55,CJ온스타일,,SB-M-ORG-Q,오리지널 매트리스 미디엄 소프트,Q,1,456000,114000,342000,설치완료,설치(용인 설치1),경기,신규,EX-2026-05
CJ-260730-0029,2026-07-30,15:25,CJ온스타일,,SB-T-MAX-SS,맥시멈 토퍼 매트리스,SS,1,440600,0,440600,반품완료,택배(안성1),인천,신규,
CJ-260730-0030,2026-07-30,11:31,CJ온스타일,,SB-T-ARB7-Q,올라운드 밸런스 토퍼 매트리스 7cm,Q,1,293800,0,293800,설치완료,택배(안성1),서울,신규,
CJ-260730-0031,2026-07-30,12:18,CJ온스타일,,SB-M-DFB-Q,딥플로우 밸런스 매트리스,Q,1,516900,129200,387700,반품완료,설치(용인 설치1),서울,신규,EX-2026-05
CJ-260730-0032,2026-07-30,06:29,CJ온스타일,,SB-M-DFB-Q,딥플로우 밸런스 매트리스,Q,1,516900,129200,387700,배송완료,설치(용인 설치1),경기,신규,EX-2026-05
CJ-260730-0033,2026-07-30,17:52,CJ온스타일,,SB-T-ARB5-SS,올라운드 밸런스 토퍼 매트리스 5cm,SS,1,244000,0,244000,배송중,택배(안성1),부산,신규,
ST-260731-0001,2026-07-31,16:28,직영매장,슬로우나잇 논현,SB-T-ARC-SS,올라운드 컴포트 토퍼 매트리스,SS,1,229300,0,229300,배송완료,설치(용인 설치1),서울,신규,
ST-260731-0001,2026-07-31,16:28,직영매장,슬로우나잇 논현,SB-MO-EVM-Q,이브닝 모션 매트리스,Q,1,1224300,0,1224300,배송완료,설치(용인 설치1),서울,신규,
CJ-260731-0001,2026-07-31,13:07,CJ온스타일,,SB-M-EVS-Q,이브닝 스타릿 매트리스,Q,1,677800,0,677800,배송완료,설치(용인 설치1),경기,신규,
CJ-260731-0001,2026-07-31,13:07,CJ온스타일,,SB-T-ARB7-Q,올라운드 밸런스 토퍼 매트리스 7cm,Q,1,293800,0,293800,배송완료,택배(안성1),경기,신규,
CJ-260731-0001,2026-07-31,13:07,CJ온스타일,,SB-M-DFC-Q,딥플로우 컴포트 매트리스,Q,1,588300,0,588300,배송완료,설치(용인 설치1),경기,신규,
HM-260731-0001,2026-07-31,11:25,자사몰,,SB-A-DPM,딥뮤트 수면안대,단일,1,31200,0,31200,교환완료,택배(안성1),경기,재구매,
OH-260731-0001,2026-07-31,12:26,오늘의집,,SB-T-ARB7-Q,올라운드 밸런스 토퍼 매트리스 7cm,Q,1,284600,0,284600,반품완료,택배(안성1),서울,신규,
OH-260731-0001,2026-07-31,12:26,오늘의집,,SB-T-ARC-Q,올라운드 컴포트 토퍼 매트리스,Q,1,239400,0,239400,반품완료,택배(안성1),서울,신규,
OH-260731-0001,2026-07-31,12:26,오늘의집,,SB-M-ORG-Q,오리지널 매트리스 미디엄 소프트,Q,1,441800,0,441800,반품완료,설치(용인 설치1),서울,신규,
CP-260731-0001,2026-07-31,13:03,쿠팡 로켓,,SB-T-ARB5-SS,올라운드 밸런스 토퍼 매트리스 5cm,SS,2,483000,0,483000,설치완료,택배(안성1),경기,재구매,
NV-260731-0001,2026-07-31,20:21,네이버 브랜드스토어,,SB-T-NMX-Q,더 뉴 맥시멈 토퍼 매트리스,Q,1,532500,0,532500,배송완료,택배(안성1),충남,재구매,
HM-260731-0002,2026-07-31,10:08,자사몰,,SB-T-ARB7-Q,올라운드 밸런스 토퍼 매트리스 7cm,Q,1,306000,0,306000,배송완료,택배(안성1),서울,재구매,
ST-260731-0002,2026-07-31,20:10,직영매장,송파,SB-M-ORG-SS,오리지널 매트리스 미디엄 소프트,SS,1,468300,0,468300,배송완료,설치(용인 설치1),울산,신규,
CJ-260731-0002,2026-07-31,20:28,CJ온스타일,,SB-T-ARB5-Q,올라운드 밸런스 토퍼 매트리스 5cm,Q,2,582600,0,582600,배송중,택배(안성1),경기,신규,
SG-260731-0001,2026-07-31,19:31,SSG닷컴,,SB-P-CLB,클라우드 버디 베개,단일,1,61900,0,61900,배송완료,택배(안성1),제주,재구매,
CP-260731-0002,2026-07-31,18:40,쿠팡 로켓,,SB-P-CLL,클라우드 LOW 경추 베개,단일,1,52500,0,52500,설치완료,택배(안성1),서울,신규,
CP-260731-0003,2026-07-31,11:27,쿠팡 로켓,,SB-P-CLL,클라우드 LOW 경추 베개,단일,1,52500,0,52500,배송완료,택배(안성1),경기,재구매,
SG-260731-0002,2026-07-31,11:01,SSG닷컴,,SB-T-NMX-Q,더 뉴 맥시멈 토퍼 매트리스,Q,1,538000,0,538000,설치완료,택배(안성1),경기,재구매,
SG-260731-0002,2026-07-31,11:01,SSG닷컴,,SB-MO-EVM-SS,이브닝 모션 매트리스,SS,1,1050600,0,1050600,설치완료,설치(용인 설치1),경기,재구매,
NV-260731-0002,2026-07-31,13:36,네이버 브랜드스토어,,SB-M-EVR-SS,이브닝 리버서블 매트리스,SS,1,380200,0,380200,배송완료,설치(용인 설치1),서울,신규,
OH-260801-0001,2026-08-01,23:34,오늘의집,,SB-M-DFB-Q,딥플로우 밸런스 매트리스,Q,1,500700,0,500700,설치완료,설치(용인 설치1),인천,신규,
CP-260801-0001,2026-08-01,23:59,쿠팡 로켓,,SB-M-DFB-Q,딥플로우 밸런스 매트리스,Q,1,511500,0,511500,반품완료,설치(용인 설치1),부산,신규,
CJ-260801-0001,2026-08-01,15:18,CJ온스타일,,SB-M-DFB-Q,딥플로우 밸런스 매트리스,Q,1,516900,129200,387700,설치완료,설치(용인 설치1),서울,신규,EX-2026-05
NV-260801-0001,2026-08-01,12:45,네이버 브랜드스토어,,SB-M-ORG-Q,오리지널 매트리스 미디엄 소프트,Q,1,460800,0,460800,배송완료,설치(용인 설치1),제주,신규,
CJ-260801-0002,2026-08-01,08:10,CJ온스타일,,SB-T-ARB5-Q,올라운드 밸런스 토퍼 매트리스 5cm,Q,2,582600,0,582600,배송완료,택배(안성1),경기,재구매,
CJ-260801-0002,2026-08-01,08:10,CJ온스타일,,SB-M-ORG-Q,오리지널 매트리스 미디엄 소프트,Q,1,456000,114000,342000,배송완료,설치(용인 설치1),경기,재구매,EX-2026-05
CJ-260801-0003,2026-08-01,19:02,CJ온스타일,,SB-M-EVR-S,이브닝 리버서블 매트리스,S,1,345500,0,345500,배송완료,설치(용인 설치1),서울,재구매,
SG-260801-0001,2026-08-01,22:57,SSG닷컴,,SB-M-DFB-Q,딥플로우 밸런스 매트리스,Q,1,527600,0,527600,설치완료,설치(용인 설치1),대전,신규,
SG-260801-0001,2026-08-01,22:57,SSG닷컴,,SB-M-ORG-Q,오리지널 매트리스 미디엄 소프트,Q,1,465500,0,465500,설치완료,설치(용인 설치1),대전,신규,
SG-260801-0001,2026-08-01,22:57,SSG닷컴,,SB-T-MAX-Q,맥시멈 토퍼 매트리스,Q,1,538000,0,538000,설치완료,택배(안성1),대전,신규,
CJ-260801-0004,2026-08-01,05:21,CJ온스타일,,SB-M-DFB-Q,딥플로우 밸런스 매트리스,Q,1,516900,129200,387700,배송완료,설치(용인 설치1),인천,신규,EX-2026-05
CJ-260801-0005,2026-08-01,18:44,CJ온스타일,,SB-T-NMX-SS,더 뉴 맥시멈 토퍼 매트리스,SS,1,440600,0,440600,설치완료,택배(안성1),인천,재구매,
NV-260801-0002,2026-08-01,10:30,네이버 브랜드스토어,,SB-M-DFB-Q,딥플로우 밸런스 매트리스,Q,1,522200,0,522200,배송완료,설치(용인 설치1),부산,재구매,
CJ-260801-0006,2026-08-01,12:09,CJ온스타일,,SB-M-DFB-Q,딥플로우 밸런스 매트리스,Q,1,516900,129200,387700,설치완료,설치(용인 설치1),강원,신규,EX-2026-05
CJ-260801-0007,2026-08-01,09:54,CJ온스타일,,SB-M-ORG-Q,오리지널 매트리스 미디엄 소프트,Q,1,456000,114000,342000,배송완료,설치(용인 설치1),부산,재구매,EX-2026-05
CJ-260801-0007,2026-08-01,09:54,CJ온스타일,,SB-T-ARB7-Q,올라운드 밸런스 토퍼 매트리스 7cm,Q,1,293800,0,293800,배송완료,택배(안성1),부산,재구매,
CJ-260801-0008,2026-08-01,23:59,CJ온스타일,,SB-M-ORG-Q,오리지널 매트리스 미디엄 소프트,Q,1,456000,114000,342000,설치완료,설치(용인 설치1),경기,재구매,EX-2026-05
CJ-260801-0009,2026-08-01,23:43,CJ온스타일,,SB-M-ORG-Q,오리지널 매트리스 미디엄 소프트,Q,1,456000,114000,342000,배송완료,설치(용인 설치1),인천,신규,EX-2026-05
CJ-260801-0010,2026-08-01,13:48,CJ온스타일,,SB-M-ORG-Q,오리지널 매트리스 미디엄 소프트,Q,1,456000,114000,342000,배송완료,설치(용인 설치1),서울,신규,EX-2026-05
CJ-260801-0011,2026-08-01,13:42,CJ온스타일,,SB-M-ORG-Q,오리지널 매트리스 미디엄 소프트,Q,1,456000,114000,342000,배송완료,설치(용인 설치1),경기,신규,EX-2026-05
CJ-260801-0012,2026-08-01,22:54,CJ온스타일,,SB-M-ORG-Q,오리지널 매트리스 미디엄 소프트,Q,1,456000,114000,342000,설치완료,설치(용인 설치1),서울,재구매,EX-2026-05
CJ-260801-0013,2026-08-01,05:01,CJ온스타일,,SB-M-ORG-Q,오리지널 매트리스 미디엄 소프트,Q,1,456000,114000,342000,배송완료,설치(용인 설치1),경기,신규,EX-2026-05
CJ-260801-0014,2026-08-01,23:27,CJ온스타일,,SB-M-EVR-S,이브닝 리버서블 매트리스,S,1,345500,0,345500,배송완료,설치(용인 설치1),대구,신규,
CJ-260801-0014,2026-08-01,23:27,CJ온스타일,,SB-M-EVS-K,이브닝 스타릿 매트리스,K,1,746900,0,746900,배송완료,설치(용인 설치1),대구,신규,
CJ-260801-0015,2026-08-01,17:44,CJ온스타일,,SB-M-DFB-Q,딥플로우 밸런스 매트리스,Q,1,516900,129200,387700,설치완료,설치(용인 설치1),부산,신규,EX-2026-05
CJ-260801-0016,2026-08-01,16:06,CJ온스타일,,SB-T-ARCP-Q,올라운드 컴포트 플러스 토퍼 매트리스,Q,1,283000,0,283000,배송완료,택배(안성1),경남,재구매,
CJ-260801-0017,2026-08-01,11:47,CJ온스타일,,SB-T-ARB7-Q,올라운드 밸런스 토퍼 매트리스 7cm,Q,2,587600,0,587600,배송완료,택배(안성1),대구,신규,
CJ-260801-0018,2026-08-01,20:11,CJ온스타일,,SB-M-DFB-Q,딥플로우 밸런스 매트리스,Q,1,516900,129200,387700,설치완료,설치(용인 설치1),경기,신규,EX-2026-05
CJ-260801-0018,2026-08-01,20:11,CJ온스타일,,SB-T-ARB7-Q,올라운드 밸런스 토퍼 매트리스 7cm,Q,1,293800,0,293800,설치완료,택배(안성1),경기,신규,
CJ-260801-0019,2026-08-01,13:37,CJ온스타일,,SB-M-DFB-Q,딥플로우 밸런스 매트리스,Q,1,516900,129200,387700,설치완료,설치(용인 설치1),강원,신규,EX-2026-05
NV-260801-0003,2026-08-01,06:51,네이버 브랜드스토어,,SB-M-DFB-Q,딥플로우 밸런스 매트리스,Q,1,522200,0,522200,배송중,설치(용인 설치1),광주,신규,
CP-260801-0002,2026-08-01,09:34,쿠팡 로켓,,SB-M-EVR-S,이브닝 리버서블 매트리스,S,1,341900,0,341900,설치완료,설치(용인 설치1),서울,신규,
SG-260801-0002,2026-08-01,21:24,SSG닷컴,,SB-T-ARB7-Q,올라운드 밸런스 토퍼 매트리스 7cm,Q,1,299900,0,299900,배송완료,택배(안성1),경기,신규,
SG-260801-0002,2026-08-01,21:24,SSG닷컴,,SB-M-EVR-S,이브닝 리버서블 매트리스,S,1,352700,0,352700,배송완료,설치(용인 설치1),경기,신규,
NV-260801-0004,2026-08-01,16:03,네이버 브랜드스토어,,SB-T-ARB5-Q,올라운드 밸런스 토퍼 매트리스 5cm,Q,1,294300,0,294300,반품완료,택배(안성1),대전,신규,
CJ-260801-0020,2026-08-01,06:05,CJ온스타일,,SB-M-ORG-Q,오리지널 매트리스 미디엄 소프트,Q,1,456000,114000,342000,교환완료,설치(용인 설치1),강원,신규,EX-2026-05
HM-260801-0001,2026-08-01,16:00,자사몰,,SB-M-DFB-Q,딥플로우 밸런스 매트리스,Q,1,538400,0,538400,설치완료,설치(용인 설치1),울산,신규,
HM-260801-0001,2026-08-01,16:00,자사몰,,SB-P-CLL,클라우드 LOW 경추 베개,단일,1,55200,0,55200,설치완료,택배(안성1),울산,신규,
CJ-260801-0021,2026-08-01,15:09,CJ온스타일,,SB-M-DFB-Q,딥플로우 밸런스 매트리스,Q,1,516900,129200,387700,배송완료,설치(용인 설치1),경기,신규,EX-2026-05
CJ-260801-0022,2026-08-01,20:44,CJ온스타일,,SB-M-DFC-Q,딥플로우 컴포트 매트리스,Q,1,588300,0,588300,배송완료,설치(용인 설치1),경기,신규,
SG-260801-0003,2026-08-01,12:33,SSG닷컴,,SB-M-DFB-Q,딥플로우 밸런스 매트리스,Q,1,527600,0,527600,배송완료,설치(용인 설치1),경기,신규,
CJ-260801-0023,2026-08-01,09:39,CJ온스타일,,SB-M-DFB-Q,딥플로우 밸런스 매트리스,Q,1,516900,129200,387700,설치완료,설치(용인 설치1),대구,신규,EX-2026-05
CJ-260801-0024,2026-08-01,18:02,CJ온스타일,,SB-M-MFM-Q,미드나잇 풀문 매트리스,Q,1,890900,0,890900,배송완료,설치(용인 설치1),서울,재구매,
NV-260801-0005,2026-08-01,05:50,네이버 브랜드스토어,,SB-M-ORG-Q,오리지널 매트리스 미디엄 소프트,Q,1,460800,0,460800,설치완료,설치(용인 설치1),경기,재구매,
CJ-260801-0025,2026-08-01,12:24,CJ온스타일,,SB-M-ORG-Q,오리지널 매트리스 미디엄 소프트,Q,1,456000,114000,342000,배송완료,설치(용인 설치1),경기,신규,EX-2026-05
CJ-260801-0026,2026-08-01,07:51,CJ온스타일,,SB-M-DFB-Q,딥플로우 밸런스 매트리스,Q,1,516900,129200,387700,배송완료,설치(용인 설치1),경기,신규,EX-2026-05
CJ-260801-0026,2026-08-01,07:51,CJ온스타일,,SB-T-GRB-SS,그라운드 밸런스 토퍼 매트리스,SS,1,501100,0,501100,배송완료,택배(안성1),경기,신규,
CJ-260801-0027,2026-08-01,18:16,CJ온스타일,,SB-M-EVS-K,이브닝 스타릿 매트리스,K,1,746900,0,746900,설치완료,설치(용인 설치1),울산,재구매,
NV-260801-0006,2026-08-01,12:04,네이버 브랜드스토어,,SB-M-ORG-Q,오리지널 매트리스 미디엄 소프트,Q,1,460800,0,460800,배송완료,설치(용인 설치1),서울,재구매,
NV-260801-0006,2026-08-01,12:04,네이버 브랜드스토어,,SB-MO-EVM-Q,이브닝 모션 매트리스,Q,1,1131000,0,1131000,배송완료,설치(용인 설치1),서울,재구매,
CJ-260801-0028,2026-08-01,19:14,CJ온스타일,,SB-M-DFB-Q,딥플로우 밸런스 매트리스,Q,1,516900,129200,387700,배송완료,설치(용인 설치1),경기,재구매,EX-2026-05
CJ-260801-0029,2026-08-01,11:02,CJ온스타일,,SB-M-ORG-Q,오리지널 매트리스 미디엄 소프트,Q,1,456000,114000,342000,취소,설치(용인 설치1),서울,재구매,EX-2026-05
CJ-260801-0030,2026-08-01,09:11,CJ온스타일,,SB-T-ARB7-Q,올라운드 밸런스 토퍼 매트리스 7cm,Q,1,293800,0,293800,교환완료,택배(안성1),광주,신규,
CP-260801-0003,2026-08-01,10:49,쿠팡 로켓,,SB-T-ARB5-Q,올라운드 밸런스 토퍼 매트리스 5cm,Q,1,288200,0,288200,배송완료,택배(안성1),서울,신규,
CJ-260801-0031,2026-08-01,17:23,CJ온스타일,,SB-T-ARB7-Q,올라운드 밸런스 토퍼 매트리스 7cm,Q,1,293800,0,293800,취소,택배(안성1),부산,신규,
CJ-260801-0031,2026-08-01,17:23,CJ온스타일,,SB-T-ARB5-SS,올라운드 밸런스 토퍼 매트리스 5cm,SS,1,244000,0,244000,취소,택배(안성1),부산,신규,
CJ-260801-0032,2026-08-01,17:19,CJ온스타일,,SB-M-EVS-Q,이브닝 스타릿 매트리스,Q,1,677800,0,677800,반품완료,설치(용인 설치1),서울,신규,
CJ-260801-0033,2026-08-01,16:22,CJ온스타일,,SB-M-DFB-Q,딥플로우 밸런스 매트리스,Q,1,516900,129200,387700,반품완료,설치(용인 설치1),충남,재구매,EX-2026-05
NV-260801-0007,2026-08-01,17:06,네이버 브랜드스토어,,SB-MO-EVM-Q,이브닝 모션 매트리스,Q,1,1131000,0,1131000,취소,설치(용인 설치1),서울,신규,
NV-260801-0007,2026-08-01,17:06,네이버 브랜드스토어,,SB-M-ORG-Q,오리지널 매트리스 미디엄 소프트,Q,1,460800,0,460800,취소,설치(용인 설치1),서울,신규,
CJ-260801-0034,2026-08-01,14:40,CJ온스타일,,SB-M-DFB-Q,딥플로우 밸런스 매트리스,Q,1,516900,129200,387700,교환완료,설치(용인 설치1),서울,신규,EX-2026-05
CJ-260801-0035,2026-08-01,13:10,CJ온스타일,,SB-M-ORG-Q,오리지널 매트리스 미디엄 소프트,Q,1,456000,114000,342000,반품완료,설치(용인 설치1),경남,신규,EX-2026-05
CJ-260801-0036,2026-08-01,08:12,CJ온스타일,,SB-M-ORG-Q,오리지널 매트리스 미디엄 소프트,Q,1,456000,114000,342000,배송완료,설치(용인 설치1),경남,재구매,EX-2026-05
CJ-260801-0037,2026-08-01,17:46,CJ온스타일,,SB-T-NMX-SS,더 뉴 맥시멈 토퍼 매트리스,SS,1,440600,0,440600,배송중,택배(안성1),경기,신규,
CJ-260801-0038,2026-08-01,08:41,CJ온스타일,,SB-T-ARB5-SS,올라운드 밸런스 토퍼 매트리스 5cm,SS,2,488000,0,488000,배송완료,택배(안성1),대구,신규,
CJ-260801-0039,2026-08-01,13:27,CJ온스타일,,SB-M-ORG-Q,오리지널 매트리스 미디엄 소프트,Q,1,456000,114000,342000,배송완료,설치(용인 설치1),경남,신규,EX-2026-05
ST-260801-0001,2026-08-01,18:29,직영매장,슬로우나잇 스타필드 수원,SB-M-DFB-Q,딥플로우 밸런스 매트리스,Q,1,565300,0,565300,설치완료,설치(용인 설치1),경기,재구매,
NV-260801-0008,2026-08-01,14:15,네이버 브랜드스토어,,SB-M-ORG-Q,오리지널 매트리스 미디엄 소프트,Q,1,460800,0,460800,반품완료,설치(용인 설치1),대구,신규,
HM-260802-0001,2026-08-02,12:03,자사몰,,SB-P-CLL,클라우드 LOW 경추 베개,단일,1,55200,0,55200,배송완료,택배(안성1),경기,재구매,
CP-260802-0001,2026-08-02,15:25,쿠팡 로켓,,SB-T-ARB7-Q,올라운드 밸런스 토퍼 매트리스 7cm,Q,1,290700,0,290700,배송완료,택배(안성1),경기,신규,
HM-260802-0002,2026-08-02,09:17,자사몰,,SB-M-EVS-Q,이브닝 스타릿 매트리스,Q,1,706000,0,706000,배송완료,설치(용인 설치1),서울,재구매,
HM-260802-0002,2026-08-02,09:17,자사몰,,SB-F-BAU-G,바우 키즈 원목 가드형 데이베드 침대,SS,1,799000,0,799000,배송완료,설치(용인 설치1),서울,재구매,
SG-260802-0001,2026-08-02,17:53,SSG닷컴,,SB-F-BAU-G,바우 키즈 원목 가드형 데이베드 침대,SS,1,783000,0,783000,배송완료,설치(용인 설치1),서울,재구매,
SG-260802-0001,2026-08-02,17:53,SSG닷컴,,SB-M-DFC-SS,딥플로우 컴포트 매트리스,SS,1,573300,0,573300,배송완료,설치(용인 설치1),서울,재구매,
SG-260802-0001,2026-08-02,17:53,SSG닷컴,,SB-T-ARB5-Q,올라운드 밸런스 토퍼 매트리스 5cm,Q,1,297300,0,297300,배송완료,택배(안성1),서울,재구매,
HM-260802-0003,2026-08-02,12:20,자사몰,,SB-M-ORG-SS,오리지널 매트리스 미디엄 소프트,SS,1,446000,0,446000,반품완료,설치(용인 설치1),경기,신규,
CP-260802-0002,2026-08-02,16:47,쿠팡 로켓,,SB-T-ARC-SS,올라운드 컴포트 토퍼 매트리스,SS,2,415000,0,415000,배송완료,택배(안성1),서울,신규,
ST-260802-0001,2026-08-02,09:48,직영매장,노원,SB-F-BAU-O,바우 키즈 원목 오픈형 데이베드 침대,SS,1,629000,0,629000,설치완료,설치(용인 설치1),경기,신규,
ST-260802-0001,2026-08-02,09:48,직영매장,노원,SB-T-MAX-SS,맥시멈 토퍼 매트리스,SS,1,482000,0,482000,설치완료,설치(용인 설치1),경기,신규,
CP-260802-0003,2026-08-02,22:45,쿠팡 로켓,,SB-T-ARB7-Q,올라운드 밸런스 토퍼 매트리스 7cm,Q,1,290700,0,290700,배송완료,택배(안성1),서울,신규,
CP-260802-0003,2026-08-02,22:45,쿠팡 로켓,,SB-P-CLB,클라우드 버디 베개,단일,2,120000,0,120000,배송완료,택배(안성1),서울,신규,
NV-260802-0001,2026-08-02,22:36,네이버 브랜드스토어,,SB-MO-MBL-Q,모션 밸런스드 매트리스,Q,1,1501600,0,1501600,배송완료,설치(용인 설치1),경기,신규,
HM-260802-0004,2026-08-02,10:01,자사몰,,SB-T-ARB5-Q,올라운드 밸런스 토퍼 매트리스 5cm,Q,1,303400,0,303400,반품완료,택배(안성1),경기,재구매,
NV-260802-0002,2026-08-02,09:45,네이버 브랜드스토어,,SB-T-ARB7-Q,올라운드 밸런스 토퍼 매트리스 7cm,Q,1,296800,0,296800,설치완료,택배(안성1),서울,신규,
CJ-260802-0001,2026-08-02,14:55,CJ온스타일,,SB-T-ARB5-Q,올라운드 밸런스 토퍼 매트리스 5cm,Q,1,291300,0,291300,배송완료,택배(안성1),인천,재구매,
CJ-260802-0001,2026-08-02,14:55,CJ온스타일,,SB-T-ARCP-Q,올라운드 컴포트 플러스 토퍼 매트리스,Q,1,283000,0,283000,배송완료,택배(안성1),인천,재구매,
SG-260802-0002,2026-08-02,17:11,SSG닷컴,,SB-T-ARC-Q,올라운드 컴포트 토퍼 매트리스,Q,1,252300,0,252300,배송완료,택배(안성1),서울,신규,
SG-260802-0002,2026-08-02,17:11,SSG닷컴,,SB-M-EVR-Q,이브닝 리버서블 매트리스,Q,1,409600,0,409600,배송완료,설치(용인 설치1),서울,신규,
CP-260802-0004,2026-08-02,14:58,쿠팡 로켓,,SB-M-ORG-SS,오리지널 매트리스 미디엄 소프트,SS,1,423700,0,423700,배송중,설치(용인 설치1),경기,신규,
SG-260802-0003,2026-08-02,05:26,SSG닷컴,,SB-P-CLB,클라우드 버디 베개,단일,1,61900,0,61900,배송완료,택배(안성1),충남,신규,
NV-260802-0003,2026-08-02,11:23,네이버 브랜드스토어,,SB-T-ARB7-Q,올라운드 밸런스 토퍼 매트리스 7cm,Q,1,296800,0,296800,배송완료,택배(안성1),서울,재구매,
NV-260802-0003,2026-08-02,11:23,네이버 브랜드스토어,,SB-P-CLL,클라우드 LOW 경추 베개,단일,1,53600,0,53600,배송완료,택배(안성1),서울,재구매,
NV-260802-0003,2026-08-02,11:23,네이버 브랜드스토어,,SB-T-GRB-SS,그라운드 밸런스 토퍼 매트리스,SS,1,506300,0,506300,배송완료,택배(안성1),서울,재구매,
CP-260802-0005,2026-08-02,09:43,쿠팡 로켓,,SB-P-CLB,클라우드 버디 베개,단일,1,60000,0,60000,설치완료,택배(안성1),충남,신규,
ST-260803-0001,2026-08-03,23:18,직영매장,슬로우나잇 스타필드 수원,SB-P-CLL,클라우드 LOW 경추 베개,단일,2,116000,0,116000,설치완료,매장수령,경기,신규,
ST-260803-0001,2026-08-03,23:18,직영매장,슬로우나잇 스타필드 수원,SB-P-CLB,클라우드 버디 베개,단일,1,66400,0,66400,설치완료,매장수령,경기,신규,
CP-260803-0001,2026-08-03,21:28,쿠팡 로켓,,SB-T-ARB5-Q,올라운드 밸런스 토퍼 매트리스 5cm,Q,1,288200,0,288200,배송완료,택배(안성1),경남,신규,
SG-260803-0001,2026-08-03,10:44,SSG닷컴,,SB-P-CLB,클라우드 버디 베개,단일,1,61900,0,61900,배송완료,택배(안성1),서울,신규,
CJ-260803-0001,2026-08-03,16:42,CJ온스타일,,SB-T-ARC-SS,올라운드 컴포트 토퍼 매트리스,SS,2,419400,0,419400,설치완료,택배(안성1),인천,재구매,
NV-260803-0001,2026-08-03,08:00,네이버 브랜드스토어,,SB-M-DFB-Q,딥플로우 밸런스 매트리스,Q,1,522200,0,522200,설치완료,설치(용인 설치1),경기,재구매,
HM-260803-0001,2026-08-03,18:54,자사몰,,SB-P-CLL,클라우드 LOW 경추 베개,단일,1,55200,0,55200,반품완료,택배(안성1),인천,재구매,
ST-260803-0002,2026-08-03,16:24,직영매장,용산,SB-T-ARC-Q,올라운드 컴포트 토퍼 매트리스,Q,1,270300,0,270300,교환완료,설치(용인 설치1),서울,재구매,
CJ-260803-0002,2026-08-03,16:01,CJ온스타일,,SB-T-ARC-SS,올라운드 컴포트 토퍼 매트리스,SS,1,209700,0,209700,배송완료,택배(안성1),광주,신규,
NV-260803-0002,2026-08-03,20:17,네이버 브랜드스토어,,SB-T-ARC-Q,올라운드 컴포트 토퍼 매트리스,Q,2,499400,0,499400,취소,택배(안성1),서울,재구매,
NV-260803-0002,2026-08-03,20:17,네이버 브랜드스토어,,SB-T-ARB5-Q,올라운드 밸런스 토퍼 매트리스 5cm,Q,1,294300,0,294300,취소,택배(안성1),서울,재구매,
SG-260803-0002,2026-08-03,19:10,SSG닷컴,,SB-T-ARC-Q,올라운드 컴포트 토퍼 매트리스,Q,1,252300,0,252300,설치완료,택배(안성1),광주,재구매,
NV-260803-0003,2026-08-03,17:13,네이버 브랜드스토어,,SB-M-EVR-SS,이브닝 리버서블 매트리스,SS,1,380200,0,380200,반품완료,설치(용인 설치1),인천,신규,
NV-260803-0003,2026-08-03,17:13,네이버 브랜드스토어,,SB-T-ARCP-Q,올라운드 컴포트 플러스 토퍼 매트리스,Q,2,572000,0,572000,반품완료,택배(안성1),인천,신규,
OH-260803-0001,2026-08-03,05:32,오늘의집,,SB-M-EVR-SS,이브닝 리버서블 매트리스,SS,1,364600,0,364600,배송완료,설치(용인 설치1),경남,신규,
OH-260803-0001,2026-08-03,05:32,오늘의집,,SB-M-EVR-Q,이브닝 리버서블 매트리스,Q,1,388700,0,388700,배송완료,설치(용인 설치1),경남,신규,
OH-260803-0001,2026-08-03,05:32,오늘의집,,SB-T-ARB5-SS,올라운드 밸런스 토퍼 매트리스 5cm,SS,1,236400,0,236400,배송완료,택배(안성1),경남,신규,
NV-260803-0004,2026-08-03,14:34,네이버 브랜드스토어,,SB-F-BAU-G,바우 키즈 원목 가드형 데이베드 침대,SS,1,775000,0,775000,설치완료,설치(용인 설치1),경기,신규,
OH-260804-0001,2026-08-04,17:15,오늘의집,,SB-T-ARC-SS,올라운드 컴포트 토퍼 매트리스,SS,1,203100,0,203100,배송완료,택배(안성1),경남,신규,
SG-260804-0001,2026-08-04,16:57,SSG닷컴,,SB-P-CLL,클라우드 LOW 경추 베개,단일,1,54100,0,54100,배송완료,택배(안성1),서울,신규,
NV-260804-0001,2026-08-04,19:05,네이버 브랜드스토어,,SB-T-NMX-Q,더 뉴 맥시멈 토퍼 매트리스,Q,1,532500,0,532500,배송완료,택배(안성1),광주,신규,
NV-260804-0002,2026-08-04,16:44,네이버 브랜드스토어,,SB-T-ARB5-Q,올라운드 밸런스 토퍼 매트리스 5cm,Q,1,294300,0,294300,배송완료,택배(안성1),인천,신규,
SG-260804-0002,2026-08-04,04:25,SSG닷컴,,SB-P-CLL,클라우드 LOW 경추 베개,단일,1,54100,0,54100,배송완료,택배(안성1),서울,신규,
NV-260804-0003,2026-08-04,10:45,네이버 브랜드스토어,,SB-T-ARB5-Q,올라운드 밸런스 토퍼 매트리스 5cm,Q,1,294300,0,294300,배송완료,택배(안성1),대전,신규,
SG-260804-0003,2026-08-04,07:35,SSG닷컴,,SB-P-CLL,클라우드 LOW 경추 베개,단일,1,54100,0,54100,배송완료,택배(안성1),경기,신규,
SG-260804-0003,2026-08-04,07:35,SSG닷컴,,SB-M-DFC-SS,딥플로우 컴포트 매트리스,SS,1,573300,0,573300,배송완료,설치(용인 설치1),경기,신규,
SG-260804-0004,2026-08-04,19:21,SSG닷컴,,SB-T-NMX-Q,더 뉴 맥시멈 토퍼 매트리스,Q,1,538000,0,538000,배송완료,택배(안성1),강원,재구매,
SG-260804-0004,2026-08-04,19:21,SSG닷컴,,SB-M-DFC-SS,딥플로우 컴포트 매트리스,SS,1,573300,0,573300,배송완료,설치(용인 설치1),강원,재구매,
NV-260804-0004,2026-08-04,15:33,네이버 브랜드스토어,,SB-M-EVR-Q,이브닝 리버서블 매트리스,Q,1,405500,0,405500,설치완료,설치(용인 설치1),부산,신규,
CP-260804-0001,2026-08-04,10:26,쿠팡 로켓,,SB-T-NMX-SS,더 뉴 맥시멈 토퍼 매트리스,SS,1,436000,0,436000,설치완료,택배(안성1),부산,신규,
CP-260804-0001,2026-08-04,10:26,쿠팡 로켓,,SB-T-NMX-Q,더 뉴 맥시멈 토퍼 매트리스,Q,1,521600,0,521600,설치완료,택배(안성1),부산,신규,
ST-260804-0001,2026-08-04,03:22,직영매장,용산,SB-M-EVR-Q,이브닝 리버서블 매트리스,Q,1,438900,0,438900,배송완료,설치(용인 설치1),대구,신규,
OH-260804-0002,2026-08-04,20:00,오늘의집,,SB-MO-EVM-Q,이브닝 모션 매트리스,Q,1,1084400,0,1084400,배송완료,설치(용인 설치1),인천,신규,
SG-260805-0001,2026-08-05,19:39,SSG닷컴,,SB-P-CLB,클라우드 버디 베개,단일,1,61900,0,61900,배송완료,택배(안성1),서울,신규,
HM-260805-0001,2026-08-05,17:12,자사몰,,SB-T-ARB7-Q,올라운드 밸런스 토퍼 매트리스 7cm,Q,2,612000,0,612000,배송완료,택배(안성1),서울,신규,
NV-260805-0001,2026-08-05,16:28,네이버 브랜드스토어,,SB-P-CLB,클라우드 버디 베개,단일,1,61300,0,61300,설치완료,택배(안성1),경기,신규,
NV-260805-0002,2026-08-05,14:20,네이버 브랜드스토어,,SB-T-MAX-SS,맥시멈 토퍼 매트리스,SS,1,445200,0,445200,배송완료,택배(안성1),대구,신규,
OH-260805-0001,2026-08-05,10:44,오늘의집,,SB-P-CLL,클라우드 LOW 경추 베개,단일,1,51400,0,51400,배송완료,택배(안성1),울산,신규,
OH-260805-0001,2026-08-05,10:44,오늘의집,,SB-T-ARB5-SS,올라운드 밸런스 토퍼 매트리스 5cm,SS,1,236400,0,236400,배송완료,택배(안성1),울산,신규,
CP-260805-0001,2026-08-05,20:56,쿠팡 로켓,,SB-T-ARB7-Q,올라운드 밸런스 토퍼 매트리스 7cm,Q,1,290700,0,290700,교환완료,택배(안성1),경남,신규,
CP-260805-0002,2026-08-05,05:04,쿠팡 로켓,,SB-T-ARCP-Q,올라운드 컴포트 플러스 토퍼 매트리스,Q,1,280100,0,280100,설치완료,택배(안성1),대구,재구매,
OH-260805-0002,2026-08-05,18:47,오늘의집,,SB-P-CLL,클라우드 LOW 경추 베개,단일,1,51400,0,51400,설치완료,택배(안성1),울산,재구매,
SG-260805-0002,2026-08-05,21:19,SSG닷컴,,SB-T-GRB-SS,그라운드 밸런스 토퍼 매트리스,SS,2,1023200,0,1023200,설치완료,택배(안성1),울산,재구매,
NV-260805-0003,2026-08-05,12:16,네이버 브랜드스토어,,SB-T-NMX-SS,더 뉴 맥시멈 토퍼 매트리스,SS,1,445200,0,445200,반품완료,택배(안성1),대구,신규,
ST-260805-0001,2026-08-05,20:06,직영매장,슬로우나잇 스타필드 수원,SB-T-ARC-SS,올라운드 컴포트 토퍼 매트리스,SS,1,229300,0,229300,반품완료,설치(용인 설치1),인천,재구매,
ST-260805-0001,2026-08-05,20:06,직영매장,슬로우나잇 스타필드 수원,SB-M-EVR-Q,이브닝 리버서블 매트리스,Q,1,438900,0,438900,반품완료,설치(용인 설치1),인천,재구매,
ST-260805-0001,2026-08-05,20:06,직영매장,슬로우나잇 스타필드 수원,SB-T-ARB7-SS,올라운드 밸런스 토퍼 매트리스 7cm,SS,1,270500,0,270500,반품완료,설치(용인 설치1),인천,재구매,
NV-260805-0004,2026-08-05,07:27,네이버 브랜드스토어,,SB-M-DFC-SS,딥플로우 컴포트 매트리스,SS,1,567400,0,567400,배송완료,설치(용인 설치1),서울,신규,
NV-260805-0004,2026-08-05,07:27,네이버 브랜드스토어,,SB-T-ARB5-Q,올라운드 밸런스 토퍼 매트리스 5cm,Q,1,294300,0,294300,배송완료,택배(안성1),서울,신규,
OH-260805-0003,2026-08-05,18:23,오늘의집,,SB-T-ARC-Q,올라운드 컴포트 토퍼 매트리스,Q,1,239400,0,239400,배송완료,택배(안성1),경기,신규,
CP-260805-0003,2026-08-05,16:36,쿠팡 로켓,,SB-F-BAU-G,바우 키즈 원목 가드형 데이베드 침대,SS,1,759000,0,759000,배송중,설치(용인 설치1),경기,신규,
HM-260805-0002,2026-08-05,16:47,자사몰,,SB-T-ARC-Q,올라운드 컴포트 토퍼 매트리스,Q,1,257400,0,257400,배송완료,택배(안성1),서울,신규,
HM-260806-0001,2026-08-06,10:25,자사몰,,SB-MO-EVM-Q,이브닝 모션 매트리스,Q,1,1166000,193300,972700,교환완료,설치(용인 설치1),서울,신규,EX-2026-06
HM-260806-0002,2026-08-06,15:23,자사몰,,SB-P-CLL,클라우드 LOW 경추 베개,단일,1,55200,0,55200,배송완료,택배(안성1),경기,재구매,
HM-260806-0003,2026-08-06,18:06,자사몰,,SB-MO-EVM-Q,이브닝 모션 매트리스,Q,1,1166000,193300,972700,배송완료,설치(용인 설치1),부산,신규,EX-2026-06
OH-260806-0001,2026-08-06,14:51,오늘의집,,SB-T-ARB5-Q,올라운드 밸런스 토퍼 매트리스 5cm,Q,2,564400,0,564400,반품완료,택배(안성1),경기,신규,
OH-260806-0001,2026-08-06,14:51,오늘의집,,SB-MO-EVM-SS,이브닝 모션 매트리스,SS,1,997000,0,997000,반품완료,설치(용인 설치1),경기,신규,
OH-260806-0001,2026-08-06,14:51,오늘의집,,SB-T-ARC-Q,올라운드 컴포트 토퍼 매트리스,Q,1,239400,0,239400,반품완료,택배(안성1),경기,신규,
HM-260806-0004,2026-08-06,19:04,자사몰,,SB-MO-EVM-SS,이브닝 모션 매트리스,SS,1,1072000,185800,886200,배송완료,설치(용인 설치1),경기,재구매,EX-2026-06
HM-260806-0005,2026-08-06,09:08,자사몰,,SB-MO-EVM-SS,이브닝 모션 매트리스,SS,1,1072000,185800,886200,배송완료,설치(용인 설치1),경기,신규,EX-2026-06
HM-260806-0006,2026-08-06,21:21,자사몰,,SB-MO-EVM-SS,이브닝 모션 매트리스,SS,1,1072000,185800,886200,배송완료,설치(용인 설치1),서울,신규,EX-2026-06
HM-260806-0007,2026-08-06,19:04,자사몰,,SB-T-NMX-Q,더 뉴 맥시멈 토퍼 매트리스,Q,1,549000,0,549000,배송완료,택배(안성1),강원,신규,
HM-260806-0007,2026-08-06,19:04,자사몰,,SB-MO-EVM-Q,이브닝 모션 매트리스,Q,1,1166000,193300,972700,배송완료,설치(용인 설치1),강원,신규,EX-2026-06
HM-260806-0008,2026-08-06,16:02,자사몰,,SB-T-ARC-Q,올라운드 컴포트 토퍼 매트리스,Q,2,514800,0,514800,배송완료,택배(안성1),서울,재구매,
HM-260806-0008,2026-08-06,16:02,자사몰,,SB-MO-EVM-Q,이브닝 모션 매트리스,Q,1,1166000,193300,972700,배송완료,설치(용인 설치1),서울,재구매,EX-2026-06
HM-260806-0009,2026-08-06,16:35,자사몰,,SB-T-ARC-SS,올라운드 컴포트 토퍼 매트리스,SS,1,218400,0,218400,배송완료,택배(안성1),제주,재구매,
HM-260806-0009,2026-08-06,16:35,자사몰,,SB-MO-EVM-SS,이브닝 모션 매트리스,SS,1,1072000,185800,886200,배송완료,설치(용인 설치1),제주,재구매,EX-2026-06
HM-260806-0010,2026-08-06,09:45,자사몰,,SB-MO-EVM-Q,이브닝 모션 매트리스,Q,1,1166000,193300,972700,배송완료,설치(용인 설치1),서울,신규,EX-2026-06
HM-260806-0011,2026-08-06,22:30,자사몰,,SB-MO-EVM-SS,이브닝 모션 매트리스,SS,1,1072000,185800,886200,배송완료,설치(용인 설치1),경기,신규,EX-2026-06
HM-260806-0012,2026-08-06,17:14,자사몰,,SB-MO-EVM-Q,이브닝 모션 매트리스,Q,1,1166000,193300,972700,반품완료,설치(용인 설치1),울산,재구매,EX-2026-06
HM-260806-0013,2026-08-06,01:29,자사몰,,SB-M-EVS-Q,이브닝 스타릿 매트리스,Q,1,706000,0,706000,배송완료,설치(용인 설치1),서울,신규,
HM-260806-0014,2026-08-06,12:07,자사몰,,SB-MO-EVM-Q,이브닝 모션 매트리스,Q,1,1166000,193300,972700,배송완료,설치(용인 설치1),인천,신규,EX-2026-06
HM-260806-0015,2026-08-06,12:20,자사몰,,SB-MO-EVM-SS,이브닝 모션 매트리스,SS,1,1072000,185800,886200,취소,설치(용인 설치1),서울,재구매,EX-2026-06
HM-260806-0016,2026-08-06,16:56,자사몰,,SB-MO-EVM-SS,이브닝 모션 매트리스,SS,1,1072000,185800,886200,배송완료,설치(용인 설치1),경남,신규,EX-2026-06
HM-260806-0017,2026-08-06,09:21,자사몰,,SB-T-ARB7-Q,올라운드 밸런스 토퍼 매트리스 7cm,Q,1,306000,0,306000,설치완료,택배(안성1),인천,재구매,
HM-260806-0017,2026-08-06,09:21,자사몰,,SB-MO-EVM-Q,이브닝 모션 매트리스,Q,1,1166000,193300,972700,설치완료,설치(용인 설치1),인천,재구매,EX-2026-06
HM-260806-0018,2026-08-06,21:42,자사몰,,SB-T-NMX-Q,더 뉴 맥시멈 토퍼 매트리스,Q,1,549000,0,549000,배송완료,택배(안성1),부산,신규,
HM-260806-0019,2026-08-06,18:00,자사몰,,SB-MO-EVM-Q,이브닝 모션 매트리스,Q,1,1166000,193300,972700,배송완료,설치(용인 설치1),경기,신규,EX-2026-06
HM-260806-0020,2026-08-06,10:18,자사몰,,SB-T-ARC-SS,올라운드 컴포트 토퍼 매트리스,SS,1,218400,0,218400,배송완료,택배(안성1),서울,신규,
NV-260806-0001,2026-08-06,12:16,네이버 브랜드스토어,,SB-T-ARB7-Q,올라운드 밸런스 토퍼 매트리스 7cm,Q,2,593600,0,593600,배송완료,택배(안성1),경기,재구매,
NV-260806-0002,2026-08-06,14:00,네이버 브랜드스토어,,SB-MO-EVM-Q,이브닝 모션 매트리스,Q,1,1131000,185700,945300,반품완료,설치(용인 설치1),경기,신규,LV-2026-05
NV-260806-0003,2026-08-06,19:19,네이버 브랜드스토어,,SB-MO-EVM-SS,이브닝 모션 매트리스,SS,1,1039800,174800,865000,설치완료,설치(용인 설치1),서울,재구매,LV-2026-05
HM-260806-0021,2026-08-06,16:36,자사몰,,SB-MO-EVM-SS,이브닝 모션 매트리스,SS,1,1072000,185800,886200,배송완료,설치(용인 설치1),광주,신규,EX-2026-06
HM-260806-0021,2026-08-06,16:36,자사몰,,SB-M-MFM-Q,미드나잇 풀문 매트리스,Q,1,928000,0,928000,배송완료,설치(용인 설치1),광주,신규,
HM-260806-0021,2026-08-06,16:36,자사몰,,SB-T-ARB7-Q,올라운드 밸런스 토퍼 매트리스 7cm,Q,1,306000,0,306000,배송완료,택배(안성1),광주,신규,
HM-260806-0022,2026-08-06,15:12,자사몰,,SB-A-DPM,딥뮤트 수면안대,단일,1,31200,0,31200,배송완료,택배(안성1),서울,재구매,
HM-260806-0023,2026-08-06,09:51,자사몰,,SB-MO-EVM-Q,이브닝 모션 매트리스,Q,1,1166000,193300,972700,설치완료,설치(용인 설치1),경기,신규,EX-2026-06
HM-260806-0023,2026-08-06,09:51,자사몰,,SB-MO-EVM-SS,이브닝 모션 매트리스,SS,1,1072000,185800,886200,설치완료,설치(용인 설치1),경기,신규,EX-2026-06
HM-260806-0024,2026-08-06,19:04,자사몰,,SB-T-ARB7-Q,올라운드 밸런스 토퍼 매트리스 7cm,Q,2,612000,0,612000,설치완료,택배(안성1),대전,신규,
NV-260806-0004,2026-08-06,08:20,네이버 브랜드스토어,,SB-T-ARB7-Q,올라운드 밸런스 토퍼 매트리스 7cm,Q,1,296800,0,296800,설치완료,택배(안성1),경기,신규,
HM-260806-0025,2026-08-06,21:13,자사몰,,SB-MO-EVM-Q,이브닝 모션 매트리스,Q,1,1166000,193300,972700,설치완료,설치(용인 설치1),경기,신규,EX-2026-06
HM-260806-0026,2026-08-06,16:00,자사몰,,SB-MO-EVM-SS,이브닝 모션 매트리스,SS,1,1072000,185800,886200,배송완료,설치(용인 설치1),경남,신규,EX-2026-06
HM-260806-0027,2026-08-06,22:58,자사몰,,SB-MO-EVM-SS,이브닝 모션 매트리스,SS,1,1072000,185800,886200,설치완료,설치(용인 설치1),서울,신규,EX-2026-06
HM-260806-0027,2026-08-06,22:58,자사몰,,SB-P-CLB,클라우드 버디 베개,단일,1,63200,0,63200,설치완료,택배(안성1),서울,신규,
HM-260806-0028,2026-08-06,10:08,자사몰,,SB-MO-EVM-SS,이브닝 모션 매트리스,SS,1,1072000,185800,886200,교환완료,설치(용인 설치1),서울,신규,EX-2026-06
HM-260806-0029,2026-08-06,09:43,자사몰,,SB-T-NMX-SS,더 뉴 맥시멈 토퍼 매트리스,SS,1,459000,0,459000,설치완료,택배(안성1),경기,신규,
HM-260806-0030,2026-08-06,14:09,자사몰,,SB-MO-EVM-Q,이브닝 모션 매트리스,Q,1,1166000,193300,972700,배송완료,설치(용인 설치1),서울,재구매,EX-2026-06
HM-260806-0031,2026-08-06,13:12,자사몰,,SB-MO-EVM-SS,이브닝 모션 매트리스,SS,1,1072000,185800,886200,배송중,설치(용인 설치1),경기,재구매,EX-2026-06
NV-260806-0005,2026-08-06,18:22,네이버 브랜드스토어,,SB-MO-EVM-SS,이브닝 모션 매트리스,SS,1,1039800,174800,865000,설치완료,설치(용인 설치1),경기,신규,LV-2026-05
HM-260806-0032,2026-08-06,14:09,자사몰,,SB-MO-EVM-Q,이브닝 모션 매트리스,Q,1,1166000,193300,972700,배송완료,설치(용인 설치1),인천,재구매,EX-2026-06
SG-260806-0001,2026-08-06,21:03,SSG닷컴,,SB-MO-EVM-SS,이브닝 모션 매트리스,SS,1,1050600,0,1050600,배송완료,설치(용인 설치1),서울,신규,
SG-260806-0001,2026-08-06,21:03,SSG닷컴,,SB-MO-EVM-Q,이브닝 모션 매트리스,Q,1,1142700,0,1142700,배송완료,설치(용인 설치1),서울,신규,
SG-260806-0001,2026-08-06,21:03,SSG닷컴,,SB-T-ARB7-SS,올라운드 밸런스 토퍼 매트리스 7cm,SS,1,252500,0,252500,배송완료,택배(안성1),서울,신규,
NV-260806-0006,2026-08-06,18:24,네이버 브랜드스토어,,SB-T-ARC-Q,올라운드 컴포트 토퍼 매트리스,Q,1,249700,0,249700,취소,택배(안성1),인천,신규,
HM-260806-0033,2026-08-06,21:31,자사몰,,SB-T-ARB5-SS,올라운드 밸런스 토퍼 매트리스 5cm,SS,2,508400,0,508400,반품완료,택배(안성1),울산,신규,
HM-260806-0034,2026-08-06,11:22,자사몰,,SB-MO-EVM-SS,이브닝 모션 매트리스,SS,1,1072000,185800,886200,설치완료,설치(용인 설치1),광주,신규,EX-2026-06
HM-260806-0035,2026-08-06,21:44,자사몰,,SB-MO-EVM-SS,이브닝 모션 매트리스,SS,1,1072000,185800,886200,설치완료,설치(용인 설치1),서울,재구매,EX-2026-06
OH-260806-0002,2026-08-06,19:22,오늘의집,,SB-MO-EVM-SS,이브닝 모션 매트리스,SS,1,997000,0,997000,배송완료,설치(용인 설치1),인천,신규,
OH-260806-0002,2026-08-06,19:22,오늘의집,,SB-M-DFB-SS,딥플로우 밸런스 매트리스,SS,1,478000,0,478000,배송완료,설치(용인 설치1),인천,신규,
OH-260806-0003,2026-08-06,17:54,오늘의집,,SB-M-ORG-SS,오리지널 매트리스 미디엄 소프트,SS,1,414800,0,414800,배송완료,설치(용인 설치1),인천,신규,
OH-260806-0003,2026-08-06,17:54,오늘의집,,SB-P-CLL,클라우드 LOW 경추 베개,단일,2,102800,0,102800,배송완료,택배(안성1),인천,신규,
OH-260806-0003,2026-08-06,17:54,오늘의집,,SB-MO-EVM-SS,이브닝 모션 매트리스,SS,1,997000,0,997000,배송완료,설치(용인 설치1),인천,신규,
HM-260806-0036,2026-08-06,20:54,자사몰,,SB-T-NMX-SS,더 뉴 맥시멈 토퍼 매트리스,SS,1,459000,0,459000,배송완료,택배(안성1),충남,재구매,
HM-260806-0036,2026-08-06,20:54,자사몰,,SB-MO-EVM-Q,이브닝 모션 매트리스,Q,1,1166000,193300,972700,배송완료,설치(용인 설치1),충남,재구매,EX-2026-06
HM-260806-0036,2026-08-06,20:54,자사몰,,SB-M-EVS-Q,이브닝 스타릿 매트리스,Q,1,706000,0,706000,배송완료,설치(용인 설치1),충남,재구매,
HM-260806-0037,2026-08-06,23:35,자사몰,,SB-F-AMD-KK,아몬드 무헤드형 침대,KK,1,980000,0,980000,배송완료,설치(용인 설치1),경기,신규,
HM-260806-0037,2026-08-06,23:35,자사몰,,SB-MO-EVM-SS,이브닝 모션 매트리스,SS,1,1072000,185800,886200,배송완료,설치(용인 설치1),경기,신규,EX-2026-06
HM-260806-0038,2026-08-06,09:26,자사몰,,SB-M-EVS-Q,이브닝 스타릿 매트리스,Q,1,706000,0,706000,배송완료,설치(용인 설치1),경남,재구매,
HM-260806-0038,2026-08-06,09:26,자사몰,,SB-MO-EVM-Q,이브닝 모션 매트리스,Q,1,1166000,193300,972700,배송완료,설치(용인 설치1),경남,재구매,EX-2026-06
HM-260806-0039,2026-08-06,12:17,자사몰,,SB-MO-EVM-Q,이브닝 모션 매트리스,Q,1,1166000,193300,972700,설치완료,설치(용인 설치1),울산,신규,EX-2026-06
HM-260807-0001,2026-08-07,10:52,자사몰,,SB-P-CLL,클라우드 LOW 경추 베개,단일,1,55200,0,55200,배송완료,택배(안성1),서울,신규,
HM-260807-0002,2026-08-07,16:04,자사몰,,SB-MO-EVM-SS,이브닝 모션 매트리스,SS,1,1072000,185800,886200,교환완료,설치(용인 설치1),부산,재구매,EX-2026-06
HM-260807-0003,2026-08-07,14:53,자사몰,,SB-T-ARC-SS,올라운드 컴포트 토퍼 매트리스,SS,1,218400,0,218400,설치완료,택배(안성1),경기,신규,
HM-260807-0003,2026-08-07,14:53,자사몰,,SB-MO-EVM-SS,이브닝 모션 매트리스,SS,1,1072000,185800,886200,설치완료,설치(용인 설치1),경기,신규,EX-2026-06
HM-260807-0003,2026-08-07,14:53,자사몰,,SB-M-ORG-Q,오리지널 매트리스 미디엄 소프트,Q,1,475000,0,475000,설치완료,설치(용인 설치1),경기,신규,
HM-260807-0004,2026-08-07,19:41,자사몰,,SB-MO-EVM-SS,이브닝 모션 매트리스,SS,1,1072000,185800,886200,배송완료,설치(용인 설치1),광주,신규,EX-2026-06
HM-260807-0005,2026-08-07,12:13,자사몰,,SB-T-ARC-Q,올라운드 컴포트 토퍼 매트리스,Q,1,257400,0,257400,설치완료,택배(안성1),경기,신규,
HM-260807-0006,2026-08-07,21:21,자사몰,,SB-T-ARCP-Q,올라운드 컴포트 플러스 토퍼 매트리스,Q,1,294800,0,294800,배송완료,택배(안성1),대전,신규,
HM-260807-0006,2026-08-07,21:21,자사몰,,SB-MO-EVM-SS,이브닝 모션 매트리스,SS,1,1072000,185800,886200,배송완료,설치(용인 설치1),대전,신규,EX-2026-06
HM-260807-0007,2026-08-07,09:08,자사몰,,SB-M-DFC-Q,딥플로우 컴포트 매트리스,Q,1,612800,0,612800,설치완료,설치(용인 설치1),울산,신규,
NV-260807-0001,2026-08-07,14:26,네이버 브랜드스토어,,SB-MO-EVM-Q,이브닝 모션 매트리스,Q,1,1131000,0,1131000,배송중,설치(용인 설치1),서울,재구매,
CJ-260807-0001,2026-08-07,10:20,CJ온스타일,,SB-T-ARB5-Q,올라운드 밸런스 토퍼 매트리스 5cm,Q,1,291300,0,291300,설치완료,택배(안성1),경기,재구매,
CJ-260807-0001,2026-08-07,10:20,CJ온스타일,,SB-T-ARB7-SS,올라운드 밸런스 토퍼 매트리스 7cm,SS,1,247300,0,247300,설치완료,택배(안성1),경기,재구매,
HM-260807-0008,2026-08-07,16:37,자사몰,,SB-MO-EVM-Q,이브닝 모션 매트리스,Q,1,1166000,193300,972700,배송완료,설치(용인 설치1),대전,신규,EX-2026-06
HM-260807-0009,2026-08-07,19:18,자사몰,,SB-T-ARB5-SS,올라운드 밸런스 토퍼 매트리스 5cm,SS,1,254200,0,254200,배송완료,택배(안성1),서울,신규,
HM-260807-0010,2026-08-07,13:50,자사몰,,SB-MO-EVM-Q,이브닝 모션 매트리스,Q,1,1166000,193300,972700,배송완료,설치(용인 설치1),대구,신규,EX-2026-06
HM-260807-0011,2026-08-07,09:11,자사몰,,SB-T-ARB5-Q,올라운드 밸런스 토퍼 매트리스 5cm,Q,1,303400,0,303400,설치완료,택배(안성1),대전,재구매,
HM-260807-0011,2026-08-07,09:11,자사몰,,SB-MO-EVM-SS,이브닝 모션 매트리스,SS,1,1072000,185800,886200,설치완료,설치(용인 설치1),대전,재구매,EX-2026-06
HM-260807-0012,2026-08-07,08:39,자사몰,,SB-MO-EVM-Q,이브닝 모션 매트리스,Q,1,1166000,193300,972700,설치완료,설치(용인 설치1),경기,재구매,EX-2026-06
HM-260807-0012,2026-08-07,08:39,자사몰,,SB-M-DFB-Q,딥플로우 밸런스 매트리스,Q,1,538400,0,538400,설치완료,설치(용인 설치1),경기,재구매,
HM-260807-0013,2026-08-07,12:05,자사몰,,SB-MO-EVM-Q,이브닝 모션 매트리스,Q,1,1166000,193300,972700,설치완료,설치(용인 설치1),경기,신규,EX-2026-06
HM-260807-0013,2026-08-07,12:05,자사몰,,SB-T-ARC-SS,올라운드 컴포트 토퍼 매트리스,SS,1,218400,0,218400,설치완료,택배(안성1),경기,신규,
HM-260807-0014,2026-08-07,17:10,자사몰,,SB-P-CLB,클라우드 버디 베개,단일,1,63200,0,63200,반품완료,택배(안성1),경기,신규,
HM-260807-0015,2026-08-07,19:04,자사몰,,SB-MO-EVM-Q,이브닝 모션 매트리스,Q,1,1166000,193300,972700,배송완료,설치(용인 설치1),서울,신규,EX-2026-06
NV-260807-0002,2026-08-07,17:07,네이버 브랜드스토어,,SB-MO-EVM-SS,이브닝 모션 매트리스,SS,1,1039800,0,1039800,설치완료,설치(용인 설치1),서울,재구매,
HM-260807-0016,2026-08-07,11:10,자사몰,,SB-T-ARB5-Q,올라운드 밸런스 토퍼 매트리스 5cm,Q,1,303400,0,303400,배송완료,택배(안성1),서울,신규,
ST-260807-0001,2026-08-07,13:56,직영매장,용산,SB-MO-EVM-SS,이브닝 모션 매트리스,SS,1,1125600,0,1125600,반품완료,설치(용인 설치1),대전,신규,
HM-260807-0017,2026-08-07,19:56,자사몰,,SB-MO-EVM-SS,이브닝 모션 매트리스,SS,1,1072000,185800,886200,배송완료,설치(용인 설치1),서울,재구매,EX-2026-06
HM-260807-0017,2026-08-07,19:56,자사몰,,SB-MO-EVM-Q,이브닝 모션 매트리스,Q,1,1166000,193300,972700,배송완료,설치(용인 설치1),서울,재구매,EX-2026-06
HM-260807-0018,2026-08-07,20:00,자사몰,,SB-MO-EVM-Q,이브닝 모션 매트리스,Q,1,1166000,193300,972700,배송완료,설치(용인 설치1),인천,신규,EX-2026-06
HM-260807-0019,2026-08-07,18:42,자사몰,,SB-M-DFB-SS,딥플로우 밸런스 매트리스,SS,1,514000,0,514000,배송완료,설치(용인 설치1),인천,신규,
OH-260807-0001,2026-08-07,11:43,오늘의집,,SB-MO-EVM-SS,이브닝 모션 매트리스,SS,1,997000,0,997000,배송완료,설치(용인 설치1),울산,신규,
HM-260807-0020,2026-08-07,20:57,자사몰,,SB-M-EVR-Q,이브닝 리버서블 매트리스,Q,1,418000,0,418000,취소,설치(용인 설치1),서울,신규,
OH-260807-0002,2026-08-07,12:35,오늘의집,,SB-MO-EVM-Q,이브닝 모션 매트리스,Q,1,1084400,0,1084400,설치완료,설치(용인 설치1),서울,재구매,
HM-260807-0021,2026-08-07,08:07,자사몰,,SB-MO-EVM-SS,이브닝 모션 매트리스,SS,1,1072000,185800,886200,배송완료,설치(용인 설치1),인천,신규,EX-2026-06
ST-260807-0002,2026-08-07,10:21,직영매장,슬로우나잇 논현,SB-T-ARB5-Q,올라운드 밸런스 토퍼 매트리스 5cm,Q,1,318600,0,318600,취소,설치(용인 설치1),경기,신규,
CP-260807-0001,2026-08-07,13:47,쿠팡 로켓,,SB-T-ARB7-SS,올라운드 밸런스 토퍼 매트리스 7cm,SS,1,244700,0,244700,배송완료,택배(안성1),서울,신규,
HM-260807-0022,2026-08-07,15:15,자사몰,,SB-MO-EVM-SS,이브닝 모션 매트리스,SS,1,1072000,185800,886200,설치완료,설치(용인 설치1),서울,신규,EX-2026-06
HM-260807-0023,2026-08-07,17:22,자사몰,,SB-MO-EVM-SS,이브닝 모션 매트리스,SS,1,1072000,185800,886200,설치완료,설치(용인 설치1),서울,신규,EX-2026-06
HM-260807-0024,2026-08-07,05:33,자사몰,,SB-MO-EVM-SS,이브닝 모션 매트리스,SS,1,1072000,185800,886200,배송완료,설치(용인 설치1),서울,재구매,EX-2026-06
HM-260807-0025,2026-08-07,08:16,자사몰,,SB-MO-EVM-SS,이브닝 모션 매트리스,SS,1,1072000,185800,886200,반품완료,설치(용인 설치1),서울,신규,EX-2026-06
HM-260807-0026,2026-08-07,18:46,자사몰,,SB-MO-EVM-Q,이브닝 모션 매트리스,Q,1,1166000,193300,972700,설치완료,설치(용인 설치1),경기,재구매,EX-2026-06
OH-260807-0003,2026-08-07,08:19,오늘의집,,SB-MO-EVM-Q,이브닝 모션 매트리스,Q,1,1084400,0,1084400,반품완료,설치(용인 설치1),서울,신규,
HM-260807-0027,2026-08-07,20:03,자사몰,,SB-MO-EVM-SS,이브닝 모션 매트리스,SS,1,1072000,185800,886200,교환완료,설치(용인 설치1),울산,재구매,EX-2026-06
HM-260807-0028,2026-08-07,12:09,자사몰,,SB-T-ARB5-Q,올라운드 밸런스 토퍼 매트리스 5cm,Q,1,303400,0,303400,설치완료,택배(안성1),경남,신규,
HM-260807-0029,2026-08-07,11:39,자사몰,,SB-M-EVR-SS,이브닝 리버서블 매트리스,SS,1,392000,0,392000,배송완료,설치(용인 설치1),대전,신규,
HM-260807-0029,2026-08-07,11:39,자사몰,,SB-T-NMX-SS,더 뉴 맥시멈 토퍼 매트리스,SS,1,459000,0,459000,배송완료,택배(안성1),대전,신규,
NV-260807-0003,2026-08-07,10:28,네이버 브랜드스토어,,SB-MO-EVM-SS,이브닝 모션 매트리스,SS,1,1039800,0,1039800,교환완료,설치(용인 설치1),대전,신규,
ST-260808-0001,2026-08-08,17:24,직영매장,슬로우나잇 논현,SB-MO-EVM-Q,이브닝 모션 매트리스,Q,1,1224300,0,1224300,설치완료,설치(용인 설치1),경기,신규,
ST-260808-0001,2026-08-08,17:24,직영매장,슬로우나잇 논현,SB-T-ARB5-Q,올라운드 밸런스 토퍼 매트리스 5cm,Q,1,318600,0,318600,설치완료,설치(용인 설치1),경기,신규,
ST-260808-0002,2026-08-08,17:14,직영매장,슬로우나잇 논현,SB-T-ARB7-SS,올라운드 밸런스 토퍼 매트리스 7cm,SS,1,270500,0,270500,설치완료,설치(용인 설치1),서울,신규,
ST-260808-0002,2026-08-08,17:14,직영매장,슬로우나잇 논현,SB-P-CLL,클라우드 LOW 경추 베개,단일,1,58000,0,58000,설치완료,매장수령,서울,신규,
NV-260808-0001,2026-08-08,11:42,네이버 브랜드스토어,,SB-MO-EVM-SS,이브닝 모션 매트리스,SS,1,1039800,0,1039800,배송완료,설치(용인 설치1),경기,신규,
ST-260808-0003,2026-08-08,09:07,직영매장,송파,SB-MO-EVM-Q,이브닝 모션 매트리스,Q,1,1224300,0,1224300,설치완료,설치(용인 설치1),강원,재구매,
NV-260808-0002,2026-08-08,07:36,네이버 브랜드스토어,,SB-MO-EVM-SS,이브닝 모션 매트리스,SS,1,1039800,0,1039800,설치완료,설치(용인 설치1),인천,재구매,
NV-260808-0002,2026-08-08,07:36,네이버 브랜드스토어,,SB-MO-EVM-Q,이브닝 모션 매트리스,Q,1,1131000,0,1131000,설치완료,설치(용인 설치1),인천,재구매,
CJ-260808-0001,2026-08-08,09:13,CJ온스타일,,SB-T-ARB5-Q,올라운드 밸런스 토퍼 매트리스 5cm,Q,1,291300,0,291300,배송중,택배(안성1),서울,신규,
CJ-260808-0001,2026-08-08,09:13,CJ온스타일,,SB-M-EVR-S,이브닝 리버서블 매트리스,S,1,345500,0,345500,배송중,설치(용인 설치1),서울,신규,
HM-260808-0001,2026-08-08,13:05,자사몰,,SB-MO-EVM-SS,이브닝 모션 매트리스,SS,1,1072000,185800,886200,설치완료,설치(용인 설치1),인천,재구매,EX-2026-06
CP-260808-0001,2026-08-08,11:30,쿠팡 로켓,,SB-T-ARC-SS,올라운드 컴포트 토퍼 매트리스,SS,2,415000,0,415000,취소,택배(안성1),경기,신규,
HM-260808-0002,2026-08-08,18:38,자사몰,,SB-MO-EVM-Q,이브닝 모션 매트리스,Q,1,1166000,193300,972700,설치완료,설치(용인 설치1),경기,신규,EX-2026-06
NV-260808-0003,2026-08-08,20:50,네이버 브랜드스토어,,SB-MO-EVM-Q,이브닝 모션 매트리스,Q,1,1131000,0,1131000,배송완료,설치(용인 설치1),경기,재구매,
ST-260808-0004,2026-08-08,10:50,직영매장,대전둔산,SB-MO-EVM-Q,이브닝 모션 매트리스,Q,1,1224300,0,1224300,반품완료,설치(용인 설치1),경기,신규,
HM-260808-0003,2026-08-08,18:44,자사몰,,SB-MO-EVM-SS,이브닝 모션 매트리스,SS,1,1072000,185800,886200,배송완료,설치(용인 설치1),경기,신규,EX-2026-06
NV-260808-0004,2026-08-08,11:13,네이버 브랜드스토어,,SB-T-NMX-Q,더 뉴 맥시멈 토퍼 매트리스,Q,1,532500,0,532500,교환완료,택배(안성1),대전,신규,
NV-260808-0004,2026-08-08,11:13,네이버 브랜드스토어,,SB-MO-EVM-Q,이브닝 모션 매트리스,Q,1,1131000,0,1131000,교환완료,설치(용인 설치1),대전,신규,
NV-260808-0005,2026-08-08,20:53,네이버 브랜드스토어,,SB-MO-EVM-Q,이브닝 모션 매트리스,Q,1,1131000,0,1131000,설치완료,설치(용인 설치1),서울,신규,
CP-260808-0002,2026-08-08,07:00,쿠팡 로켓,,SB-MO-EVM-Q,이브닝 모션 매트리스,Q,1,1107700,0,1107700,배송완료,설치(용인 설치1),서울,신규,
ST-260809-0001,2026-08-09,19:01,직영매장,슬로우나잇 논현,SB-T-NMX-Q,더 뉴 맥시멈 토퍼 매트리스,Q,1,576400,0,576400,반품완료,설치(용인 설치1),인천,재구매,
ST-260809-0002,2026-08-09,14:01,직영매장,슬로우나잇 논현,SB-T-ARB7-Q,올라운드 밸런스 토퍼 매트리스 7cm,Q,1,321300,0,321300,교환완료,설치(용인 설치1),서울,재구매,
ST-260809-0003,2026-08-09,20:09,직영매장,슬로우나잇 논현,SB-MO-EVM-Q,이브닝 모션 매트리스,Q,1,1224300,0,1224300,배송완료,설치(용인 설치1),경기,재구매,
ST-260809-0003,2026-08-09,20:09,직영매장,슬로우나잇 논현,SB-MO-EVM-SS,이브닝 모션 매트리스,SS,1,1125600,0,1125600,배송완료,설치(용인 설치1),경기,재구매,
HM-260809-0001,2026-08-09,03:05,자사몰,,SB-MO-MBL-SS,모션 밸런스드 매트리스,SS,1,1425000,0,1425000,배송완료,설치(용인 설치1),경기,신규,
CP-260809-0001,2026-08-09,15:09,쿠팡 로켓,,SB-MO-EVM-Q,이브닝 모션 매트리스,Q,1,1107700,0,1107700,설치완료,설치(용인 설치1),서울,재구매,
SG-260809-0001,2026-08-09,15:58,SSG닷컴,,SB-MO-EVM-Q,이브닝 모션 매트리스,Q,1,1142700,0,1142700,설치완료,설치(용인 설치1),대전,신규,
NV-260809-0001,2026-08-09,22:00,네이버 브랜드스토어,,SB-P-CLB,클라우드 버디 베개,단일,1,61300,0,61300,배송완료,택배(안성1),제주,신규,
ST-260809-0004,2026-08-09,17:42,직영매장,슬로우나잇 논현,SB-MO-EVM-Q,이브닝 모션 매트리스,Q,1,1224300,0,1224300,배송완료,설치(용인 설치1),대구,재구매,
ST-260809-0005,2026-08-09,11:04,직영매장,슬로우나잇 논현,SB-M-DFC-Q,딥플로우 컴포트 매트리스,Q,1,643400,0,643400,반품완료,설치(용인 설치1),서울,재구매,
CP-260809-0002,2026-08-09,15:50,쿠팡 로켓,,SB-MO-EVM-Q,이브닝 모션 매트리스,Q,1,1107700,0,1107700,배송중,설치(용인 설치1),부산,신규,
ST-260809-0006,2026-08-09,11:26,직영매장,노원,SB-P-CLL,클라우드 LOW 경추 베개,단일,1,58000,0,58000,배송완료,매장수령,서울,신규,
ST-260809-0006,2026-08-09,11:26,직영매장,노원,SB-MO-EVM-SS,이브닝 모션 매트리스,SS,1,1125600,0,1125600,배송완료,설치(용인 설치1),서울,신규,
NV-260809-0002,2026-08-09,12:16,네이버 브랜드스토어,,SB-T-ARC-SS,올라운드 컴포트 토퍼 매트리스,SS,1,211800,0,211800,배송완료,택배(안성1),경기,신규,
CP-260809-0003,2026-08-09,15:23,쿠팡 로켓,,SB-MO-EVM-Q,이브닝 모션 매트리스,Q,1,1107700,0,1107700,취소,설치(용인 설치1),인천,신규,
NV-260809-0003,2026-08-09,16:14,네이버 브랜드스토어,,SB-P-CLB,클라우드 버디 베개,단일,1,61300,0,61300,배송완료,택배(안성1),인천,신규,
NV-260809-0003,2026-08-09,16:14,네이버 브랜드스토어,,SB-MO-EVM-SS,이브닝 모션 매트리스,SS,1,1039800,0,1039800,배송완료,설치(용인 설치1),인천,신규,
NV-260809-0004,2026-08-09,15:17,네이버 브랜드스토어,,SB-MO-EVM-Q,이브닝 모션 매트리스,Q,1,1131000,0,1131000,배송완료,설치(용인 설치1),강원,신규,
OH-260809-0001,2026-08-09,10:31,오늘의집,,SB-MO-EVM-Q,이브닝 모션 매트리스,Q,1,1084400,0,1084400,배송완료,설치(용인 설치1),대구,신규,
NV-260810-0001,2026-08-10,13:20,네이버 브랜드스토어,,SB-T-ARB5-Q,올라운드 밸런스 토퍼 매트리스 5cm,Q,1,294300,0,294300,배송완료,택배(안성1),인천,신규,
NV-260810-0001,2026-08-10,13:20,네이버 브랜드스토어,,SB-MO-EVM-Q,이브닝 모션 매트리스,Q,1,1131000,0,1131000,배송완료,설치(용인 설치1),인천,신규,
NV-260810-0001,2026-08-10,13:20,네이버 브랜드스토어,,SB-MO-EVM-SS,이브닝 모션 매트리스,SS,1,1039800,0,1039800,배송완료,설치(용인 설치1),인천,신규,
OH-260810-0001,2026-08-10,20:14,오늘의집,,SB-T-NMX-Q,더 뉴 맥시멈 토퍼 매트리스,Q,1,510600,0,510600,배송완료,택배(안성1),경기,신규,
CJ-260810-0001,2026-08-10,12:31,CJ온스타일,,SB-T-ARB5-Q,올라운드 밸런스 토퍼 매트리스 5cm,Q,1,291300,0,291300,설치완료,택배(안성1),광주,신규,
OH-260810-0002,2026-08-10,03:49,오늘의집,,SB-MO-EVM-SS,이브닝 모션 매트리스,SS,1,997000,0,997000,교환완료,설치(용인 설치1),서울,재구매,
OH-260810-0002,2026-08-10,03:49,오늘의집,,SB-MO-EVM-Q,이브닝 모션 매트리스,Q,1,1084400,0,1084400,교환완료,설치(용인 설치1),서울,재구매,
OH-260810-0002,2026-08-10,03:49,오늘의집,,SB-A-DPM,딥뮤트 수면안대,단일,1,29000,0,29000,교환완료,택배(안성1),서울,재구매,
SG-260810-0001,2026-08-10,19:31,SSG닷컴,,SB-M-DFB-SS,딥플로우 밸런스 매트리스,SS,1,503700,0,503700,배송완료,설치(용인 설치1),인천,신규,
OH-260810-0003,2026-08-10,09:07,오늘의집,,SB-A-DPM,딥뮤트 수면안대,단일,2,58000,0,58000,취소,택배(안성1),부산,신규,
NV-260810-0002,2026-08-10,14:02,네이버 브랜드스토어,,SB-T-ARB5-Q,올라운드 밸런스 토퍼 매트리스 5cm,Q,1,294300,0,294300,배송완료,택배(안성1),경기,재구매,
NV-260810-0003,2026-08-10,07:54,네이버 브랜드스토어,,SB-M-DFC-SS,딥플로우 컴포트 매트리스,SS,1,567400,0,567400,배송완료,설치(용인 설치1),서울,신규,
NV-260810-0004,2026-08-10,23:24,네이버 브랜드스토어,,SB-MO-EVM-Q,이브닝 모션 매트리스,Q,1,1131000,0,1131000,배송완료,설치(용인 설치1),대구,재구매,
OH-260810-0004,2026-08-10,18:12,오늘의집,,SB-MO-EVM-Q,이브닝 모션 매트리스,Q,1,1084400,0,1084400,설치완료,설치(용인 설치1),인천,신규,
OH-260810-0005,2026-08-10,10:01,오늘의집,,SB-MO-EVM-Q,이브닝 모션 매트리스,Q,1,1084400,0,1084400,배송중,설치(용인 설치1),서울,신규,
HM-260810-0001,2026-08-10,12:16,자사몰,,SB-MO-EVM-SS,이브닝 모션 매트리스,SS,1,1072000,185800,886200,배송완료,설치(용인 설치1),대구,재구매,EX-2026-06
SG-260810-0002,2026-08-10,07:08,SSG닷컴,,SB-T-ARB5-Q,올라운드 밸런스 토퍼 매트리스 5cm,Q,1,297300,0,297300,교환완료,택배(안성1),대전,신규,
HM-260810-0002,2026-08-10,18:32,자사몰,,SB-MO-EVM-SS,이브닝 모션 매트리스,SS,1,1072000,185800,886200,배송중,설치(용인 설치1),서울,신규,EX-2026-06
NV-260810-0005,2026-08-10,19:38,네이버 브랜드스토어,,SB-MO-EVM-SS,이브닝 모션 매트리스,SS,1,1039800,0,1039800,설치완료,설치(용인 설치1),부산,신규,
CJ-260811-0001,2026-08-11,18:33,CJ온스타일,,SB-M-DFC-SS,딥플로우 컴포트 매트리스,SS,1,561600,0,561600,배송완료,설치(용인 설치1),광주,신규,
CJ-260811-0001,2026-08-11,18:33,CJ온스타일,,SB-T-ARC-Q,올라운드 컴포트 토퍼 매트리스,Q,1,247100,0,247100,배송완료,택배(안성1),광주,신규,
HM-260811-0001,2026-08-11,21:26,자사몰,,SB-A-DPM,딥뮤트 수면안대,단일,1,31200,0,31200,반품완료,택배(안성1),부산,재구매,
OH-260811-0001,2026-08-11,22:13,오늘의집,,SB-M-EVR-Q,이브닝 리버서블 매트리스,Q,1,388700,169900,218800,교환완료,설치(용인 설치1),경기,신규,EX-2026-07
CP-260811-0001,2026-08-11,10:22,쿠팡 로켓,,SB-MO-EVM-Q,이브닝 모션 매트리스,Q,1,1107700,0,1107700,취소,설치(용인 설치1),강원,재구매,
NV-260811-0001,2026-08-11,10:11,네이버 브랜드스토어,,SB-P-CLL,클라우드 LOW 경추 베개,단일,1,53600,0,53600,배송완료,택배(안성1),강원,재구매,
NV-260811-0001,2026-08-11,10:11,네이버 브랜드스토어,,SB-MO-EVM-SS,이브닝 모션 매트리스,SS,1,1039800,0,1039800,배송완료,설치(용인 설치1),강원,재구매,
OH-260811-0002,2026-08-11,07:18,오늘의집,,SB-MO-EVM-SS,이브닝 모션 매트리스,SS,1,997000,0,997000,배송완료,설치(용인 설치1),충남,신규,
CP-260811-0002,2026-08-11,11:43,쿠팡 로켓,,SB-T-ARB5-Q,올라운드 밸런스 토퍼 매트리스 5cm,Q,1,288200,0,288200,배송완료,택배(안성1),인천,신규,
HM-260811-0002,2026-08-11,16:50,자사몰,,SB-MO-EVM-SS,이브닝 모션 매트리스,SS,1,1072000,185800,886200,취소,설치(용인 설치1),충남,재구매,EX-2026-06
OH-260811-0003,2026-08-11,17:36,오늘의집,,SB-T-NMX-Q,더 뉴 맥시멈 토퍼 매트리스,Q,1,510600,213800,296800,설치완료,택배(안성1),대전,신규,EX-2026-07
OH-260811-0004,2026-08-11,11:33,오늘의집,,SB-MO-EVM-SS,이브닝 모션 매트리스,SS,1,997000,0,997000,배송완료,설치(용인 설치1),서울,재구매,
OH-260811-0005,2026-08-11,10:34,오늘의집,,SB-T-ARC-Q,올라운드 컴포트 토퍼 매트리스,Q,1,239400,107730,131670,배송완료,택배(안성1),대구,신규,EX-2026-07
CP-260811-0003,2026-08-11,07:27,쿠팡 로켓,,SB-T-ARB5-Q,올라운드 밸런스 토퍼 매트리스 5cm,Q,1,288200,0,288200,배송완료,택배(안성1),서울,재구매,
OH-260811-0006,2026-08-11,10:21,오늘의집,,SB-M-EVS-Q,이브닝 스타릿 매트리스,Q,1,656600,0,656600,설치완료,설치(용인 설치1),대전,신규,
OH-260811-0006,2026-08-11,10:21,오늘의집,,SB-P-CLL,클라우드 LOW 경추 베개,단일,1,51400,0,51400,설치완료,택배(안성1),대전,신규,
OH-260811-0006,2026-08-11,10:21,오늘의집,,SB-M-DFC-Q,딥플로우 컴포트 매트리스,Q,1,569900,0,569900,설치완료,설치(용인 설치1),대전,신규,
OH-260811-0007,2026-08-11,22:31,오늘의집,,SB-M-EVR-Q,이브닝 리버서블 매트리스,Q,1,388700,169900,218800,배송완료,설치(용인 설치1),경기,신규,EX-2026-07
OH-260811-0008,2026-08-11,13:14,오늘의집,,SB-T-ARB7-SS,올라운드 밸런스 토퍼 매트리스 7cm,SS,1,239600,0,239600,반품완료,택배(안성1),경기,신규,
NV-260811-0002,2026-08-11,20:42,네이버 브랜드스토어,,SB-MO-EVM-SS,이브닝 모션 매트리스,SS,1,1039800,0,1039800,설치완료,설치(용인 설치1),서울,신규,
OH-260811-0009,2026-08-11,15:58,오늘의집,,SB-MO-EVM-Q,이브닝 모션 매트리스,Q,1,1084400,0,1084400,설치완료,설치(용인 설치1),대전,신규,
OH-260811-0010,2026-08-11,14:37,오늘의집,,SB-T-NMX-SS,더 뉴 맥시멈 토퍼 매트리스,SS,1,426900,183700,243200,배송완료,택배(안성1),인천,신규,EX-2026-07
SG-260811-0001,2026-08-11,00:21,SSG닷컴,,SB-MO-EVM-Q,이브닝 모션 매트리스,Q,1,1142700,0,1142700,배송완료,설치(용인 설치1),강원,신규,
OH-260811-0011,2026-08-11,13:26,오늘의집,,SB-T-ARB5-Q,올라운드 밸런스 토퍼 매트리스 5cm,Q,1,282200,126990,155210,배송완료,택배(안성1),서울,재구매,EX-2026-07
CJ-260811-0002,2026-08-11,21:17,CJ온스타일,,SB-T-ARB5-Q,올라운드 밸런스 토퍼 매트리스 5cm,Q,1,291300,0,291300,배송완료,택배(안성1),대구,신규,
OH-260811-0012,2026-08-11,12:24,오늘의집,,SB-T-NMX-SS,더 뉴 맥시멈 토퍼 매트리스,SS,1,426900,183700,243200,배송완료,택배(안성1),경기,신규,EX-2026-07
NV-260811-0003,2026-08-11,19:11,네이버 브랜드스토어,,SB-M-EVR-Q,이브닝 리버서블 매트리스,Q,1,405500,0,405500,반품완료,설치(용인 설치1),경기,신규,
NV-260811-0003,2026-08-11,19:11,네이버 브랜드스토어,,SB-T-NMX-SS,더 뉴 맥시멈 토퍼 매트리스,SS,1,445200,0,445200,반품완료,택배(안성1),경기,신규,
OH-260811-0013,2026-08-11,07:56,오늘의집,,SB-MO-EVM-Q,이브닝 모션 매트리스,Q,1,1084400,0,1084400,배송중,설치(용인 설치1),강원,재구매,
OH-260811-0014,2026-08-11,13:06,오늘의집,,SB-MO-EVM-Q,이브닝 모션 매트리스,Q,1,1084400,0,1084400,반품완료,설치(용인 설치1),대구,신규,
OH-260811-0015,2026-08-11,17:23,오늘의집,,SB-T-ARC-Q,올라운드 컴포트 토퍼 매트리스,Q,1,239400,107730,131670,배송중,택배(안성1),울산,신규,EX-2026-07
OH-260811-0015,2026-08-11,17:23,오늘의집,,SB-F-AMD-KK,아몬드 무헤드형 침대,KK,1,911400,0,911400,배송중,설치(용인 설치1),울산,신규,
CJ-260811-0003,2026-08-11,18:50,CJ온스타일,,SB-T-ARC-Q,올라운드 컴포트 토퍼 매트리스,Q,1,247100,0,247100,취소,택배(안성1),경기,재구매,
OH-260811-0016,2026-08-11,13:51,오늘의집,,SB-M-EVR-Q,이브닝 리버서블 매트리스,Q,1,388700,169900,218800,취소,설치(용인 설치1),부산,신규,EX-2026-07
OH-260811-0016,2026-08-11,13:51,오늘의집,,SB-T-ARC-Q,올라운드 컴포트 토퍼 매트리스,Q,1,239400,107730,131670,취소,택배(안성1),부산,신규,EX-2026-07
OH-260811-0017,2026-08-11,11:02,오늘의집,,SB-M-EVS-K,이브닝 스타릿 매트리스,K,1,723500,0,723500,배송완료,설치(용인 설치1),서울,재구매,
OH-260811-0018,2026-08-11,12:58,오늘의집,,SB-T-NMX-Q,더 뉴 맥시멈 토퍼 매트리스,Q,1,510600,213800,296800,배송완료,택배(안성1),서울,신규,EX-2026-07
OH-260811-0019,2026-08-11,11:31,오늘의집,,SB-T-ARB7-SS,올라운드 밸런스 토퍼 매트리스 7cm,SS,1,239600,0,239600,교환완료,택배(안성1),인천,재구매,
NV-260811-0004,2026-08-11,12:10,네이버 브랜드스토어,,SB-T-NMX-SS,더 뉴 맥시멈 토퍼 매트리스,SS,1,445200,0,445200,설치완료,택배(안성1),경기,재구매,
NV-260811-0004,2026-08-11,12:10,네이버 브랜드스토어,,SB-P-CLL,클라우드 LOW 경추 베개,단일,1,53600,0,53600,설치완료,택배(안성1),경기,재구매,
OH-260811-0020,2026-08-11,18:30,오늘의집,,SB-T-ARC-Q,올라운드 컴포트 토퍼 매트리스,Q,1,239400,107730,131670,배송중,택배(안성1),경기,재구매,EX-2026-07
OH-260811-0021,2026-08-11,17:27,오늘의집,,SB-T-ARCP-Q,올라운드 컴포트 플러스 토퍼 매트리스,Q,1,274200,0,274200,배송완료,택배(안성1),서울,신규,
OH-260811-0022,2026-08-11,00:44,오늘의집,,SB-T-NMX-SS,더 뉴 맥시멈 토퍼 매트리스,SS,2,853800,367400,486400,배송완료,택배(안성1),서울,신규,EX-2026-07
OH-260811-0023,2026-08-11,17:59,오늘의집,,SB-A-DPM,딥뮤트 수면안대,단일,2,58000,0,58000,배송완료,택배(안성1),경남,신규,
OH-260811-0024,2026-08-11,19:37,오늘의집,,SB-T-ARC-Q,올라운드 컴포트 토퍼 매트리스,Q,1,239400,107730,131670,배송완료,택배(안성1),대전,재구매,EX-2026-07
HM-260811-0003,2026-08-11,17:31,자사몰,,SB-MO-EVM-Q,이브닝 모션 매트리스,Q,1,1166000,193300,972700,배송완료,설치(용인 설치1),대전,재구매,EX-2026-06
NV-260811-0005,2026-08-11,10:46,네이버 브랜드스토어,,SB-P-CLB,클라우드 버디 베개,단일,1,61300,0,61300,설치완료,택배(안성1),서울,신규,
SG-260811-0002,2026-08-11,09:50,SSG닷컴,,SB-T-ARB5-Q,올라운드 밸런스 토퍼 매트리스 5cm,Q,2,594600,0,594600,설치완료,택배(안성1),강원,신규,
SG-260811-0002,2026-08-11,09:50,SSG닷컴,,SB-MO-EVM-SS,이브닝 모션 매트리스,SS,1,1050600,0,1050600,설치완료,설치(용인 설치1),강원,신규,
OH-260811-0025,2026-08-11,12:24,오늘의집,,SB-P-CLL,클라우드 LOW 경추 베개,단일,1,51400,0,51400,반품완료,택배(안성1),서울,재구매,
OH-260811-0026,2026-08-11,11:29,오늘의집,,SB-T-NMX-SS,더 뉴 맥시멈 토퍼 매트리스,SS,1,426900,183700,243200,설치완료,택배(안성1),경기,신규,EX-2026-07
NV-260811-0006,2026-08-11,20:11,네이버 브랜드스토어,,SB-M-EVR-Q,이브닝 리버서블 매트리스,Q,1,405500,0,405500,배송완료,설치(용인 설치1),충남,신규,
OH-260811-0027,2026-08-11,19:51,오늘의집,,SB-M-EVR-Q,이브닝 리버서블 매트리스,Q,1,388700,169900,218800,설치완료,설치(용인 설치1),서울,신규,EX-2026-07
OH-260811-0028,2026-08-11,11:44,오늘의집,,SB-T-NMX-Q,더 뉴 맥시멈 토퍼 매트리스,Q,1,510600,213800,296800,설치완료,택배(안성1),서울,신규,EX-2026-07
OH-260811-0029,2026-08-11,13:19,오늘의집,,SB-T-NMX-SS,더 뉴 맥시멈 토퍼 매트리스,SS,1,426900,183700,243200,배송중,택배(안성1),경기,재구매,EX-2026-07
NV-260811-0007,2026-08-11,09:25,네이버 브랜드스토어,,SB-MO-EVM-SS,이브닝 모션 매트리스,SS,1,1039800,0,1039800,배송완료,설치(용인 설치1),서울,신규,
CP-260811-0004,2026-08-11,05:22,쿠팡 로켓,,SB-M-EVR-Q,이브닝 리버서블 매트리스,Q,1,397100,0,397100,설치완료,설치(용인 설치1),충남,신규,
OH-260811-0030,2026-08-11,12:51,오늘의집,,SB-T-ARCP-Q,올라운드 컴포트 플러스 토퍼 매트리스,Q,1,274200,0,274200,배송완료,택배(안성1),울산,재구매,
OH-260811-0031,2026-08-11,12:00,오늘의집,,SB-M-DFC-Q,딥플로우 컴포트 매트리스,Q,1,569900,0,569900,배송중,설치(용인 설치1),인천,신규,
OH-260811-0031,2026-08-11,12:00,오늘의집,,SB-T-NMX-Q,더 뉴 맥시멈 토퍼 매트리스,Q,1,510600,213800,296800,배송중,택배(안성1),인천,신규,EX-2026-07
OH-260811-0031,2026-08-11,12:00,오늘의집,,SB-P-CLL,클라우드 LOW 경추 베개,단일,1,51400,0,51400,배송중,택배(안성1),인천,신규,
OH-260811-0032,2026-08-11,15:42,오늘의집,,SB-T-NMX-Q,더 뉴 맥시멈 토퍼 매트리스,Q,1,510600,213800,296800,배송완료,택배(안성1),경기,신규,EX-2026-07
OH-260811-0033,2026-08-11,20:17,오늘의집,,SB-T-ARC-Q,올라운드 컴포트 토퍼 매트리스,Q,1,239400,107730,131670,배송중,택배(안성1),충남,신규,EX-2026-07
OH-260811-0034,2026-08-11,20:46,오늘의집,,SB-T-NMX-Q,더 뉴 맥시멈 토퍼 매트리스,Q,1,510600,213800,296800,배송완료,택배(안성1),서울,재구매,EX-2026-07
CP-260811-0005,2026-08-11,07:41,쿠팡 로켓,,SB-M-EVR-Q,이브닝 리버서블 매트리스,Q,1,397100,0,397100,배송완료,설치(용인 설치1),경기,재구매,
NV-260811-0008,2026-08-11,21:00,네이버 브랜드스토어,,SB-T-ARC-Q,올라운드 컴포트 토퍼 매트리스,Q,1,249700,0,249700,배송완료,택배(안성1),부산,재구매,
NV-260811-0008,2026-08-11,21:00,네이버 브랜드스토어,,SB-T-NMX-SS,더 뉴 맥시멈 토퍼 매트리스,SS,1,445200,0,445200,배송완료,택배(안성1),부산,재구매,
CP-260811-0006,2026-08-11,20:24,쿠팡 로켓,,SB-T-NMX-Q,더 뉴 맥시멈 토퍼 매트리스,Q,1,521600,0,521600,배송완료,택배(안성1),대구,재구매,
OH-260811-0035,2026-08-11,22:09,오늘의집,,SB-T-NMX-Q,더 뉴 맥시멈 토퍼 매트리스,Q,1,510600,213800,296800,배송완료,택배(안성1),서울,재구매,EX-2026-07
CP-260811-0007,2026-08-11,10:33,쿠팡 로켓,,SB-M-EVR-Q,이브닝 리버서블 매트리스,Q,1,397100,0,397100,배송완료,설치(용인 설치1),광주,신규,
OH-260811-0036,2026-08-11,10:54,오늘의집,,SB-T-ARB7-Q,올라운드 밸런스 토퍼 매트리스 7cm,Q,1,284600,0,284600,배송완료,택배(안성1),대구,신규,
OH-260811-0037,2026-08-11,05:36,오늘의집,,SB-T-NMX-Q,더 뉴 맥시멈 토퍼 매트리스,Q,1,510600,213800,296800,반품완료,택배(안성1),인천,신규,EX-2026-07
OH-260811-0038,2026-08-11,18:03,오늘의집,,SB-MO-EVM-Q,이브닝 모션 매트리스,Q,1,1084400,0,1084400,배송완료,설치(용인 설치1),부산,재구매,
OH-260811-0039,2026-08-11,21:06,오늘의집,,SB-F-BAU-O,바우 키즈 원목 오픈형 데이베드 침대,SS,1,557100,0,557100,설치완료,설치(용인 설치1),부산,신규,
OH-260811-0040,2026-08-11,19:03,오늘의집,,SB-M-DFB-SS,딥플로우 밸런스 매트리스,SS,1,478000,0,478000,배송완료,설치(용인 설치1),경기,신규,
OH-260811-0041,2026-08-11,20:52,오늘의집,,SB-T-NMX-Q,더 뉴 맥시멈 토퍼 매트리스,Q,1,510600,213800,296800,배송완료,택배(안성1),대구,신규,EX-2026-07
NV-260811-0009,2026-08-11,10:41,네이버 브랜드스토어,,SB-T-NMX-Q,더 뉴 맥시멈 토퍼 매트리스,Q,1,532500,0,532500,취소,택배(안성1),제주,신규,
OH-260811-0042,2026-08-11,09:00,오늘의집,,SB-A-DPM,딥뮤트 수면안대,단일,1,29000,0,29000,배송완료,택배(안성1),대전,신규,
OH-260811-0043,2026-08-11,19:13,오늘의집,,SB-M-EVR-Q,이브닝 리버서블 매트리스,Q,1,388700,169900,218800,반품완료,설치(용인 설치1),서울,신규,EX-2026-07
OH-260811-0043,2026-08-11,19:13,오늘의집,,SB-T-NMX-SS,더 뉴 맥시멈 토퍼 매트리스,SS,1,426900,183700,243200,반품완료,택배(안성1),서울,신규,EX-2026-07
OH-260811-0044,2026-08-11,17:45,오늘의집,,SB-T-ARC-Q,올라운드 컴포트 토퍼 매트리스,Q,1,239400,107730,131670,설치완료,택배(안성1),서울,신규,EX-2026-07
OH-260811-0045,2026-08-11,22:28,오늘의집,,SB-T-NMX-SS,더 뉴 맥시멈 토퍼 매트리스,SS,2,853800,367400,486400,배송완료,택배(안성1),서울,신규,EX-2026-07
ST-260811-0001,2026-08-11,20:33,직영매장,슬로우나잇 스타필드 수원,SB-MO-EVM-Q,이브닝 모션 매트리스,Q,1,1224300,0,1224300,반품완료,설치(용인 설치1),대구,신규,
OH-260812-0001,2026-08-12,20:54,오늘의집,,SB-MO-EVM-SS,이브닝 모션 매트리스,SS,1,997000,0,997000,설치완료,설치(용인 설치1),부산,재구매,
ST-260812-0001,2026-08-12,09:05,직영매장,송파,SB-F-BAU-G,바우 키즈 원목 가드형 데이베드 침대,SS,1,839000,0,839000,배송완료,설치(용인 설치1),서울,신규,
NV-260812-0001,2026-08-12,20:11,네이버 브랜드스토어,,SB-M-EVR-Q,이브닝 리버서블 매트리스,Q,1,405500,0,405500,배송완료,설치(용인 설치1),충남,재구매,
OH-260812-0002,2026-08-12,03:39,오늘의집,,SB-M-EVR-SS,이브닝 리버서블 매트리스,SS,1,364600,0,364600,취소,설치(용인 설치1),광주,신규,
SG-260812-0001,2026-08-12,14:30,SSG닷컴,,SB-T-NMX-Q,더 뉴 맥시멈 토퍼 매트리스,Q,1,538000,0,538000,취소,택배(안성1),인천,신규,
OH-260812-0003,2026-08-12,11:50,오늘의집,,SB-T-ARB5-Q,올라운드 밸런스 토퍼 매트리스 5cm,Q,1,282200,126990,155210,배송완료,택배(안성1),인천,신규,EX-2026-07
OH-260812-0003,2026-08-12,11:50,오늘의집,,SB-MO-EVM-Q,이브닝 모션 매트리스,Q,1,1084400,0,1084400,배송완료,설치(용인 설치1),인천,신규,
OH-260812-0004,2026-08-12,17:07,오늘의집,,SB-T-NMX-SS,더 뉴 맥시멈 토퍼 매트리스,SS,1,426900,183700,243200,설치완료,택배(안성1),서울,재구매,EX-2026-07
OH-260812-0005,2026-08-12,19:03,오늘의집,,SB-T-ARC-Q,올라운드 컴포트 토퍼 매트리스,Q,1,239400,107730,131670,배송중,택배(안성1),경기,재구매,EX-2026-07
OH-260812-0006,2026-08-12,19:45,오늘의집,,SB-T-NMX-Q,더 뉴 맥시멈 토퍼 매트리스,Q,1,510600,213800,296800,배송완료,택배(안성1),서울,신규,EX-2026-07
OH-260812-0007,2026-08-12,16:23,오늘의집,,SB-T-ARB5-Q,올라운드 밸런스 토퍼 매트리스 5cm,Q,1,282200,126990,155210,배송완료,택배(안성1),경기,신규,EX-2026-07
OH-260812-0008,2026-08-12,11:58,오늘의집,,SB-M-DFC-Q,딥플로우 컴포트 매트리스,Q,1,569900,0,569900,설치완료,설치(용인 설치1),인천,재구매,
OH-260812-0009,2026-08-12,20:20,오늘의집,,SB-T-ARC-Q,올라운드 컴포트 토퍼 매트리스,Q,2,478800,215460,263340,취소,택배(안성1),경기,신규,EX-2026-07
OH-260812-0010,2026-08-12,10:05,오늘의집,,SB-T-ARC-Q,올라운드 컴포트 토퍼 매트리스,Q,1,239400,107730,131670,배송완료,택배(안성1),경기,신규,EX-2026-07
OH-260812-0011,2026-08-12,07:18,오늘의집,,SB-T-NMX-SS,더 뉴 맥시멈 토퍼 매트리스,SS,1,426900,183700,243200,반품완료,택배(안성1),경남,재구매,EX-2026-07
OH-260812-0012,2026-08-12,23:48,오늘의집,,SB-T-NMX-SS,더 뉴 맥시멈 토퍼 매트리스,SS,2,853800,367400,486400,반품완료,택배(안성1),충남,재구매,EX-2026-07
OH-260812-0013,2026-08-12,18:50,오늘의집,,SB-T-NMX-SS,더 뉴 맥시멈 토퍼 매트리스,SS,1,426900,183700,243200,설치완료,택배(안성1),경기,재구매,EX-2026-07
NV-260812-0002,2026-08-12,15:06,네이버 브랜드스토어,,SB-T-NMX-Q,더 뉴 맥시멈 토퍼 매트리스,Q,1,532500,0,532500,배송완료,택배(안성1),서울,신규,
OH-260812-0014,2026-08-12,11:23,오늘의집,,SB-T-NMX-Q,더 뉴 맥시멈 토퍼 매트리스,Q,1,510600,213800,296800,배송완료,택배(안성1),경기,재구매,EX-2026-07
OH-260812-0015,2026-08-12,19:40,오늘의집,,SB-T-ARB5-Q,올라운드 밸런스 토퍼 매트리스 5cm,Q,1,282200,126990,155210,배송중,택배(안성1),인천,신규,EX-2026-07
OH-260812-0016,2026-08-12,16:22,오늘의집,,SB-T-NMX-Q,더 뉴 맥시멈 토퍼 매트리스,Q,1,510600,213800,296800,배송완료,택배(안성1),충남,신규,EX-2026-07
CP-260812-0001,2026-08-12,14:55,쿠팡 로켓,,SB-T-ARB5-Q,올라운드 밸런스 토퍼 매트리스 5cm,Q,1,288200,0,288200,배송완료,택배(안성1),서울,신규,
OH-260812-0017,2026-08-12,17:29,오늘의집,,SB-T-MAX-Q,맥시멈 토퍼 매트리스,Q,1,510600,0,510600,반품완료,택배(안성1),대전,신규,
OH-260812-0018,2026-08-12,13:31,오늘의집,,SB-T-NMX-SS,더 뉴 맥시멈 토퍼 매트리스,SS,2,853800,367400,486400,설치완료,택배(안성1),서울,재구매,EX-2026-07
OH-260812-0019,2026-08-12,07:20,오늘의집,,SB-MO-EVM-Q,이브닝 모션 매트리스,Q,1,1084400,0,1084400,배송완료,설치(용인 설치1),서울,재구매,
OH-260812-0020,2026-08-12,09:52,오늘의집,,SB-M-EVR-Q,이브닝 리버서블 매트리스,Q,1,388700,169900,218800,배송완료,설치(용인 설치1),서울,재구매,EX-2026-07
NV-260812-0003,2026-08-12,19:57,네이버 브랜드스토어,,SB-M-EVR-Q,이브닝 리버서블 매트리스,Q,1,405500,0,405500,배송완료,설치(용인 설치1),충남,신규,
NV-260812-0003,2026-08-12,19:57,네이버 브랜드스토어,,SB-MO-EVM-Q,이브닝 모션 매트리스,Q,1,1131000,0,1131000,배송완료,설치(용인 설치1),충남,신규,
OH-260812-0021,2026-08-12,14:10,오늘의집,,SB-MO-EVM-Q,이브닝 모션 매트리스,Q,1,1084400,0,1084400,배송완료,설치(용인 설치1),충남,신규,
OH-260812-0022,2026-08-12,19:02,오늘의집,,SB-T-NMX-Q,더 뉴 맥시멈 토퍼 매트리스,Q,2,1021200,427600,593600,배송중,택배(안성1),충남,신규,EX-2026-07
OH-260812-0023,2026-08-12,12:33,오늘의집,,SB-T-ARB5-SS,올라운드 밸런스 토퍼 매트리스 5cm,SS,1,236400,0,236400,배송완료,택배(안성1),경기,신규,
OH-260812-0024,2026-08-12,23:49,오늘의집,,SB-T-ARB5-SS,올라운드 밸런스 토퍼 매트리스 5cm,SS,1,236400,0,236400,배송완료,택배(안성1),부산,신규,
OH-260812-0025,2026-08-12,16:37,오늘의집,,SB-T-NMX-Q,더 뉴 맥시멈 토퍼 매트리스,Q,1,510600,213800,296800,설치완료,택배(안성1),경기,신규,EX-2026-07
NV-260812-0004,2026-08-12,18:31,네이버 브랜드스토어,,SB-T-ARB5-Q,올라운드 밸런스 토퍼 매트리스 5cm,Q,1,294300,0,294300,설치완료,택배(안성1),광주,재구매,
CP-260812-0002,2026-08-12,00:08,쿠팡 로켓,,SB-MO-EVM-Q,이브닝 모션 매트리스,Q,1,1107700,0,1107700,배송완료,설치(용인 설치1),경기,신규,
CP-260812-0002,2026-08-12,00:08,쿠팡 로켓,,SB-M-EVR-Q,이브닝 리버서블 매트리스,Q,1,397100,0,397100,배송완료,설치(용인 설치1),경기,신규,
NV-260812-0005,2026-08-12,20:08,네이버 브랜드스토어,,SB-T-ARB7-Q,올라운드 밸런스 토퍼 매트리스 7cm,Q,1,296800,0,296800,배송완료,택배(안성1),서울,재구매,
OH-260812-0026,2026-08-12,21:33,오늘의집,,SB-T-NMX-SS,더 뉴 맥시멈 토퍼 매트리스,SS,1,426900,183700,243200,배송완료,택배(안성1),서울,신규,EX-2026-07
OH-260812-0026,2026-08-12,21:33,오늘의집,,SB-T-ARB5-Q,올라운드 밸런스 토퍼 매트리스 5cm,Q,1,282200,126990,155210,배송완료,택배(안성1),서울,신규,EX-2026-07
OH-260812-0027,2026-08-12,16:16,오늘의집,,SB-T-NMX-Q,더 뉴 맥시멈 토퍼 매트리스,Q,1,510600,213800,296800,배송완료,택배(안성1),서울,신규,EX-2026-07
OH-260812-0028,2026-08-12,10:22,오늘의집,,SB-MO-EVM-Q,이브닝 모션 매트리스,Q,1,1084400,0,1084400,배송완료,설치(용인 설치1),경남,재구매,
OH-260812-0028,2026-08-12,10:22,오늘의집,,SB-T-NMX-SS,더 뉴 맥시멈 토퍼 매트리스,SS,2,853800,367400,486400,배송완료,택배(안성1),경남,재구매,EX-2026-07
SG-260812-0002,2026-08-12,08:26,SSG닷컴,,SB-MO-EVM-SS,이브닝 모션 매트리스,SS,1,1050600,0,1050600,배송완료,설치(용인 설치1),경기,신규,
OH-260812-0029,2026-08-12,21:42,오늘의집,,SB-MO-EVM-SS,이브닝 모션 매트리스,SS,1,997000,0,997000,배송완료,설치(용인 설치1),서울,재구매,
OH-260812-0030,2026-08-12,18:18,오늘의집,,SB-T-ARB7-SS,올라운드 밸런스 토퍼 매트리스 7cm,SS,1,239600,0,239600,배송완료,택배(안성1),서울,신규,
OH-260812-0031,2026-08-12,18:04,오늘의집,,SB-T-NMX-SS,더 뉴 맥시멈 토퍼 매트리스,SS,1,426900,183700,243200,배송완료,택배(안성1),부산,신규,EX-2026-07
OH-260812-0032,2026-08-12,19:23,오늘의집,,SB-T-NMX-SS,더 뉴 맥시멈 토퍼 매트리스,SS,1,426900,183700,243200,배송완료,택배(안성1),서울,재구매,EX-2026-07
OH-260812-0032,2026-08-12,19:23,오늘의집,,SB-MO-EVM-Q,이브닝 모션 매트리스,Q,1,1084400,0,1084400,배송완료,설치(용인 설치1),서울,재구매,
OH-260812-0033,2026-08-12,18:35,오늘의집,,SB-T-NMX-Q,더 뉴 맥시멈 토퍼 매트리스,Q,1,510600,213800,296800,배송완료,택배(안성1),충남,신규,EX-2026-07
OH-260812-0034,2026-08-12,22:24,오늘의집,,SB-T-NMX-Q,더 뉴 맥시멈 토퍼 매트리스,Q,1,510600,213800,296800,배송완료,택배(안성1),인천,재구매,EX-2026-07
OH-260812-0035,2026-08-12,14:59,오늘의집,,SB-T-NMX-SS,더 뉴 맥시멈 토퍼 매트리스,SS,1,426900,183700,243200,반품완료,택배(안성1),인천,신규,EX-2026-07
OH-260812-0035,2026-08-12,14:59,오늘의집,,SB-MO-EVM-Q,이브닝 모션 매트리스,Q,1,1084400,0,1084400,반품완료,설치(용인 설치1),인천,신규,
OH-260812-0036,2026-08-12,11:58,오늘의집,,SB-T-NMX-Q,더 뉴 맥시멈 토퍼 매트리스,Q,1,510600,213800,296800,배송완료,택배(안성1),부산,신규,EX-2026-07
OH-260812-0037,2026-08-12,13:47,오늘의집,,SB-MO-EVM-SS,이브닝 모션 매트리스,SS,1,997000,0,997000,배송완료,설치(용인 설치1),서울,신규,
OH-260812-0038,2026-08-12,15:31,오늘의집,,SB-T-ARC-Q,올라운드 컴포트 토퍼 매트리스,Q,1,239400,107730,131670,설치완료,택배(안성1),서울,재구매,EX-2026-07
OH-260812-0039,2026-08-12,17:36,오늘의집,,SB-MO-EVM-Q,이브닝 모션 매트리스,Q,1,1084400,0,1084400,취소,설치(용인 설치1),제주,재구매,
OH-260812-0040,2026-08-12,13:52,오늘의집,,SB-T-ARB5-Q,올라운드 밸런스 토퍼 매트리스 5cm,Q,1,282200,126990,155210,배송완료,택배(안성1),경기,신규,EX-2026-07
OH-260812-0040,2026-08-12,13:52,오늘의집,,SB-T-NMX-SS,더 뉴 맥시멈 토퍼 매트리스,SS,1,426900,183700,243200,배송완료,택배(안성1),경기,신규,EX-2026-07
OH-260812-0041,2026-08-12,09:35,오늘의집,,SB-T-ARB5-Q,올라운드 밸런스 토퍼 매트리스 5cm,Q,1,282200,126990,155210,반품완료,택배(안성1),대구,신규,EX-2026-07
OH-260812-0042,2026-08-12,21:29,오늘의집,,SB-T-ARB5-Q,올라운드 밸런스 토퍼 매트리스 5cm,Q,1,282200,126990,155210,설치완료,택배(안성1),울산,재구매,EX-2026-07
OH-260812-0042,2026-08-12,21:29,오늘의집,,SB-MO-EVM-SS,이브닝 모션 매트리스,SS,1,997000,0,997000,설치완료,설치(용인 설치1),울산,재구매,
ST-260812-0002,2026-08-12,23:13,직영매장,슬로우나잇 논현,SB-MO-EVM-SS,이브닝 모션 매트리스,SS,1,1125600,0,1125600,배송완료,설치(용인 설치1),대구,재구매,
ST-260812-0002,2026-08-12,23:13,직영매장,슬로우나잇 논현,SB-M-EVR-SS,이브닝 리버서블 매트리스,SS,1,411600,0,411600,배송완료,설치(용인 설치1),대구,재구매,
OH-260812-0043,2026-08-12,13:16,오늘의집,,SB-M-EVR-Q,이브닝 리버서블 매트리스,Q,1,388700,169900,218800,배송완료,설치(용인 설치1),서울,신규,EX-2026-07
OH-260812-0044,2026-08-12,20:29,오늘의집,,SB-T-ARC-Q,올라운드 컴포트 토퍼 매트리스,Q,2,478800,215460,263340,반품완료,택배(안성1),서울,신규,EX-2026-07
OH-260812-0044,2026-08-12,20:29,오늘의집,,SB-MO-EVM-Q,이브닝 모션 매트리스,Q,1,1084400,0,1084400,반품완료,설치(용인 설치1),서울,신규,
OH-260812-0044,2026-08-12,20:29,오늘의집,,SB-M-EVR-Q,이브닝 리버서블 매트리스,Q,1,388700,169900,218800,반품완료,설치(용인 설치1),서울,신규,EX-2026-07
OH-260812-0045,2026-08-12,20:57,오늘의집,,SB-M-EVR-Q,이브닝 리버서블 매트리스,Q,1,388700,169900,218800,설치완료,설치(용인 설치1),경남,재구매,EX-2026-07
OH-260812-0045,2026-08-12,20:57,오늘의집,,SB-A-DPM,딥뮤트 수면안대,단일,2,58000,0,58000,설치완료,택배(안성1),경남,재구매,
OH-260812-0046,2026-08-12,19:36,오늘의집,,SB-M-EVR-Q,이브닝 리버서블 매트리스,Q,1,388700,169900,218800,배송완료,설치(용인 설치1),광주,신규,EX-2026-07
OH-260812-0047,2026-08-12,18:53,오늘의집,,SB-T-NMX-SS,더 뉴 맥시멈 토퍼 매트리스,SS,1,426900,183700,243200,설치완료,택배(안성1),대구,신규,EX-2026-07
OH-260812-0048,2026-08-12,03:59,오늘의집,,SB-P-CLL,클라우드 LOW 경추 베개,단일,1,51400,0,51400,반품완료,택배(안성1),서울,신규,
OH-260812-0049,2026-08-12,22:34,오늘의집,,SB-T-MAX-Q,맥시멈 토퍼 매트리스,Q,2,1021200,0,1021200,배송완료,택배(안성1),서울,신규,
HM-260812-0001,2026-08-12,14:08,자사몰,,SB-MO-EVM-SS,이브닝 모션 매트리스,SS,1,1072000,185800,886200,배송중,설치(용인 설치1),서울,신규,EX-2026-06
NV-260812-0006,2026-08-12,20:32,네이버 브랜드스토어,,SB-MO-EVM-Q,이브닝 모션 매트리스,Q,1,1131000,0,1131000,설치완료,설치(용인 설치1),경남,신규,
OH-260812-0050,2026-08-12,09:21,오늘의집,,SB-T-ARC-SS,올라운드 컴포트 토퍼 매트리스,SS,1,203100,0,203100,취소,택배(안성1),경기,신규,
CP-260813-0001,2026-08-13,10:33,쿠팡 로켓,,SB-T-NMX-SS,더 뉴 맥시멈 토퍼 매트리스,SS,1,436000,0,436000,취소,택배(안성1),경기,재구매,
NV-260813-0001,2026-08-13,08:17,네이버 브랜드스토어,,SB-M-EVR-Q,이브닝 리버서블 매트리스,Q,1,405500,0,405500,배송완료,설치(용인 설치1),서울,재구매,
OH-260813-0001,2026-08-13,11:27,오늘의집,,SB-T-NMX-SS,더 뉴 맥시멈 토퍼 매트리스,SS,1,426900,183700,243200,반품완료,택배(안성1),광주,신규,EX-2026-07
OH-260813-0001,2026-08-13,11:27,오늘의집,,SB-T-NMX-Q,더 뉴 맥시멈 토퍼 매트리스,Q,1,510600,213800,296800,반품완료,택배(안성1),광주,신규,EX-2026-07
CP-260813-0002,2026-08-13,14:58,쿠팡 로켓,,SB-T-ARB5-Q,올라운드 밸런스 토퍼 매트리스 5cm,Q,1,288200,0,288200,설치완료,택배(안성1),충남,신규,
CP-260813-0002,2026-08-13,14:58,쿠팡 로켓,,SB-T-NMX-SS,더 뉴 맥시멈 토퍼 매트리스,SS,2,872000,0,872000,설치완료,택배(안성1),충남,신규,
OH-260813-0002,2026-08-13,18:12,오늘의집,,SB-T-NMX-Q,더 뉴 맥시멈 토퍼 매트리스,Q,1,510600,213800,296800,배송완료,택배(안성1),인천,재구매,EX-2026-07
OH-260813-0003,2026-08-13,08:27,오늘의집,,SB-T-NMX-Q,더 뉴 맥시멈 토퍼 매트리스,Q,1,510600,213800,296800,설치완료,택배(안성1),인천,재구매,EX-2026-07
OH-260813-0004,2026-08-13,22:03,오늘의집,,SB-T-ARB5-Q,올라운드 밸런스 토퍼 매트리스 5cm,Q,1,282200,126990,155210,배송완료,택배(안성1),서울,신규,EX-2026-07
OH-260813-0004,2026-08-13,22:03,오늘의집,,SB-T-ARB7-Q,올라운드 밸런스 토퍼 매트리스 7cm,Q,1,284600,0,284600,배송완료,택배(안성1),서울,신규,
OH-260813-0004,2026-08-13,22:03,오늘의집,,SB-T-NMX-Q,더 뉴 맥시멈 토퍼 매트리스,Q,1,510600,213800,296800,배송완료,택배(안성1),서울,신규,EX-2026-07
SG-260813-0001,2026-08-13,17:38,SSG닷컴,,SB-T-ARB5-Q,올라운드 밸런스 토퍼 매트리스 5cm,Q,1,297300,0,297300,설치완료,택배(안성1),경기,신규,
OH-260813-0005,2026-08-13,21:51,오늘의집,,SB-M-MFM-Q,미드나잇 풀문 매트리스,Q,1,863000,0,863000,배송완료,설치(용인 설치1),광주,재구매,
OH-260813-0006,2026-08-13,16:11,오늘의집,,SB-T-ARB5-Q,올라운드 밸런스 토퍼 매트리스 5cm,Q,2,564400,253980,310420,배송완료,택배(안성1),서울,신규,EX-2026-07
NV-260813-0002,2026-08-13,19:54,네이버 브랜드스토어,,SB-M-DFC-SS,딥플로우 컴포트 매트리스,SS,1,567400,0,567400,배송완료,설치(용인 설치1),서울,신규,
OH-260813-0007,2026-08-13,13:03,오늘의집,,SB-P-CLL,클라우드 LOW 경추 베개,단일,1,51400,0,51400,배송완료,택배(안성1),인천,신규,
OH-260813-0007,2026-08-13,13:03,오늘의집,,SB-T-NMX-SS,더 뉴 맥시멈 토퍼 매트리스,SS,1,426900,183700,243200,배송완료,택배(안성1),인천,신규,EX-2026-07
OH-260813-0008,2026-08-13,22:38,오늘의집,,SB-T-ARC-Q,올라운드 컴포트 토퍼 매트리스,Q,1,239400,107730,131670,설치완료,택배(안성1),대구,신규,EX-2026-07
NV-260813-0003,2026-08-13,09:21,네이버 브랜드스토어,,SB-T-NMX-Q,더 뉴 맥시멈 토퍼 매트리스,Q,1,532500,0,532500,배송완료,택배(안성1),광주,신규,
OH-260813-0009,2026-08-13,19:31,오늘의집,,SB-T-NMX-SS,더 뉴 맥시멈 토퍼 매트리스,SS,1,426900,183700,243200,설치완료,택배(안성1),서울,신규,EX-2026-07
OH-260813-0010,2026-08-13,07:03,오늘의집,,SB-T-ARB5-Q,올라운드 밸런스 토퍼 매트리스 5cm,Q,1,282200,126990,155210,배송완료,택배(안성1),경기,신규,EX-2026-07
OH-260813-0011,2026-08-13,07:16,오늘의집,,SB-F-BAU-G,바우 키즈 원목 가드형 데이베드 침대,SS,1,743100,0,743100,배송완료,설치(용인 설치1),서울,신규,
OH-260813-0012,2026-08-13,15:41,오늘의집,,SB-M-EVR-Q,이브닝 리버서블 매트리스,Q,1,388700,169900,218800,배송완료,설치(용인 설치1),부산,재구매,EX-2026-07
OH-260813-0013,2026-08-13,21:46,오늘의집,,SB-T-ARC-Q,올라운드 컴포트 토퍼 매트리스,Q,1,239400,107730,131670,배송완료,택배(안성1),서울,신규,EX-2026-07
OH-260813-0014,2026-08-13,10:05,오늘의집,,SB-T-ARB7-Q,올라운드 밸런스 토퍼 매트리스 7cm,Q,1,284600,0,284600,취소,택배(안성1),제주,신규,
OH-260813-0014,2026-08-13,10:05,오늘의집,,SB-T-NMX-SS,더 뉴 맥시멈 토퍼 매트리스,SS,2,853800,367400,486400,취소,택배(안성1),제주,신규,EX-2026-07
OH-260813-0015,2026-08-13,00:59,오늘의집,,SB-T-NMX-SS,더 뉴 맥시멈 토퍼 매트리스,SS,2,853800,367400,486400,설치완료,택배(안성1),서울,재구매,EX-2026-07
OH-260813-0016,2026-08-13,19:17,오늘의집,,SB-T-NMX-SS,더 뉴 맥시멈 토퍼 매트리스,SS,1,426900,183700,243200,배송완료,택배(안성1),경기,신규,EX-2026-07
OH-260813-0016,2026-08-13,19:17,오늘의집,,SB-T-NMX-Q,더 뉴 맥시멈 토퍼 매트리스,Q,1,510600,213800,296800,배송완료,택배(안성1),경기,신규,EX-2026-07
OH-260813-0016,2026-08-13,19:17,오늘의집,,SB-T-ARC-Q,올라운드 컴포트 토퍼 매트리스,Q,1,239400,107730,131670,배송완료,택배(안성1),경기,신규,EX-2026-07
HM-260813-0001,2026-08-13,15:50,자사몰,,SB-M-DFC-SS,딥플로우 컴포트 매트리스,SS,1,585000,0,585000,배송완료,설치(용인 설치1),대전,재구매,
OH-260813-0017,2026-08-13,07:01,오늘의집,,SB-T-ARB5-Q,올라운드 밸런스 토퍼 매트리스 5cm,Q,1,282200,126990,155210,배송완료,택배(안성1),서울,신규,EX-2026-07
OH-260813-0017,2026-08-13,07:01,오늘의집,,SB-M-DFB-Q,딥플로우 밸런스 매트리스,Q,1,500700,0,500700,배송완료,설치(용인 설치1),서울,신규,
CP-260813-0003,2026-08-13,19:44,쿠팡 로켓,,SB-A-DPM,딥뮤트 수면안대,단일,1,29600,0,29600,배송완료,택배(안성1),서울,재구매,
CP-260813-0003,2026-08-13,19:44,쿠팡 로켓,,SB-T-NMX-SS,더 뉴 맥시멈 토퍼 매트리스,SS,1,436000,0,436000,배송완료,택배(안성1),서울,재구매,
OH-260813-0018,2026-08-13,06:15,오늘의집,,SB-M-EVR-Q,이브닝 리버서블 매트리스,Q,1,388700,169900,218800,반품완료,설치(용인 설치1),인천,재구매,EX-2026-07
OH-260813-0018,2026-08-13,06:15,오늘의집,,SB-T-ARB5-Q,올라운드 밸런스 토퍼 매트리스 5cm,Q,1,282200,126990,155210,반품완료,택배(안성1),인천,재구매,EX-2026-07
OH-260813-0019,2026-08-13,21:16,오늘의집,,SB-M-EVR-Q,이브닝 리버서블 매트리스,Q,1,388700,169900,218800,배송중,설치(용인 설치1),서울,신규,EX-2026-07
NV-260813-0004,2026-08-13,11:25,네이버 브랜드스토어,,SB-M-EVR-Q,이브닝 리버서블 매트리스,Q,1,405500,0,405500,배송완료,설치(용인 설치1),경기,신규,
NV-260813-0004,2026-08-13,11:25,네이버 브랜드스토어,,SB-T-NMX-SS,더 뉴 맥시멈 토퍼 매트리스,SS,1,445200,0,445200,배송완료,택배(안성1),경기,신규,
OH-260813-0020,2026-08-13,16:38,오늘의집,,SB-T-ARC-Q,올라운드 컴포트 토퍼 매트리스,Q,1,239400,107730,131670,배송완료,택배(안성1),서울,재구매,EX-2026-07
OH-260813-0021,2026-08-13,21:38,오늘의집,,SB-T-ARB5-Q,올라운드 밸런스 토퍼 매트리스 5cm,Q,1,282200,126990,155210,설치완료,택배(안성1),서울,신규,EX-2026-07
OH-260813-0022,2026-08-13,12:42,오늘의집,,SB-P-CLB,클라우드 버디 베개,단일,1,58800,0,58800,배송완료,택배(안성1),서울,재구매,
CJ-260813-0001,2026-08-13,11:56,CJ온스타일,,SB-T-NMX-Q,더 뉴 맥시멈 토퍼 매트리스,Q,1,527000,0,527000,배송중,택배(안성1),제주,재구매,
CJ-260813-0001,2026-08-13,11:56,CJ온스타일,,SB-T-ARC-SS,올라운드 컴포트 토퍼 매트리스,SS,1,209700,0,209700,배송중,택배(안성1),제주,재구매,
OH-260813-0023,2026-08-13,18:14,오늘의집,,SB-T-ARB5-Q,올라운드 밸런스 토퍼 매트리스 5cm,Q,1,282200,126990,155210,반품완료,택배(안성1),광주,신규,EX-2026-07
OH-260813-0024,2026-08-13,19:13,오늘의집,,SB-M-EVR-Q,이브닝 리버서블 매트리스,Q,1,388700,169900,218800,배송완료,설치(용인 설치1),부산,신규,EX-2026-07
OH-260813-0025,2026-08-13,05:11,오늘의집,,SB-M-MFM-Q,미드나잇 풀문 매트리스,Q,1,863000,0,863000,설치완료,설치(용인 설치1),서울,신규,
NV-260813-0005,2026-08-13,08:51,네이버 브랜드스토어,,SB-T-ARC-Q,올라운드 컴포트 토퍼 매트리스,Q,1,249700,0,249700,반품완료,택배(안성1),경기,신규,
OH-260813-0026,2026-08-13,11:57,오늘의집,,SB-T-NMX-SS,더 뉴 맥시멈 토퍼 매트리스,SS,1,426900,183700,243200,배송완료,택배(안성1),대구,신규,EX-2026-07
OH-260813-0027,2026-08-13,08:51,오늘의집,,SB-T-ARB5-Q,올라운드 밸런스 토퍼 매트리스 5cm,Q,2,564400,253980,310420,배송중,택배(안성1),서울,신규,EX-2026-07
OH-260813-0027,2026-08-13,08:51,오늘의집,,SB-T-ARC-Q,올라운드 컴포트 토퍼 매트리스,Q,1,239400,107730,131670,배송중,택배(안성1),서울,신규,EX-2026-07
OH-260813-0028,2026-08-13,19:43,오늘의집,,SB-T-NMX-SS,더 뉴 맥시멈 토퍼 매트리스,SS,1,426900,183700,243200,배송완료,택배(안성1),경기,신규,EX-2026-07
OH-260813-0029,2026-08-13,15:50,오늘의집,,SB-T-ARC-Q,올라운드 컴포트 토퍼 매트리스,Q,2,478800,215460,263340,설치완료,택배(안성1),인천,재구매,EX-2026-07
CP-260813-0004,2026-08-13,10:27,쿠팡 로켓,,SB-T-NMX-SS,더 뉴 맥시멈 토퍼 매트리스,SS,1,436000,0,436000,배송완료,택배(안성1),경기,신규,
OH-260813-0030,2026-08-13,03:02,오늘의집,,SB-T-NMX-Q,더 뉴 맥시멈 토퍼 매트리스,Q,1,510600,213800,296800,취소,택배(안성1),경기,신규,EX-2026-07
OH-260813-0031,2026-08-13,09:53,오늘의집,,SB-T-ARC-Q,올라운드 컴포트 토퍼 매트리스,Q,1,239400,107730,131670,설치완료,택배(안성1),서울,신규,EX-2026-07
OH-260813-0032,2026-08-13,12:38,오늘의집,,SB-T-NMX-SS,더 뉴 맥시멈 토퍼 매트리스,SS,1,426900,183700,243200,배송완료,택배(안성1),인천,신규,EX-2026-07
OH-260813-0032,2026-08-13,12:38,오늘의집,,SB-T-NMX-Q,더 뉴 맥시멈 토퍼 매트리스,Q,1,510600,213800,296800,배송완료,택배(안성1),인천,신규,EX-2026-07
OH-260813-0033,2026-08-13,18:25,오늘의집,,SB-F-BAU-O,바우 키즈 원목 오픈형 데이베드 침대,SS,1,557100,0,557100,설치완료,설치(용인 설치1),서울,재구매,
OH-260813-0034,2026-08-13,15:55,오늘의집,,SB-T-ARC-Q,올라운드 컴포트 토퍼 매트리스,Q,1,239400,107730,131670,배송완료,택배(안성1),인천,재구매,EX-2026-07
OH-260813-0035,2026-08-13,08:15,오늘의집,,SB-M-DFC-Q,딥플로우 컴포트 매트리스,Q,1,569900,0,569900,설치완료,설치(용인 설치1),광주,신규,
OH-260813-0035,2026-08-13,08:15,오늘의집,,SB-T-NMX-SS,더 뉴 맥시멈 토퍼 매트리스,SS,2,853800,367400,486400,설치완료,택배(안성1),광주,신규,EX-2026-07
OH-260813-0036,2026-08-13,07:41,오늘의집,,SB-M-EVS-Q,이브닝 스타릿 매트리스,Q,1,656600,0,656600,설치완료,설치(용인 설치1),제주,재구매,
OH-260813-0036,2026-08-13,07:41,오늘의집,,SB-T-ARB5-Q,올라운드 밸런스 토퍼 매트리스 5cm,Q,1,282200,126990,155210,설치완료,택배(안성1),제주,재구매,EX-2026-07
NV-260813-0006,2026-08-13,15:00,네이버 브랜드스토어,,SB-T-NMX-SS,더 뉴 맥시멈 토퍼 매트리스,SS,1,445200,0,445200,배송완료,택배(안성1),경기,신규,
HM-260813-0002,2026-08-13,19:02,자사몰,,SB-M-EVR-Q,이브닝 리버서블 매트리스,Q,1,418000,0,418000,배송완료,설치(용인 설치1),서울,신규,
HM-260813-0002,2026-08-13,19:02,자사몰,,SB-T-ARB5-Q,올라운드 밸런스 토퍼 매트리스 5cm,Q,1,303400,0,303400,배송완료,택배(안성1),서울,신규,
OH-260813-0037,2026-08-13,12:04,오늘의집,,SB-M-EVR-Q,이브닝 리버서블 매트리스,Q,1,388700,169900,218800,배송완료,설치(용인 설치1),대구,신규,EX-2026-07
NV-260813-0007,2026-08-13,10:14,네이버 브랜드스토어,,SB-T-NMX-SS,더 뉴 맥시멈 토퍼 매트리스,SS,1,445200,0,445200,교환완료,택배(안성1),경기,신규,
NV-260813-0007,2026-08-13,10:14,네이버 브랜드스토어,,SB-T-NMX-Q,더 뉴 맥시멈 토퍼 매트리스,Q,1,532500,0,532500,교환완료,택배(안성1),경기,신규,
OH-260813-0038,2026-08-13,14:48,오늘의집,,SB-T-NMX-Q,더 뉴 맥시멈 토퍼 매트리스,Q,2,1021200,427600,593600,배송완료,택배(안성1),대구,신규,EX-2026-07
NV-260813-0008,2026-08-13,18:43,네이버 브랜드스토어,,SB-T-NMX-Q,더 뉴 맥시멈 토퍼 매트리스,Q,1,532500,0,532500,배송중,택배(안성1),경남,신규,
NV-260813-0009,2026-08-13,13:31,네이버 브랜드스토어,,SB-T-NMX-SS,더 뉴 맥시멈 토퍼 매트리스,SS,1,445200,0,445200,배송완료,택배(안성1),서울,재구매,
NV-260813-0009,2026-08-13,13:31,네이버 브랜드스토어,,SB-M-EVR-Q,이브닝 리버서블 매트리스,Q,1,405500,0,405500,배송완료,설치(용인 설치1),서울,재구매,
OH-260813-0039,2026-08-13,20:36,오늘의집,,SB-M-EVR-Q,이브닝 리버서블 매트리스,Q,1,388700,169900,218800,배송중,설치(용인 설치1),서울,재구매,EX-2026-07
OH-260813-0040,2026-08-13,20:25,오늘의집,,SB-T-ARB5-SS,올라운드 밸런스 토퍼 매트리스 5cm,SS,1,236400,0,236400,설치완료,택배(안성1),경기,신규,
CP-260813-0005,2026-08-13,13:45,쿠팡 로켓,,SB-F-BAU-G,바우 키즈 원목 가드형 데이베드 침대,SS,1,759000,0,759000,배송완료,설치(용인 설치1),경남,신규,
OH-260813-0041,2026-08-13,20:36,오늘의집,,SB-T-NMX-Q,더 뉴 맥시멈 토퍼 매트리스,Q,1,510600,213800,296800,설치완료,택배(안성1),경기,신규,EX-2026-07
OH-260814-0001,2026-08-14,22:33,오늘의집,,SB-T-ARB5-Q,올라운드 밸런스 토퍼 매트리스 5cm,Q,1,282200,126990,155210,배송완료,택배(안성1),서울,신규,EX-2026-07
OH-260814-0002,2026-08-14,11:02,오늘의집,,SB-P-CLL,클라우드 LOW 경추 베개,단일,1,51400,0,51400,배송중,택배(안성1),충남,재구매,
OH-260814-0003,2026-08-14,20:29,오늘의집,,SB-F-BAU-G,바우 키즈 원목 가드형 데이베드 침대,SS,1,743100,0,743100,설치완료,설치(용인 설치1),충남,재구매,
OH-260814-0004,2026-08-14,07:09,오늘의집,,SB-T-NMX-Q,더 뉴 맥시멈 토퍼 매트리스,Q,2,1021200,427600,593600,설치완료,택배(안성1),충남,재구매,EX-2026-07
OH-260814-0004,2026-08-14,07:09,오늘의집,,SB-T-NMX-SS,더 뉴 맥시멈 토퍼 매트리스,SS,1,426900,183700,243200,설치완료,택배(안성1),충남,재구매,EX-2026-07
OH-260814-0005,2026-08-14,13:41,오늘의집,,SB-T-ARC-SS,올라운드 컴포트 토퍼 매트리스,SS,1,203100,0,203100,배송완료,택배(안성1),대구,재구매,
OH-260814-0006,2026-08-14,18:24,오늘의집,,SB-T-NMX-Q,더 뉴 맥시멈 토퍼 매트리스,Q,1,510600,213800,296800,배송완료,택배(안성1),경기,재구매,EX-2026-07
OH-260814-0007,2026-08-14,16:48,오늘의집,,SB-T-ARB7-SS,올라운드 밸런스 토퍼 매트리스 7cm,SS,2,479200,0,479200,배송완료,택배(안성1),서울,신규,
HM-260814-0001,2026-08-14,06:57,자사몰,,SB-T-NMX-Q,더 뉴 맥시멈 토퍼 매트리스,Q,1,549000,0,549000,배송중,택배(안성1),경기,신규,
OH-260814-0008,2026-08-14,20:51,오늘의집,,SB-T-NMX-Q,더 뉴 맥시멈 토퍼 매트리스,Q,2,1021200,427600,593600,배송완료,택배(안성1),대전,재구매,EX-2026-07
OH-260814-0008,2026-08-14,20:51,오늘의집,,SB-T-ARB5-Q,올라운드 밸런스 토퍼 매트리스 5cm,Q,2,564400,253980,310420,배송완료,택배(안성1),대전,재구매,EX-2026-07
OH-260814-0008,2026-08-14,20:51,오늘의집,,SB-M-EVR-Q,이브닝 리버서블 매트리스,Q,1,388700,169900,218800,배송완료,설치(용인 설치1),대전,재구매,EX-2026-07
OH-260814-0009,2026-08-14,13:59,오늘의집,,SB-M-DFC-Q,딥플로우 컴포트 매트리스,Q,1,569900,0,569900,배송중,설치(용인 설치1),대전,신규,
OH-260814-0010,2026-08-14,11:55,오늘의집,,SB-T-ARB5-Q,올라운드 밸런스 토퍼 매트리스 5cm,Q,1,282200,126990,155210,반품완료,택배(안성1),서울,신규,EX-2026-07
OH-260814-0011,2026-08-14,20:27,오늘의집,,SB-T-ARC-Q,올라운드 컴포트 토퍼 매트리스,Q,1,239400,107730,131670,배송완료,택배(안성1),서울,신규,EX-2026-07
OH-260814-0012,2026-08-14,17:14,오늘의집,,SB-M-EVR-Q,이브닝 리버서블 매트리스,Q,1,388700,169900,218800,배송완료,설치(용인 설치1),경기,신규,EX-2026-07
ST-260814-0001,2026-08-14,15:48,직영매장,용산,SB-P-CLL,클라우드 LOW 경추 베개,단일,1,58000,0,58000,설치완료,매장수령,경기,재구매,
OH-260814-0013,2026-08-14,11:47,오늘의집,,SB-M-EVR-Q,이브닝 리버서블 매트리스,Q,1,388700,169900,218800,설치완료,설치(용인 설치1),경기,신규,EX-2026-07
NV-260814-0001,2026-08-14,22:22,네이버 브랜드스토어,,SB-M-ORG-SS,오리지널 매트리스 미디엄 소프트,SS,1,432600,0,432600,배송완료,설치(용인 설치1),대구,신규,
OH-260814-0014,2026-08-14,07:55,오늘의집,,SB-M-EVR-Q,이브닝 리버서블 매트리스,Q,1,388700,169900,218800,배송완료,설치(용인 설치1),대전,신규,EX-2026-07
OH-260814-0015,2026-08-14,08:48,오늘의집,,SB-M-EVR-Q,이브닝 리버서블 매트리스,Q,1,388700,169900,218800,반품완료,설치(용인 설치1),서울,신규,EX-2026-07
OH-260814-0015,2026-08-14,08:48,오늘의집,,SB-T-ARC-Q,올라운드 컴포트 토퍼 매트리스,Q,1,239400,107730,131670,반품완료,택배(안성1),서울,신규,EX-2026-07
OH-260814-0015,2026-08-14,08:48,오늘의집,,SB-T-ARB5-Q,올라운드 밸런스 토퍼 매트리스 5cm,Q,2,564400,253980,310420,반품완료,택배(안성1),서울,신규,EX-2026-07
OH-260814-0016,2026-08-14,08:53,오늘의집,,SB-T-NMX-SS,더 뉴 맥시멈 토퍼 매트리스,SS,1,426900,183700,243200,배송완료,택배(안성1),경기,재구매,EX-2026-07
OH-260814-0016,2026-08-14,08:53,오늘의집,,SB-M-DFC-Q,딥플로우 컴포트 매트리스,Q,1,569900,0,569900,배송완료,설치(용인 설치1),경기,재구매,
OH-260814-0016,2026-08-14,08:53,오늘의집,,SB-T-ARB5-Q,올라운드 밸런스 토퍼 매트리스 5cm,Q,2,564400,253980,310420,배송완료,택배(안성1),경기,재구매,EX-2026-07
OH-260814-0017,2026-08-14,18:08,오늘의집,,SB-T-NMX-SS,더 뉴 맥시멈 토퍼 매트리스,SS,1,426900,183700,243200,배송완료,택배(안성1),경기,신규,EX-2026-07
OH-260814-0018,2026-08-14,21:46,오늘의집,,SB-M-EVR-Q,이브닝 리버서블 매트리스,Q,1,388700,169900,218800,배송완료,설치(용인 설치1),강원,신규,EX-2026-07
OH-260814-0019,2026-08-14,11:17,오늘의집,,SB-M-EVS-Q,이브닝 스타릿 매트리스,Q,1,656600,0,656600,설치완료,설치(용인 설치1),충남,신규,
OH-260814-0020,2026-08-14,09:23,오늘의집,,SB-T-ARB5-SS,올라운드 밸런스 토퍼 매트리스 5cm,SS,2,472800,0,472800,설치완료,택배(안성1),부산,재구매,
CP-260814-0001,2026-08-14,18:35,쿠팡 로켓,,SB-T-ARB5-SS,올라운드 밸런스 토퍼 매트리스 5cm,SS,1,241500,0,241500,배송완료,택배(안성1),대전,신규,
CP-260814-0001,2026-08-14,18:35,쿠팡 로켓,,SB-M-EVR-Q,이브닝 리버서블 매트리스,Q,1,397100,0,397100,배송완료,설치(용인 설치1),대전,신규,
OH-260814-0021,2026-08-14,15:41,오늘의집,,SB-F-BAU-G,바우 키즈 원목 가드형 데이베드 침대,SS,1,743100,0,743100,설치완료,설치(용인 설치1),인천,신규,
OH-260814-0021,2026-08-14,15:41,오늘의집,,SB-T-NMX-SS,더 뉴 맥시멈 토퍼 매트리스,SS,2,853800,367400,486400,설치완료,택배(안성1),인천,신규,EX-2026-07
HM-260814-0002,2026-08-14,19:18,자사몰,,SB-T-NMX-Q,더 뉴 맥시멈 토퍼 매트리스,Q,1,549000,0,549000,설치완료,택배(안성1),대전,신규,
HM-260814-0002,2026-08-14,19:18,자사몰,,SB-M-EVS-Q,이브닝 스타릿 매트리스,Q,1,706000,0,706000,설치완료,설치(용인 설치1),대전,신규,
OH-260814-0022,2026-08-14,03:17,오늘의집,,SB-A-DPM,딥뮤트 수면안대,단일,1,29000,0,29000,배송완료,택배(안성1),서울,신규,
OH-260814-0022,2026-08-14,03:17,오늘의집,,SB-T-NMX-Q,더 뉴 맥시멈 토퍼 매트리스,Q,1,510600,213800,296800,배송완료,택배(안성1),서울,신규,EX-2026-07
NV-260814-0002,2026-08-14,08:32,네이버 브랜드스토어,,SB-T-MAX-Q,맥시멈 토퍼 매트리스,Q,1,532500,0,532500,설치완료,택배(안성1),경남,신규,
NV-260814-0002,2026-08-14,08:32,네이버 브랜드스토어,,SB-T-ARC-Q,올라운드 컴포트 토퍼 매트리스,Q,1,249700,0,249700,설치완료,택배(안성1),경남,신규,
OH-260814-0023,2026-08-14,21:05,오늘의집,,SB-T-ARB5-SS,올라운드 밸런스 토퍼 매트리스 5cm,SS,1,236400,0,236400,설치완료,택배(안성1),서울,신규,
NV-260814-0003,2026-08-14,12:04,네이버 브랜드스토어,,SB-T-NMX-Q,더 뉴 맥시멈 토퍼 매트리스,Q,1,532500,0,532500,배송중,택배(안성1),경기,재구매,
CJ-260814-0001,2026-08-14,09:16,CJ온스타일,,SB-T-NMX-Q,더 뉴 맥시멈 토퍼 매트리스,Q,1,527000,0,527000,배송완료,택배(안성1),서울,신규,
CJ-260814-0001,2026-08-14,09:16,CJ온스타일,,SB-T-NMX-SS,더 뉴 맥시멈 토퍼 매트리스,SS,1,440600,0,440600,배송완료,택배(안성1),서울,신규,
OH-260814-0024,2026-08-14,15:27,오늘의집,,SB-P-CLL,클라우드 LOW 경추 베개,단일,1,51400,0,51400,배송완료,택배(안성1),충남,신규,
OH-260814-0025,2026-08-14,17:21,오늘의집,,SB-T-ARC-Q,올라운드 컴포트 토퍼 매트리스,Q,1,239400,107730,131670,배송완료,택배(안성1),광주,재구매,EX-2026-07
OH-260814-0026,2026-08-14,09:03,오늘의집,,SB-T-ARB5-Q,올라운드 밸런스 토퍼 매트리스 5cm,Q,1,282200,126990,155210,배송완료,택배(안성1),강원,재구매,EX-2026-07
OH-260814-0027,2026-08-14,12:14,오늘의집,,SB-M-EVR-Q,이브닝 리버서블 매트리스,Q,1,388700,169900,218800,교환완료,설치(용인 설치1),충남,신규,EX-2026-07
OH-260814-0028,2026-08-14,19:04,오늘의집,,SB-T-ARB5-Q,올라운드 밸런스 토퍼 매트리스 5cm,Q,1,282200,126990,155210,배송완료,택배(안성1),서울,신규,EX-2026-07
OH-260814-0028,2026-08-14,19:04,오늘의집,,SB-T-NMX-Q,더 뉴 맥시멈 토퍼 매트리스,Q,1,510600,213800,296800,배송완료,택배(안성1),서울,신규,EX-2026-07
NV-260814-0004,2026-08-14,07:59,네이버 브랜드스토어,,SB-A-DPM,딥뮤트 수면안대,단일,2,60600,0,60600,설치완료,택배(안성1),경기,신규,
OH-260814-0029,2026-08-14,12:09,오늘의집,,SB-T-ARC-Q,올라운드 컴포트 토퍼 매트리스,Q,1,239400,107730,131670,설치완료,택배(안성1),경기,신규,EX-2026-07
OH-260814-0030,2026-08-14,09:09,오늘의집,,SB-T-NMX-SS,더 뉴 맥시멈 토퍼 매트리스,SS,1,426900,183700,243200,취소,택배(안성1),경기,신규,EX-2026-07
OH-260814-0030,2026-08-14,09:09,오늘의집,,SB-T-ARC-Q,올라운드 컴포트 토퍼 매트리스,Q,1,239400,107730,131670,취소,택배(안성1),경기,신규,EX-2026-07
OH-260814-0031,2026-08-14,13:19,오늘의집,,SB-T-ARC-Q,올라운드 컴포트 토퍼 매트리스,Q,1,239400,107730,131670,설치완료,택배(안성1),울산,재구매,EX-2026-07
OH-260814-0031,2026-08-14,13:19,오늘의집,,SB-T-ARB5-Q,올라운드 밸런스 토퍼 매트리스 5cm,Q,1,282200,126990,155210,설치완료,택배(안성1),울산,재구매,EX-2026-07
OH-260814-0032,2026-08-14,08:16,오늘의집,,SB-T-ARC-SS,올라운드 컴포트 토퍼 매트리스,SS,1,203100,0,203100,배송완료,택배(안성1),대구,신규,
OH-260814-0033,2026-08-14,21:50,오늘의집,,SB-M-DFB-SS,딥플로우 밸런스 매트리스,SS,1,478000,0,478000,배송완료,설치(용인 설치1),서울,신규,
OH-260814-0034,2026-08-14,15:18,오늘의집,,SB-T-NMX-SS,더 뉴 맥시멈 토퍼 매트리스,SS,1,426900,183700,243200,배송완료,택배(안성1),경기,신규,EX-2026-07
OH-260814-0035,2026-08-14,17:37,오늘의집,,SB-T-ARB5-Q,올라운드 밸런스 토퍼 매트리스 5cm,Q,1,282200,126990,155210,반품완료,택배(안성1),경기,신규,EX-2026-07
OH-260814-0036,2026-08-14,16:26,오늘의집,,SB-T-NMX-SS,더 뉴 맥시멈 토퍼 매트리스,SS,2,853800,367400,486400,배송완료,택배(안성1),대구,신규,EX-2026-07
OH-260814-0037,2026-08-14,08:46,오늘의집,,SB-T-NMX-Q,더 뉴 맥시멈 토퍼 매트리스,Q,1,510600,213800,296800,배송완료,택배(안성1),경기,신규,EX-2026-07
SG-260814-0001,2026-08-14,20:36,SSG닷컴,,SB-T-ARC-Q,올라운드 컴포트 토퍼 매트리스,Q,1,252300,0,252300,설치완료,택배(안성1),서울,신규,
CJ-260814-0002,2026-08-14,16:14,CJ온스타일,,SB-T-ARC-Q,올라운드 컴포트 토퍼 매트리스,Q,1,247100,0,247100,설치완료,택배(안성1),울산,신규,
CP-260814-0002,2026-08-14,19:43,쿠팡 로켓,,SB-T-ARC-Q,올라운드 컴포트 토퍼 매트리스,Q,1,244500,0,244500,배송완료,택배(안성1),인천,신규,
OH-260814-0038,2026-08-14,07:30,오늘의집,,SB-M-EVR-Q,이브닝 리버서블 매트리스,Q,1,388700,169900,218800,반품완료,설치(용인 설치1),경기,신규,EX-2026-07
OH-260814-0039,2026-08-14,14:45,오늘의집,,SB-M-EVS-K,이브닝 스타릿 매트리스,K,1,723500,0,723500,배송완료,설치(용인 설치1),대구,신규,
OH-260814-0039,2026-08-14,14:45,오늘의집,,SB-T-ARB5-Q,올라운드 밸런스 토퍼 매트리스 5cm,Q,1,282200,126990,155210,배송완료,택배(안성1),대구,신규,EX-2026-07
OH-260814-0040,2026-08-14,08:11,오늘의집,,SB-T-NMX-Q,더 뉴 맥시멈 토퍼 매트리스,Q,1,510600,213800,296800,배송완료,택배(안성1),경기,신규,EX-2026-07
OH-260814-0041,2026-08-14,13:29,오늘의집,,SB-M-MFM-Q,미드나잇 풀문 매트리스,Q,1,863000,0,863000,반품완료,설치(용인 설치1),서울,재구매,
OH-260814-0042,2026-08-14,17:45,오늘의집,,SB-T-ARB5-Q,올라운드 밸런스 토퍼 매트리스 5cm,Q,1,282200,126990,155210,배송완료,택배(안성1),서울,재구매,EX-2026-07
OH-260814-0043,2026-08-14,20:25,오늘의집,,SB-T-ARB5-Q,올라운드 밸런스 토퍼 매트리스 5cm,Q,1,282200,126990,155210,취소,택배(안성1),서울,신규,EX-2026-07
SG-260814-0002,2026-08-14,16:16,SSG닷컴,,SB-T-ARB5-Q,올라운드 밸런스 토퍼 매트리스 5cm,Q,1,297300,0,297300,배송완료,택배(안성1),서울,재구매,
HM-260814-0003,2026-08-14,11:35,자사몰,,SB-T-ARC-Q,올라운드 컴포트 토퍼 매트리스,Q,1,257400,0,257400,배송완료,택배(안성1),서울,신규,
NV-260815-0001,2026-08-15,08:15,네이버 브랜드스토어,,SB-T-NMX-Q,더 뉴 맥시멈 토퍼 매트리스,Q,1,532500,0,532500,배송완료,택배(안성1),경기,재구매,
OH-260815-0001,2026-08-15,20:58,오늘의집,,SB-T-NMX-Q,더 뉴 맥시멈 토퍼 매트리스,Q,1,510600,213800,296800,배송완료,택배(안성1),경기,신규,EX-2026-07
NV-260815-0002,2026-08-15,13:19,네이버 브랜드스토어,,SB-T-ARC-Q,올라운드 컴포트 토퍼 매트리스,Q,1,249700,0,249700,배송완료,택배(안성1),경남,신규,
OH-260815-0002,2026-08-15,09:06,오늘의집,,SB-T-NMX-SS,더 뉴 맥시멈 토퍼 매트리스,SS,1,426900,183700,243200,배송완료,택배(안성1),서울,신규,EX-2026-07
OH-260815-0003,2026-08-15,10:15,오늘의집,,SB-T-NMX-SS,더 뉴 맥시멈 토퍼 매트리스,SS,1,426900,183700,243200,반품완료,택배(안성1),경남,신규,EX-2026-07
OH-260815-0003,2026-08-15,10:15,오늘의집,,SB-T-ARC-Q,올라운드 컴포트 토퍼 매트리스,Q,1,239400,107730,131670,반품완료,택배(안성1),경남,신규,EX-2026-07
OH-260815-0004,2026-08-15,21:31,오늘의집,,SB-A-DPM,딥뮤트 수면안대,단일,1,29000,0,29000,설치완료,택배(안성1),서울,신규,
OH-260815-0005,2026-08-15,19:04,오늘의집,,SB-M-EVR-Q,이브닝 리버서블 매트리스,Q,1,388700,169900,218800,배송중,설치(용인 설치1),강원,신규,EX-2026-07
OH-260815-0006,2026-08-15,21:19,오늘의집,,SB-MO-EVM-Q,이브닝 모션 매트리스,Q,1,1084400,0,1084400,배송중,설치(용인 설치1),대전,신규,
OH-260815-0006,2026-08-15,21:19,오늘의집,,SB-T-NMX-SS,더 뉴 맥시멈 토퍼 매트리스,SS,1,426900,183700,243200,배송중,택배(안성1),대전,신규,EX-2026-07
OH-260815-0007,2026-08-15,21:50,오늘의집,,SB-T-NMX-Q,더 뉴 맥시멈 토퍼 매트리스,Q,1,510600,213800,296800,취소,택배(안성1),울산,재구매,EX-2026-07
OH-260815-0008,2026-08-15,21:23,오늘의집,,SB-M-EVR-Q,이브닝 리버서블 매트리스,Q,1,388700,169900,218800,배송완료,설치(용인 설치1),서울,재구매,EX-2026-07
OH-260815-0009,2026-08-15,21:30,오늘의집,,SB-M-EVR-Q,이브닝 리버서블 매트리스,Q,1,388700,169900,218800,설치완료,설치(용인 설치1),경기,신규,EX-2026-07
OH-260815-0010,2026-08-15,16:48,오늘의집,,SB-M-ORG-SS,오리지널 매트리스 미디엄 소프트,SS,1,414800,0,414800,배송완료,설치(용인 설치1),서울,신규,
OH-260815-0011,2026-08-15,20:12,오늘의집,,SB-M-EVR-Q,이브닝 리버서블 매트리스,Q,1,388700,169900,218800,교환완료,설치(용인 설치1),제주,재구매,EX-2026-07
OH-260815-0011,2026-08-15,20:12,오늘의집,,SB-M-EVR-SS,이브닝 리버서블 매트리스,SS,1,364600,0,364600,교환완료,설치(용인 설치1),제주,재구매,
OH-260815-0012,2026-08-15,16:07,오늘의집,,SB-M-EVS-Q,이브닝 스타릿 매트리스,Q,1,656600,0,656600,설치완료,설치(용인 설치1),경기,재구매,
OH-260815-0013,2026-08-15,13:14,오늘의집,,SB-T-NMX-Q,더 뉴 맥시멈 토퍼 매트리스,Q,1,510600,213800,296800,배송완료,택배(안성1),경기,신규,EX-2026-07
OH-260815-0014,2026-08-15,19:08,오늘의집,,SB-T-NMX-SS,더 뉴 맥시멈 토퍼 매트리스,SS,1,426900,183700,243200,배송완료,택배(안성1),서울,신규,EX-2026-07
CP-260815-0001,2026-08-15,20:07,쿠팡 로켓,,SB-M-EVR-SS,이브닝 리버서블 매트리스,SS,1,372400,0,372400,배송완료,설치(용인 설치1),경기,신규,
OH-260815-0015,2026-08-15,22:22,오늘의집,,SB-T-NMX-SS,더 뉴 맥시멈 토퍼 매트리스,SS,1,426900,183700,243200,반품완료,택배(안성1),경기,신규,EX-2026-07
OH-260815-0016,2026-08-15,06:52,오늘의집,,SB-M-EVR-SS,이브닝 리버서블 매트리스,SS,1,364600,0,364600,배송완료,설치(용인 설치1),서울,신규,
OH-260815-0016,2026-08-15,06:52,오늘의집,,SB-M-EVR-Q,이브닝 리버서블 매트리스,Q,1,388700,169900,218800,배송완료,설치(용인 설치1),서울,신규,EX-2026-07
OH-260815-0017,2026-08-15,14:16,오늘의집,,SB-T-ARC-Q,올라운드 컴포트 토퍼 매트리스,Q,1,239400,107730,131670,설치완료,택배(안성1),대전,신규,EX-2026-07
OH-260815-0018,2026-08-15,15:12,오늘의집,,SB-T-NMX-SS,더 뉴 맥시멈 토퍼 매트리스,SS,2,853800,367400,486400,설치완료,택배(안성1),울산,신규,EX-2026-07
OH-260815-0018,2026-08-15,15:12,오늘의집,,SB-T-ARC-Q,올라운드 컴포트 토퍼 매트리스,Q,1,239400,107730,131670,설치완료,택배(안성1),울산,신규,EX-2026-07
OH-260815-0019,2026-08-15,04:38,오늘의집,,SB-T-NMX-Q,더 뉴 맥시멈 토퍼 매트리스,Q,1,510600,213800,296800,배송완료,택배(안성1),서울,신규,EX-2026-07
OH-260815-0019,2026-08-15,04:38,오늘의집,,SB-M-EVR-Q,이브닝 리버서블 매트리스,Q,1,388700,169900,218800,배송완료,설치(용인 설치1),서울,신규,EX-2026-07
OH-260815-0020,2026-08-15,21:06,오늘의집,,SB-T-NMX-Q,더 뉴 맥시멈 토퍼 매트리스,Q,1,510600,213800,296800,배송완료,택배(안성1),제주,신규,EX-2026-07
OH-260815-0021,2026-08-15,13:42,오늘의집,,SB-T-NMX-SS,더 뉴 맥시멈 토퍼 매트리스,SS,1,426900,183700,243200,배송완료,택배(안성1),대구,신규,EX-2026-07
OH-260815-0022,2026-08-15,08:54,오늘의집,,SB-T-NMX-Q,더 뉴 맥시멈 토퍼 매트리스,Q,1,510600,213800,296800,배송완료,택배(안성1),서울,신규,EX-2026-07
OH-260815-0022,2026-08-15,08:54,오늘의집,,SB-T-GRB-SS,그라운드 밸런스 토퍼 매트리스,SS,1,485500,0,485500,배송완료,택배(안성1),서울,신규,
OH-260815-0023,2026-08-15,13:29,오늘의집,,SB-T-ARB7-SS,올라운드 밸런스 토퍼 매트리스 7cm,SS,1,239600,0,239600,반품완료,택배(안성1),광주,재구매,
OH-260815-0023,2026-08-15,13:29,오늘의집,,SB-M-EVR-S,이브닝 리버서블 매트리스,S,1,334700,0,334700,반품완료,설치(용인 설치1),광주,재구매,
OH-260815-0024,2026-08-15,10:03,오늘의집,,SB-T-NMX-SS,더 뉴 맥시멈 토퍼 매트리스,SS,1,426900,183700,243200,배송완료,택배(안성1),대구,재구매,EX-2026-07
OH-260815-0025,2026-08-15,14:44,오늘의집,,SB-M-DFC-Q,딥플로우 컴포트 매트리스,Q,1,569900,0,569900,배송완료,설치(용인 설치1),경기,재구매,
OH-260815-0026,2026-08-15,18:00,오늘의집,,SB-T-ARB5-Q,올라운드 밸런스 토퍼 매트리스 5cm,Q,1,282200,126990,155210,설치완료,택배(안성1),부산,신규,EX-2026-07
CP-260815-0002,2026-08-15,01:57,쿠팡 로켓,,SB-T-ARC-Q,올라운드 컴포트 토퍼 매트리스,Q,1,244500,0,244500,배송중,택배(안성1),강원,신규,
OH-260815-0027,2026-08-15,15:34,오늘의집,,SB-P-CLB,클라우드 버디 베개,단일,1,58800,0,58800,배송중,택배(안성1),강원,신규,
OH-260815-0028,2026-08-15,21:42,오늘의집,,SB-T-ARC-Q,올라운드 컴포트 토퍼 매트리스,Q,1,239400,107730,131670,배송완료,택배(안성1),서울,재구매,EX-2026-07
OH-260815-0029,2026-08-15,06:56,오늘의집,,SB-T-NMX-Q,더 뉴 맥시멈 토퍼 매트리스,Q,1,510600,213800,296800,배송완료,택배(안성1),서울,신규,EX-2026-07
ST-260815-0001,2026-08-15,15:36,직영매장,노원,SB-T-NMX-Q,더 뉴 맥시멈 토퍼 매트리스,Q,1,576400,0,576400,설치완료,설치(용인 설치1),경기,신규,
SG-260815-0001,2026-08-15,06:30,SSG닷컴,,SB-M-EVR-Q,이브닝 리버서블 매트리스,Q,1,409600,0,409600,배송완료,설치(용인 설치1),서울,재구매,
SG-260815-0001,2026-08-15,06:30,SSG닷컴,,SB-T-NMX-SS,더 뉴 맥시멈 토퍼 매트리스,SS,1,449800,0,449800,배송완료,택배(안성1),서울,재구매,
OH-260815-0030,2026-08-15,15:37,오늘의집,,SB-M-MFM-K,미드나잇 풀문 매트리스,K,1,950500,0,950500,설치완료,설치(용인 설치1),경기,신규,
OH-260815-0031,2026-08-15,20:21,오늘의집,,SB-T-ARB5-Q,올라운드 밸런스 토퍼 매트리스 5cm,Q,1,282200,126990,155210,취소,택배(안성1),경기,신규,EX-2026-07
OH-260815-0031,2026-08-15,20:21,오늘의집,,SB-T-ARC-Q,올라운드 컴포트 토퍼 매트리스,Q,1,239400,107730,131670,취소,택배(안성1),경기,신규,EX-2026-07
OH-260815-0032,2026-08-15,06:44,오늘의집,,SB-T-ARC-Q,올라운드 컴포트 토퍼 매트리스,Q,1,239400,107730,131670,설치완료,택배(안성1),서울,재구매,EX-2026-07
OH-260815-0032,2026-08-15,06:44,오늘의집,,SB-T-NMX-SS,더 뉴 맥시멈 토퍼 매트리스,SS,1,426900,183700,243200,설치완료,택배(안성1),서울,재구매,EX-2026-07
OH-260815-0032,2026-08-15,06:44,오늘의집,,SB-T-ARB5-Q,올라운드 밸런스 토퍼 매트리스 5cm,Q,2,564400,253980,310420,설치완료,택배(안성1),서울,재구매,EX-2026-07
OH-260815-0033,2026-08-15,07:38,오늘의집,,SB-F-BAU-O,바우 키즈 원목 오픈형 데이베드 침대,SS,1,557100,0,557100,배송완료,설치(용인 설치1),서울,재구매,
OH-260815-0034,2026-08-15,17:27,오늘의집,,SB-T-NMX-SS,더 뉴 맥시멈 토퍼 매트리스,SS,1,426900,183700,243200,설치완료,택배(안성1),서울,신규,EX-2026-07
OH-260815-0035,2026-08-15,17:41,오늘의집,,SB-T-ARC-Q,올라운드 컴포트 토퍼 매트리스,Q,1,239400,107730,131670,취소,택배(안성1),서울,신규,EX-2026-07
OH-260815-0036,2026-08-15,11:20,오늘의집,,SB-M-EVR-Q,이브닝 리버서블 매트리스,Q,1,388700,169900,218800,배송완료,설치(용인 설치1),서울,재구매,EX-2026-07
OH-260815-0036,2026-08-15,11:20,오늘의집,,SB-P-CLB,클라우드 버디 베개,단일,1,58800,0,58800,배송완료,택배(안성1),서울,재구매,
HM-260815-0001,2026-08-15,11:36,자사몰,,SB-P-CLB,클라우드 버디 베개,단일,2,126400,0,126400,배송완료,택배(안성1),서울,신규,
ST-260815-0002,2026-08-15,20:20,직영매장,슬로우나잇 스타필드 수원,SB-T-ARB5-Q,올라운드 밸런스 토퍼 매트리스 5cm,Q,1,318600,0,318600,설치완료,설치(용인 설치1),인천,신규,
OH-260815-0037,2026-08-15,20:03,오늘의집,,SB-T-NMX-Q,더 뉴 맥시멈 토퍼 매트리스,Q,1,510600,213800,296800,취소,택배(안성1),경기,신규,EX-2026-07
OH-260815-0038,2026-08-15,11:47,오늘의집,,SB-F-AMD-K,아몬드 무헤드형 침대,K,1,864900,0,864900,반품완료,설치(용인 설치1),서울,신규,
OH-260815-0038,2026-08-15,11:47,오늘의집,,SB-T-ARB5-Q,올라운드 밸런스 토퍼 매트리스 5cm,Q,2,564400,253980,310420,반품완료,택배(안성1),서울,신규,EX-2026-07
NV-260815-0003,2026-08-15,13:46,네이버 브랜드스토어,,SB-A-DPM,딥뮤트 수면안대,단일,1,30300,0,30300,배송중,택배(안성1),경기,신규,
OH-260815-0039,2026-08-15,20:55,오늘의집,,SB-M-EVR-Q,이브닝 리버서블 매트리스,Q,1,388700,169900,218800,설치완료,설치(용인 설치1),서울,재구매,EX-2026-07
CJ-260815-0001,2026-08-15,10:05,CJ온스타일,,SB-T-ARB5-Q,올라운드 밸런스 토퍼 매트리스 5cm,Q,1,291300,0,291300,배송완료,택배(안성1),서울,신규,
OH-260815-0040,2026-08-15,08:26,오늘의집,,SB-M-EVR-Q,이브닝 리버서블 매트리스,Q,1,388700,169900,218800,배송중,설치(용인 설치1),서울,신규,EX-2026-07
OH-260815-0041,2026-08-15,14:10,오늘의집,,SB-T-ARB5-Q,올라운드 밸런스 토퍼 매트리스 5cm,Q,1,282200,126990,155210,취소,택배(안성1),경남,신규,EX-2026-07
OH-260815-0042,2026-08-15,20:00,오늘의집,,SB-M-EVR-Q,이브닝 리버서블 매트리스,Q,1,388700,169900,218800,배송완료,설치(용인 설치1),서울,재구매,EX-2026-07
OH-260815-0043,2026-08-15,09:01,오늘의집,,SB-M-EVR-Q,이브닝 리버서블 매트리스,Q,1,388700,169900,218800,배송완료,설치(용인 설치1),대구,신규,EX-2026-07
OH-260815-0044,2026-08-15,21:45,오늘의집,,SB-T-NMX-SS,더 뉴 맥시멈 토퍼 매트리스,SS,1,426900,183700,243200,교환완료,택배(안성1),경기,신규,EX-2026-07
OH-260815-0045,2026-08-15,17:37,오늘의집,,SB-M-EVR-Q,이브닝 리버서블 매트리스,Q,1,388700,169900,218800,배송완료,설치(용인 설치1),경기,재구매,EX-2026-07
OH-260815-0046,2026-08-15,16:39,오늘의집,,SB-T-NMX-SS,더 뉴 맥시멈 토퍼 매트리스,SS,1,426900,183700,243200,배송완료,택배(안성1),서울,신규,EX-2026-07
ST-260815-0003,2026-08-15,18:58,직영매장,슬로우나잇 스타필드 수원,SB-T-NMX-SS,더 뉴 맥시멈 토퍼 매트리스,SS,1,482000,0,482000,배송완료,설치(용인 설치1),경기,신규,
ST-260815-0004,2026-08-15,20:45,직영매장,용산,SB-T-NMX-Q,더 뉴 맥시멈 토퍼 매트리스,Q,1,576400,0,576400,설치완료,설치(용인 설치1),인천,신규,
ST-260815-0005,2026-08-15,22:17,직영매장,대전둔산,SB-A-DPM,딥뮤트 수면안대,단일,2,65600,0,65600,배송완료,매장수령,경기,신규,
OH-260815-0047,2026-08-15,08:23,오늘의집,,SB-A-DPM,딥뮤트 수면안대,단일,1,29000,0,29000,배송완료,택배(안성1),대구,신규,
OH-260815-0048,2026-08-15,08:29,오늘의집,,SB-T-ARB5-Q,올라운드 밸런스 토퍼 매트리스 5cm,Q,1,282200,126990,155210,배송완료,택배(안성1),경기,재구매,EX-2026-07
HM-260815-0002,2026-08-15,20:32,자사몰,,SB-T-NMX-SS,더 뉴 맥시멈 토퍼 매트리스,SS,1,459000,0,459000,반품완료,택배(안성1),서울,재구매,
OH-260815-0049,2026-08-15,00:08,오늘의집,,SB-T-ARC-Q,올라운드 컴포트 토퍼 매트리스,Q,2,478800,215460,263340,배송완료,택배(안성1),대구,재구매,EX-2026-07
ST-260815-0006,2026-08-15,06:52,직영매장,대전둔산,SB-T-NMX-SS,더 뉴 맥시멈 토퍼 매트리스,SS,1,482000,0,482000,배송완료,설치(용인 설치1),인천,재구매,
ST-260815-0006,2026-08-15,06:52,직영매장,대전둔산,SB-M-EVR-Q,이브닝 리버서블 매트리스,Q,1,438900,0,438900,배송완료,설치(용인 설치1),인천,재구매,
OH-260816-0001,2026-08-16,18:42,오늘의집,,SB-T-NMX-SS,더 뉴 맥시멈 토퍼 매트리스,SS,1,426900,183700,243200,배송완료,택배(안성1),서울,신규,EX-2026-07
ST-260816-0001,2026-08-16,18:32,직영매장,용산,SB-M-EVR-Q,이브닝 리버서블 매트리스,Q,1,438900,0,438900,배송완료,설치(용인 설치1),서울,재구매,
ST-260816-0002,2026-08-16,18:27,직영매장,용산,SB-P-CLB,클라우드 버디 베개,단일,1,66400,0,66400,설치완료,매장수령,경기,신규,
OH-260816-0002,2026-08-16,19:50,오늘의집,,SB-P-CLB,클라우드 버디 베개,단일,1,58800,0,58800,배송완료,택배(안성1),인천,신규,
OH-260816-0003,2026-08-16,10:08,오늘의집,,SB-T-NMX-Q,더 뉴 맥시멈 토퍼 매트리스,Q,1,510600,213800,296800,배송중,택배(안성1),인천,신규,EX-2026-07
OH-260816-0004,2026-08-16,19:23,오늘의집,,SB-T-ARC-Q,올라운드 컴포트 토퍼 매트리스,Q,1,239400,107730,131670,배송완료,택배(안성1),경남,재구매,EX-2026-07
NV-260816-0001,2026-08-16,13:11,네이버 브랜드스토어,,SB-T-NMX-Q,더 뉴 맥시멈 토퍼 매트리스,Q,1,532500,0,532500,설치완료,택배(안성1),경기,신규,
CP-260816-0001,2026-08-16,10:31,쿠팡 로켓,,SB-M-EVR-Q,이브닝 리버서블 매트리스,Q,1,397100,0,397100,배송완료,설치(용인 설치1),서울,재구매,
OH-260816-0005,2026-08-16,21:52,오늘의집,,SB-T-NMX-SS,더 뉴 맥시멈 토퍼 매트리스,SS,2,853800,367400,486400,설치완료,택배(안성1),경기,신규,EX-2026-07
HM-260816-0001,2026-08-16,10:08,자사몰,,SB-M-DFC-Q,딥플로우 컴포트 매트리스,Q,1,612800,0,612800,배송완료,설치(용인 설치1),경기,신규,
OH-260816-0006,2026-08-16,19:46,오늘의집,,SB-T-ARC-Q,올라운드 컴포트 토퍼 매트리스,Q,1,239400,107730,131670,배송완료,택배(안성1),대전,신규,EX-2026-07
OH-260816-0006,2026-08-16,19:46,오늘의집,,SB-T-ARB7-Q,올라운드 밸런스 토퍼 매트리스 7cm,Q,1,284600,0,284600,배송완료,택배(안성1),대전,신규,
OH-260816-0007,2026-08-16,13:38,오늘의집,,SB-T-ARB5-SS,올라운드 밸런스 토퍼 매트리스 5cm,SS,1,236400,0,236400,반품완료,택배(안성1),경기,신규,
OH-260816-0008,2026-08-16,21:31,오늘의집,,SB-T-ARB5-Q,올라운드 밸런스 토퍼 매트리스 5cm,Q,1,282200,126990,155210,배송완료,택배(안성1),인천,신규,EX-2026-07
OH-260816-0009,2026-08-16,11:58,오늘의집,,SB-T-ARB5-Q,올라운드 밸런스 토퍼 매트리스 5cm,Q,1,282200,126990,155210,배송완료,택배(안성1),부산,신규,EX-2026-07
OH-260816-0010,2026-08-16,02:28,오늘의집,,SB-P-CLL,클라우드 LOW 경추 베개,단일,1,51400,0,51400,배송완료,택배(안성1),서울,신규,
HM-260816-0002,2026-08-16,10:49,자사몰,,SB-T-NMX-Q,더 뉴 맥시멈 토퍼 매트리스,Q,2,1098000,0,1098000,배송완료,택배(안성1),경기,신규,
OH-260816-0011,2026-08-16,11:21,오늘의집,,SB-M-EVR-SS,이브닝 리버서블 매트리스,SS,1,364600,0,364600,배송완료,설치(용인 설치1),강원,신규,
OH-260816-0011,2026-08-16,11:21,오늘의집,,SB-T-ARC-Q,올라운드 컴포트 토퍼 매트리스,Q,1,239400,107730,131670,배송완료,택배(안성1),강원,신규,EX-2026-07
ST-260816-0003,2026-08-16,11:06,직영매장,대전둔산,SB-M-EVR-Q,이브닝 리버서블 매트리스,Q,1,438900,0,438900,배송완료,설치(용인 설치1),경기,재구매,
OH-260816-0012,2026-08-16,14:24,오늘의집,,SB-T-NMX-Q,더 뉴 맥시멈 토퍼 매트리스,Q,1,510600,213800,296800,배송완료,택배(안성1),경기,재구매,EX-2026-07
OH-260816-0013,2026-08-16,21:39,오늘의집,,SB-T-ARB5-Q,올라운드 밸런스 토퍼 매트리스 5cm,Q,1,282200,126990,155210,취소,택배(안성1),경기,신규,EX-2026-07
OH-260816-0014,2026-08-16,09:59,오늘의집,,SB-T-NMX-Q,더 뉴 맥시멈 토퍼 매트리스,Q,1,510600,213800,296800,배송완료,택배(안성1),서울,신규,EX-2026-07
OH-260816-0014,2026-08-16,09:59,오늘의집,,SB-T-ARC-Q,올라운드 컴포트 토퍼 매트리스,Q,1,239400,107730,131670,배송완료,택배(안성1),서울,신규,EX-2026-07
OH-260816-0015,2026-08-16,15:52,오늘의집,,SB-T-ARB5-Q,올라운드 밸런스 토퍼 매트리스 5cm,Q,1,282200,126990,155210,배송완료,택배(안성1),부산,신규,EX-2026-07
OH-260816-0016,2026-08-16,05:32,오늘의집,,SB-T-ARC-Q,올라운드 컴포트 토퍼 매트리스,Q,1,239400,107730,131670,배송중,택배(안성1),서울,신규,EX-2026-07
OH-260816-0017,2026-08-16,12:39,오늘의집,,SB-T-ARB5-Q,올라운드 밸런스 토퍼 매트리스 5cm,Q,1,282200,126990,155210,취소,택배(안성1),부산,신규,EX-2026-07
OH-260816-0017,2026-08-16,12:39,오늘의집,,SB-P-CLL,클라우드 LOW 경추 베개,단일,1,51400,0,51400,취소,택배(안성1),부산,신규,
HM-260816-0003,2026-08-16,14:11,자사몰,,SB-M-EVR-Q,이브닝 리버서블 매트리스,Q,1,418000,0,418000,배송완료,설치(용인 설치1),서울,신규,
OH-260816-0018,2026-08-16,23:53,오늘의집,,SB-T-NMX-SS,더 뉴 맥시멈 토퍼 매트리스,SS,1,426900,183700,243200,설치완료,택배(안성1),울산,신규,EX-2026-07
CJ-260816-0001,2026-08-16,11:14,CJ온스타일,,SB-T-ARC-SS,올라운드 컴포트 토퍼 매트리스,SS,1,209700,0,209700,설치완료,택배(안성1),경기,재구매,
OH-260816-0019,2026-08-16,08:28,오늘의집,,SB-M-EVR-Q,이브닝 리버서블 매트리스,Q,1,388700,169900,218800,설치완료,설치(용인 설치1),서울,신규,EX-2026-07
OH-260816-0020,2026-08-16,17:29,오늘의집,,SB-M-EVR-Q,이브닝 리버서블 매트리스,Q,1,388700,169900,218800,설치완료,설치(용인 설치1),서울,재구매,EX-2026-07
OH-260816-0020,2026-08-16,17:29,오늘의집,,SB-T-ARB5-Q,올라운드 밸런스 토퍼 매트리스 5cm,Q,2,564400,253980,310420,설치완료,택배(안성1),서울,재구매,EX-2026-07
NV-260816-0002,2026-08-16,10:56,네이버 브랜드스토어,,SB-T-ARC-Q,올라운드 컴포트 토퍼 매트리스,Q,1,249700,0,249700,교환완료,택배(안성1),부산,신규,
OH-260816-0021,2026-08-16,11:36,오늘의집,,SB-A-DPM,딥뮤트 수면안대,단일,1,29000,0,29000,배송중,택배(안성1),서울,재구매,
OH-260816-0021,2026-08-16,11:36,오늘의집,,SB-T-ARB5-Q,올라운드 밸런스 토퍼 매트리스 5cm,Q,1,282200,126990,155210,배송중,택배(안성1),서울,재구매,EX-2026-07
OH-260816-0022,2026-08-16,20:19,오늘의집,,SB-T-NMX-SS,더 뉴 맥시멈 토퍼 매트리스,SS,1,426900,183700,243200,설치완료,택배(안성1),경기,신규,EX-2026-07
OH-260816-0023,2026-08-16,11:33,오늘의집,,SB-T-ARC-Q,올라운드 컴포트 토퍼 매트리스,Q,1,239400,107730,131670,배송완료,택배(안성1),대전,재구매,EX-2026-07
OH-260816-0024,2026-08-16,20:59,오늘의집,,SB-T-NMX-Q,더 뉴 맥시멈 토퍼 매트리스,Q,1,510600,213800,296800,배송완료,택배(안성1),강원,신규,EX-2026-07
OH-260816-0025,2026-08-16,17:53,오늘의집,,SB-T-ARC-Q,올라운드 컴포트 토퍼 매트리스,Q,1,239400,107730,131670,배송완료,택배(안성1),서울,신규,EX-2026-07
OH-260816-0026,2026-08-16,17:50,오늘의집,,SB-M-EVR-Q,이브닝 리버서블 매트리스,Q,1,388700,169900,218800,설치완료,설치(용인 설치1),서울,재구매,EX-2026-07
OH-260816-0026,2026-08-16,17:50,오늘의집,,SB-MO-EVM-Q,이브닝 모션 매트리스,Q,1,1084400,0,1084400,설치완료,설치(용인 설치1),서울,재구매,
OH-260816-0027,2026-08-16,11:27,오늘의집,,SB-T-ARC-Q,올라운드 컴포트 토퍼 매트리스,Q,2,478800,215460,263340,반품완료,택배(안성1),경기,신규,EX-2026-07
OH-260816-0028,2026-08-16,10:47,오늘의집,,SB-M-EVS-K,이브닝 스타릿 매트리스,K,1,723500,0,723500,배송중,설치(용인 설치1),경기,신규,
OH-260816-0029,2026-08-16,20:55,오늘의집,,SB-T-ARB5-Q,올라운드 밸런스 토퍼 매트리스 5cm,Q,1,282200,126990,155210,배송완료,택배(안성1),경기,신규,EX-2026-07
OH-260816-0030,2026-08-16,22:40,오늘의집,,SB-T-ARC-Q,올라운드 컴포트 토퍼 매트리스,Q,1,239400,107730,131670,배송완료,택배(안성1),경기,신규,EX-2026-07
HM-260816-0004,2026-08-16,16:57,자사몰,,SB-T-ARB7-Q,올라운드 밸런스 토퍼 매트리스 7cm,Q,1,306000,0,306000,배송완료,택배(안성1),경기,신규,
CP-260816-0002,2026-08-16,11:30,쿠팡 로켓,,SB-T-MAX-Q,맥시멈 토퍼 매트리스,Q,1,521600,0,521600,반품완료,택배(안성1),인천,신규,
OH-260816-0031,2026-08-16,20:58,오늘의집,,SB-T-ARC-Q,올라운드 컴포트 토퍼 매트리스,Q,1,239400,107730,131670,배송완료,택배(안성1),서울,신규,EX-2026-07
SG-260816-0001,2026-08-16,17:07,SSG닷컴,,SB-T-NMX-SS,더 뉴 맥시멈 토퍼 매트리스,SS,1,449800,0,449800,교환완료,택배(안성1),경기,재구매,
NV-260816-0003,2026-08-16,06:50,네이버 브랜드스토어,,SB-T-MAX-Q,맥시멈 토퍼 매트리스,Q,2,1065000,0,1065000,반품완료,택배(안성1),경남,신규,
NV-260816-0003,2026-08-16,06:50,네이버 브랜드스토어,,SB-M-EVR-Q,이브닝 리버서블 매트리스,Q,1,405500,0,405500,반품완료,설치(용인 설치1),경남,신규,
OH-260816-0032,2026-08-16,08:54,오늘의집,,SB-T-ARB5-Q,올라운드 밸런스 토퍼 매트리스 5cm,Q,1,282200,126990,155210,배송완료,택배(안성1),울산,신규,EX-2026-07
SG-260816-0002,2026-08-16,13:17,SSG닷컴,,SB-T-ARCP-Q,올라운드 컴포트 플러스 토퍼 매트리스,Q,1,288900,0,288900,설치완료,택배(안성1),경기,재구매,
OH-260816-0033,2026-08-16,07:33,오늘의집,,SB-T-ARB7-Q,올라운드 밸런스 토퍼 매트리스 7cm,Q,1,284600,0,284600,설치완료,택배(안성1),대전,신규,
OH-260816-0034,2026-08-16,11:54,오늘의집,,SB-T-ARB7-Q,올라운드 밸런스 토퍼 매트리스 7cm,Q,1,284600,0,284600,배송완료,택배(안성1),충남,재구매,
OH-260816-0035,2026-08-16,15:27,오늘의집,,SB-M-EVR-Q,이브닝 리버서블 매트리스,Q,1,388700,169900,218800,배송완료,설치(용인 설치1),경남,재구매,EX-2026-07
OH-260816-0036,2026-08-16,12:55,오늘의집,,SB-T-ARC-Q,올라운드 컴포트 토퍼 매트리스,Q,1,239400,107730,131670,배송완료,택배(안성1),대전,신규,EX-2026-07
HM-260816-0005,2026-08-16,13:49,자사몰,,SB-M-EVR-Q,이브닝 리버서블 매트리스,Q,1,418000,0,418000,배송완료,설치(용인 설치1),서울,신규,
OH-260816-0037,2026-08-16,17:24,오늘의집,,SB-M-EVS-Q,이브닝 스타릿 매트리스,Q,1,656600,0,656600,배송완료,설치(용인 설치1),경기,신규,
OH-260816-0038,2026-08-16,16:36,오늘의집,,SB-T-NMX-SS,더 뉴 맥시멈 토퍼 매트리스,SS,1,426900,183700,243200,배송완료,택배(안성1),울산,신규,EX-2026-07
OH-260816-0038,2026-08-16,16:36,오늘의집,,SB-MO-EVM-Q,이브닝 모션 매트리스,Q,1,1084400,0,1084400,배송완료,설치(용인 설치1),울산,신규,
NV-260816-0004,2026-08-16,09:04,네이버 브랜드스토어,,SB-M-EVR-Q,이브닝 리버서블 매트리스,Q,1,405500,0,405500,배송완료,설치(용인 설치1),경기,신규,
OH-260816-0039,2026-08-16,14:15,오늘의집,,SB-M-EVR-Q,이브닝 리버서블 매트리스,Q,1,388700,169900,218800,설치완료,설치(용인 설치1),경기,재구매,EX-2026-07
OH-260816-0040,2026-08-16,19:40,오늘의집,,SB-T-NMX-SS,더 뉴 맥시멈 토퍼 매트리스,SS,1,426900,183700,243200,배송완료,택배(안성1),경기,신규,EX-2026-07
OH-260816-0041,2026-08-16,13:43,오늘의집,,SB-M-DFB-Q,딥플로우 밸런스 매트리스,Q,1,500700,0,500700,배송완료,설치(용인 설치1),인천,신규,
OH-260816-0042,2026-08-16,11:35,오늘의집,,SB-P-CLL,클라우드 LOW 경추 베개,단일,1,51400,0,51400,배송완료,택배(안성1),인천,신규,
OH-260816-0043,2026-08-16,13:21,오늘의집,,SB-T-ARC-Q,올라운드 컴포트 토퍼 매트리스,Q,2,478800,215460,263340,배송완료,택배(안성1),서울,재구매,EX-2026-07
OH-260816-0044,2026-08-16,12:43,오늘의집,,SB-M-EVR-S,이브닝 리버서블 매트리스,S,1,334700,0,334700,배송완료,설치(용인 설치1),서울,신규,
OH-260816-0045,2026-08-16,21:19,오늘의집,,SB-T-ARB5-Q,올라운드 밸런스 토퍼 매트리스 5cm,Q,1,282200,126990,155210,배송완료,택배(안성1),인천,신규,EX-2026-07
NV-260816-0005,2026-08-16,07:51,네이버 브랜드스토어,,SB-M-DFC-Q,딥플로우 컴포트 매트리스,Q,1,594400,0,594400,배송완료,설치(용인 설치1),부산,재구매,
NV-260816-0006,2026-08-16,11:52,네이버 브랜드스토어,,SB-M-DFC-Q,딥플로우 컴포트 매트리스,Q,1,594400,0,594400,설치완료,설치(용인 설치1),서울,신규,
OH-260816-0046,2026-08-16,18:41,오늘의집,,SB-P-CLB,클라우드 버디 베개,단일,1,58800,0,58800,설치완료,택배(안성1),대구,재구매,
OH-260816-0047,2026-08-16,17:45,오늘의집,,SB-T-ARB5-Q,올라운드 밸런스 토퍼 매트리스 5cm,Q,1,282200,126990,155210,배송완료,택배(안성1),서울,재구매,EX-2026-07
OH-260816-0048,2026-08-16,20:12,오늘의집,,SB-M-EVR-SS,이브닝 리버서블 매트리스,SS,1,364600,0,364600,배송완료,설치(용인 설치1),경기,재구매,
OH-260816-0048,2026-08-16,20:12,오늘의집,,SB-T-NMX-SS,더 뉴 맥시멈 토퍼 매트리스,SS,1,426900,183700,243200,배송완료,택배(안성1),경기,재구매,EX-2026-07
CP-260816-0003,2026-08-16,19:54,쿠팡 로켓,,SB-T-ARC-Q,올라운드 컴포트 토퍼 매트리스,Q,1,244500,0,244500,설치완료,택배(안성1),서울,재구매,
OH-260816-0049,2026-08-16,17:08,오늘의집,,SB-T-NMX-SS,더 뉴 맥시멈 토퍼 매트리스,SS,1,426900,183700,243200,배송완료,택배(안성1),부산,신규,EX-2026-07
NV-260816-0007,2026-08-16,02:18,네이버 브랜드스토어,,SB-T-NMX-SS,더 뉴 맥시멈 토퍼 매트리스,SS,1,445200,0,445200,배송중,택배(안성1),대구,재구매,
OH-260816-0050,2026-08-16,18:33,오늘의집,,SB-T-NMX-SS,더 뉴 맥시멈 토퍼 매트리스,SS,1,426900,183700,243200,교환완료,택배(안성1),광주,신규,EX-2026-07
OH-260817-0001,2026-08-17,16:13,오늘의집,,SB-T-NMX-Q,더 뉴 맥시멈 토퍼 매트리스,Q,1,510600,213800,296800,설치완료,택배(안성1),서울,재구매,EX-2026-07
OH-260817-0002,2026-08-17,15:18,오늘의집,,SB-T-NMX-SS,더 뉴 맥시멈 토퍼 매트리스,SS,1,426900,183700,243200,배송완료,택배(안성1),서울,재구매,EX-2026-07
HM-260817-0001,2026-08-17,11:04,자사몰,,SB-T-NMX-Q,더 뉴 맥시멈 토퍼 매트리스,Q,1,549000,0,549000,설치완료,택배(안성1),인천,신규,
OH-260817-0003,2026-08-17,06:51,오늘의집,,SB-T-NMX-Q,더 뉴 맥시멈 토퍼 매트리스,Q,1,510600,213800,296800,반품완료,택배(안성1),서울,재구매,EX-2026-07
OH-260817-0004,2026-08-17,08:15,오늘의집,,SB-T-ARC-Q,올라운드 컴포트 토퍼 매트리스,Q,1,239400,107730,131670,배송완료,택배(안성1),인천,신규,EX-2026-07
SG-260817-0001,2026-08-17,21:40,SSG닷컴,,SB-T-ARC-Q,올라운드 컴포트 토퍼 매트리스,Q,1,252300,0,252300,배송중,택배(안성1),서울,신규,
OH-260817-0005,2026-08-17,19:39,오늘의집,,SB-M-EVR-Q,이브닝 리버서블 매트리스,Q,1,388700,169900,218800,배송완료,설치(용인 설치1),경기,신규,EX-2026-07
OH-260817-0006,2026-08-17,15:00,오늘의집,,SB-M-ORG-Q,오리지널 매트리스 미디엄 소프트,Q,1,441800,0,441800,배송완료,설치(용인 설치1),경기,신규,
OH-260817-0006,2026-08-17,15:00,오늘의집,,SB-T-NMX-SS,더 뉴 맥시멈 토퍼 매트리스,SS,1,426900,183700,243200,배송완료,택배(안성1),경기,신규,EX-2026-07
OH-260817-0007,2026-08-17,12:54,오늘의집,,SB-T-ARB5-Q,올라운드 밸런스 토퍼 매트리스 5cm,Q,2,564400,253980,310420,배송완료,택배(안성1),대구,신규,EX-2026-07
OH-260817-0007,2026-08-17,12:54,오늘의집,,SB-T-NMX-SS,더 뉴 맥시멈 토퍼 매트리스,SS,1,426900,183700,243200,배송완료,택배(안성1),대구,신규,EX-2026-07
OH-260817-0008,2026-08-17,11:19,오늘의집,,SB-T-ARC-Q,올라운드 컴포트 토퍼 매트리스,Q,1,239400,107730,131670,설치완료,택배(안성1),대전,신규,EX-2026-07
OH-260817-0008,2026-08-17,11:19,오늘의집,,SB-T-NMX-SS,더 뉴 맥시멈 토퍼 매트리스,SS,2,853800,367400,486400,설치완료,택배(안성1),대전,신규,EX-2026-07
OH-260817-0008,2026-08-17,11:19,오늘의집,,SB-M-ORG-Q,오리지널 매트리스 미디엄 소프트,Q,1,441800,0,441800,설치완료,설치(용인 설치1),대전,신규,
OH-260817-0009,2026-08-17,05:45,오늘의집,,SB-M-EVR-Q,이브닝 리버서블 매트리스,Q,1,388700,169900,218800,설치완료,설치(용인 설치1),서울,신규,EX-2026-07
OH-260817-0010,2026-08-17,15:06,오늘의집,,SB-T-ARB5-SS,올라운드 밸런스 토퍼 매트리스 5cm,SS,1,236400,0,236400,교환완료,택배(안성1),경기,신규,
OH-260817-0011,2026-08-17,20:54,오늘의집,,SB-T-ARC-Q,올라운드 컴포트 토퍼 매트리스,Q,1,239400,107730,131670,설치완료,택배(안성1),서울,신규,EX-2026-07
CP-260817-0001,2026-08-17,14:56,쿠팡 로켓,,SB-T-NMX-Q,더 뉴 맥시멈 토퍼 매트리스,Q,1,521600,0,521600,배송완료,택배(안성1),경기,신규,
CP-260817-0001,2026-08-17,14:56,쿠팡 로켓,,SB-M-EVR-SS,이브닝 리버서블 매트리스,SS,1,372400,0,372400,배송완료,설치(용인 설치1),경기,신규,
OH-260817-0012,2026-08-17,20:24,오늘의집,,SB-T-ARC-Q,올라운드 컴포트 토퍼 매트리스,Q,1,239400,107730,131670,배송완료,택배(안성1),서울,신규,EX-2026-07
OH-260817-0013,2026-08-17,12:45,오늘의집,,SB-M-EVR-Q,이브닝 리버서블 매트리스,Q,1,388700,169900,218800,설치완료,설치(용인 설치1),서울,신규,EX-2026-07
OH-260817-0014,2026-08-17,18:34,오늘의집,,SB-T-ARB5-Q,올라운드 밸런스 토퍼 매트리스 5cm,Q,1,282200,126990,155210,설치완료,택배(안성1),경기,신규,EX-2026-07
OH-260817-0015,2026-08-17,21:08,오늘의집,,SB-T-NMX-Q,더 뉴 맥시멈 토퍼 매트리스,Q,1,510600,213800,296800,배송완료,택배(안성1),광주,신규,EX-2026-07
NV-260817-0001,2026-08-17,20:06,네이버 브랜드스토어,,SB-M-DFC-Q,딥플로우 컴포트 매트리스,Q,1,594400,0,594400,취소,설치(용인 설치1),서울,재구매,
OH-260817-0016,2026-08-17,16:02,오늘의집,,SB-T-NMX-Q,더 뉴 맥시멈 토퍼 매트리스,Q,1,510600,213800,296800,배송완료,택배(안성1),제주,재구매,EX-2026-07
OH-260817-0017,2026-08-17,18:01,오늘의집,,SB-M-EVR-Q,이브닝 리버서블 매트리스,Q,1,388700,169900,218800,배송완료,설치(용인 설치1),서울,재구매,EX-2026-07
OH-260817-0018,2026-08-17,18:12,오늘의집,,SB-M-DFC-Q,딥플로우 컴포트 매트리스,Q,1,569900,0,569900,배송완료,설치(용인 설치1),경기,신규,
OH-260817-0019,2026-08-17,10:37,오늘의집,,SB-T-ARC-Q,올라운드 컴포트 토퍼 매트리스,Q,1,239400,107730,131670,교환완료,택배(안성1),경기,신규,EX-2026-07
OH-260817-0020,2026-08-17,19:05,오늘의집,,SB-T-NMX-Q,더 뉴 맥시멈 토퍼 매트리스,Q,2,1021200,427600,593600,설치완료,택배(안성1),서울,신규,EX-2026-07
OH-260817-0021,2026-08-17,20:19,오늘의집,,SB-T-NMX-Q,더 뉴 맥시멈 토퍼 매트리스,Q,1,510600,213800,296800,설치완료,택배(안성1),충남,신규,EX-2026-07
OH-260817-0022,2026-08-17,08:09,오늘의집,,SB-T-NMX-Q,더 뉴 맥시멈 토퍼 매트리스,Q,1,510600,213800,296800,배송완료,택배(안성1),서울,신규,EX-2026-07
NV-260817-0002,2026-08-17,22:39,네이버 브랜드스토어,,SB-T-ARB5-Q,올라운드 밸런스 토퍼 매트리스 5cm,Q,1,294300,0,294300,배송완료,택배(안성1),대구,재구매,
OH-260817-0023,2026-08-17,14:41,오늘의집,,SB-M-EVR-Q,이브닝 리버서블 매트리스,Q,1,388700,169900,218800,배송완료,설치(용인 설치1),경기,재구매,EX-2026-07
OH-260817-0024,2026-08-17,14:57,오늘의집,,SB-M-EVR-Q,이브닝 리버서블 매트리스,Q,1,388700,169900,218800,배송완료,설치(용인 설치1),광주,신규,EX-2026-07
OH-260817-0025,2026-08-17,08:17,오늘의집,,SB-T-NMX-SS,더 뉴 맥시멈 토퍼 매트리스,SS,1,426900,183700,243200,설치완료,택배(안성1),부산,재구매,EX-2026-07
OH-260817-0026,2026-08-17,11:06,오늘의집,,SB-T-NMX-SS,더 뉴 맥시멈 토퍼 매트리스,SS,1,426900,183700,243200,취소,택배(안성1),대전,신규,EX-2026-07
OH-260817-0027,2026-08-17,11:12,오늘의집,,SB-T-ARB5-Q,올라운드 밸런스 토퍼 매트리스 5cm,Q,1,282200,126990,155210,설치완료,택배(안성1),울산,재구매,EX-2026-07
OH-260817-0028,2026-08-17,08:03,오늘의집,,SB-T-ARC-Q,올라운드 컴포트 토퍼 매트리스,Q,1,239400,107730,131670,배송완료,택배(안성1),경기,신규,EX-2026-07
OH-260817-0028,2026-08-17,08:03,오늘의집,,SB-M-EVR-Q,이브닝 리버서블 매트리스,Q,1,388700,169900,218800,배송완료,설치(용인 설치1),경기,신규,EX-2026-07
OH-260817-0029,2026-08-17,09:26,오늘의집,,SB-M-EVR-Q,이브닝 리버서블 매트리스,Q,1,388700,169900,218800,배송완료,설치(용인 설치1),충남,신규,EX-2026-07
OH-260817-0030,2026-08-17,16:52,오늘의집,,SB-T-ARB5-Q,올라운드 밸런스 토퍼 매트리스 5cm,Q,1,282200,126990,155210,배송중,택배(안성1),울산,신규,EX-2026-07
CP-260817-0002,2026-08-17,13:33,쿠팡 로켓,,SB-T-NMX-Q,더 뉴 맥시멈 토퍼 매트리스,Q,2,1043200,0,1043200,반품완료,택배(안성1),경기,신규,
OH-260817-0031,2026-08-17,10:12,오늘의집,,SB-T-NMX-Q,더 뉴 맥시멈 토퍼 매트리스,Q,1,510600,213800,296800,배송완료,택배(안성1),강원,재구매,EX-2026-07
OH-260817-0031,2026-08-17,10:12,오늘의집,,SB-A-DPM,딥뮤트 수면안대,단일,1,29000,0,29000,배송완료,택배(안성1),강원,재구매,
OH-260817-0032,2026-08-17,21:12,오늘의집,,SB-M-EVR-Q,이브닝 리버서블 매트리스,Q,1,388700,169900,218800,설치완료,설치(용인 설치1),경기,재구매,EX-2026-07
OH-260817-0033,2026-08-17,13:26,오늘의집,,SB-T-NMX-Q,더 뉴 맥시멈 토퍼 매트리스,Q,1,510600,213800,296800,배송완료,택배(안성1),울산,신규,EX-2026-07
CP-260817-0003,2026-08-17,11:51,쿠팡 로켓,,SB-T-ARC-Q,올라운드 컴포트 토퍼 매트리스,Q,2,489000,0,489000,반품완료,택배(안성1),서울,신규,
OH-260817-0034,2026-08-17,22:46,오늘의집,,SB-T-ARB5-Q,올라운드 밸런스 토퍼 매트리스 5cm,Q,1,282200,126990,155210,배송완료,택배(안성1),대전,재구매,EX-2026-07
ST-260817-0001,2026-08-17,21:16,직영매장,노원,SB-M-EVR-Q,이브닝 리버서블 매트리스,Q,1,438900,0,438900,취소,설치(용인 설치1),부산,신규,
ST-260817-0001,2026-08-17,21:16,직영매장,노원,SB-T-NMX-Q,더 뉴 맥시멈 토퍼 매트리스,Q,1,576400,0,576400,취소,설치(용인 설치1),부산,신규,
OH-260817-0035,2026-08-17,07:16,오늘의집,,SB-T-ARC-Q,올라운드 컴포트 토퍼 매트리스,Q,1,239400,107730,131670,설치완료,택배(안성1),인천,신규,EX-2026-07
OH-260817-0036,2026-08-17,09:15,오늘의집,,SB-T-NMX-SS,더 뉴 맥시멈 토퍼 매트리스,SS,2,853800,367400,486400,배송완료,택배(안성1),경기,재구매,EX-2026-07
OH-260817-0037,2026-08-17,19:31,오늘의집,,SB-T-NMX-Q,더 뉴 맥시멈 토퍼 매트리스,Q,1,510600,213800,296800,배송완료,택배(안성1),부산,신규,EX-2026-07
OH-260817-0037,2026-08-17,19:31,오늘의집,,SB-T-ARB5-Q,올라운드 밸런스 토퍼 매트리스 5cm,Q,1,282200,126990,155210,배송완료,택배(안성1),부산,신규,EX-2026-07
OH-260817-0038,2026-08-17,23:14,오늘의집,,SB-T-NMX-SS,더 뉴 맥시멈 토퍼 매트리스,SS,2,853800,367400,486400,배송완료,택배(안성1),서울,신규,EX-2026-07
OH-260817-0039,2026-08-17,21:57,오늘의집,,SB-T-ARCP-Q,올라운드 컴포트 플러스 토퍼 매트리스,Q,2,548400,0,548400,배송완료,택배(안성1),경기,신규,
OH-260817-0039,2026-08-17,21:57,오늘의집,,SB-P-CLL,클라우드 LOW 경추 베개,단일,2,102800,0,102800,배송완료,택배(안성1),경기,신규,
OH-260817-0039,2026-08-17,21:57,오늘의집,,SB-M-DFB-Q,딥플로우 밸런스 매트리스,Q,1,500700,0,500700,배송완료,설치(용인 설치1),경기,신규,
OH-260817-0040,2026-08-17,08:13,오늘의집,,SB-T-NMX-SS,더 뉴 맥시멈 토퍼 매트리스,SS,1,426900,183700,243200,설치완료,택배(안성1),광주,신규,EX-2026-07
OH-260817-0040,2026-08-17,08:13,오늘의집,,SB-T-NMX-Q,더 뉴 맥시멈 토퍼 매트리스,Q,2,1021200,427600,593600,설치완료,택배(안성1),광주,신규,EX-2026-07
OH-260817-0041,2026-08-17,03:48,오늘의집,,SB-T-NMX-Q,더 뉴 맥시멈 토퍼 매트리스,Q,1,510600,213800,296800,설치완료,택배(안성1),제주,신규,EX-2026-07
OH-260817-0042,2026-08-17,05:43,오늘의집,,SB-P-CLB,클라우드 버디 베개,단일,1,58800,0,58800,배송중,택배(안성1),서울,신규,
OH-260817-0042,2026-08-17,05:43,오늘의집,,SB-T-NMX-Q,더 뉴 맥시멈 토퍼 매트리스,Q,2,1021200,427600,593600,배송중,택배(안성1),서울,신규,EX-2026-07
CP-260817-0004,2026-08-17,20:24,쿠팡 로켓,,SB-T-ARB5-Q,올라운드 밸런스 토퍼 매트리스 5cm,Q,1,288200,0,288200,배송중,택배(안성1),서울,신규,
OH-260817-0043,2026-08-17,13:34,오늘의집,,SB-M-EVR-Q,이브닝 리버서블 매트리스,Q,1,388700,169900,218800,배송완료,설치(용인 설치1),경남,신규,EX-2026-07
OH-260817-0044,2026-08-17,15:49,오늘의집,,SB-T-ARC-Q,올라운드 컴포트 토퍼 매트리스,Q,1,239400,107730,131670,설치완료,택배(안성1),경기,재구매,EX-2026-07
OH-260817-0045,2026-08-17,19:00,오늘의집,,SB-T-NMX-Q,더 뉴 맥시멈 토퍼 매트리스,Q,2,1021200,427600,593600,배송완료,택배(안성1),인천,신규,EX-2026-07
OH-260817-0046,2026-08-17,19:32,오늘의집,,SB-F-AMD-KK,아몬드 무헤드형 침대,KK,1,911400,0,911400,배송완료,설치(용인 설치1),충남,재구매,
OH-260817-0047,2026-08-17,08:45,오늘의집,,SB-T-ARB5-Q,올라운드 밸런스 토퍼 매트리스 5cm,Q,1,282200,126990,155210,설치완료,택배(안성1),서울,신규,EX-2026-07
OH-260817-0047,2026-08-17,08:45,오늘의집,,SB-M-EVR-Q,이브닝 리버서블 매트리스,Q,1,388700,169900,218800,설치완료,설치(용인 설치1),서울,신규,EX-2026-07
OH-260817-0048,2026-08-17,07:01,오늘의집,,SB-M-EVR-Q,이브닝 리버서블 매트리스,Q,1,388700,169900,218800,배송완료,설치(용인 설치1),경기,신규,EX-2026-07
OH-260817-0048,2026-08-17,07:01,오늘의집,,SB-T-ARC-Q,올라운드 컴포트 토퍼 매트리스,Q,1,239400,107730,131670,배송완료,택배(안성1),경기,신규,EX-2026-07
CP-260817-0005,2026-08-17,10:26,쿠팡 로켓,,SB-M-EVR-SS,이브닝 리버서블 매트리스,SS,1,372400,0,372400,설치완료,설치(용인 설치1),인천,신규,
OH-260817-0049,2026-08-17,13:47,오늘의집,,SB-T-ARB5-Q,올라운드 밸런스 토퍼 매트리스 5cm,Q,1,282200,126990,155210,배송완료,택배(안성1),대구,재구매,EX-2026-07
OH-260817-0049,2026-08-17,13:47,오늘의집,,SB-T-NMX-Q,더 뉴 맥시멈 토퍼 매트리스,Q,1,510600,213800,296800,배송완료,택배(안성1),대구,재구매,EX-2026-07
OH-260817-0050,2026-08-17,14:38,오늘의집,,SB-T-ARC-Q,올라운드 컴포트 토퍼 매트리스,Q,1,239400,107730,131670,배송완료,택배(안성1),경기,신규,EX-2026-07
ST-260817-0002,2026-08-17,12:10,직영매장,송파,SB-T-NMX-SS,더 뉴 맥시멈 토퍼 매트리스,SS,1,482000,0,482000,설치완료,설치(용인 설치1),인천,신규,
OH-260817-0051,2026-08-17,16:37,오늘의집,,SB-T-ARB7-SS,올라운드 밸런스 토퍼 매트리스 7cm,SS,2,479200,0,479200,교환완료,택배(안성1),서울,신규,
NV-260818-0001,2026-08-18,19:01,네이버 브랜드스토어,,SB-T-MAX-Q,맥시멈 토퍼 매트리스,Q,1,532500,0,532500,반품완료,택배(안성1),충남,재구매,
HM-260818-0001,2026-08-18,09:17,자사몰,,SB-M-EVS-Q,이브닝 스타릿 매트리스,Q,1,706000,0,706000,설치완료,설치(용인 설치1),대구,신규,
HM-260818-0001,2026-08-18,09:17,자사몰,,SB-P-CLB,클라우드 버디 베개,단일,1,63200,0,63200,설치완료,택배(안성1),대구,신규,
HM-260818-0001,2026-08-18,09:17,자사몰,,SB-A-DPM,딥뮤트 수면안대,단일,2,62400,0,62400,설치완료,택배(안성1),대구,신규,
NV-260818-0002,2026-08-18,18:30,네이버 브랜드스토어,,SB-M-DFC-Q,딥플로우 컴포트 매트리스,Q,1,594400,0,594400,배송완료,설치(용인 설치1),경기,신규,
CP-260818-0001,2026-08-18,17:38,쿠팡 로켓,,SB-T-ARC-SS,올라운드 컴포트 토퍼 매트리스,SS,1,207500,0,207500,설치완료,택배(안성1),서울,신규,
CP-260818-0001,2026-08-18,17:38,쿠팡 로켓,,SB-MO-EVM-Q,이브닝 모션 매트리스,Q,1,1107700,0,1107700,설치완료,설치(용인 설치1),서울,신규,
ST-260818-0001,2026-08-18,07:49,직영매장,슬로우나잇 스타필드 수원,SB-A-DPM,딥뮤트 수면안대,단일,1,32800,0,32800,배송중,매장수령,대전,신규,
ST-260818-0001,2026-08-18,07:49,직영매장,슬로우나잇 스타필드 수원,SB-T-ARC-Q,올라운드 컴포트 토퍼 매트리스,Q,1,270300,0,270300,배송중,설치(용인 설치1),대전,신규,
ST-260818-0001,2026-08-18,07:49,직영매장,슬로우나잇 스타필드 수원,SB-P-CLL,클라우드 LOW 경추 베개,단일,1,58000,0,58000,배송중,매장수령,대전,신규,
HM-260818-0002,2026-08-18,16:36,자사몰,,SB-T-MAX-Q,맥시멈 토퍼 매트리스,Q,1,549000,0,549000,설치완료,택배(안성1),대구,신규,
HM-260818-0002,2026-08-18,16:36,자사몰,,SB-P-CLL,클라우드 LOW 경추 베개,단일,1,55200,0,55200,설치완료,택배(안성1),대구,신규,
HM-260818-0003,2026-08-18,07:15,자사몰,,SB-M-EVR-SS,이브닝 리버서블 매트리스,SS,1,392000,0,392000,설치완료,설치(용인 설치1),서울,신규,
NV-260819-0001,2026-08-19,07:11,네이버 브랜드스토어,,SB-M-EVR-S,이브닝 리버서블 매트리스,S,1,349100,0,349100,설치완료,설치(용인 설치1),강원,신규,
CJ-260819-0001,2026-08-19,09:05,CJ온스타일,,SB-T-ARB5-Q,올라운드 밸런스 토퍼 매트리스 5cm,Q,2,582600,0,582600,취소,택배(안성1),부산,신규,
NV-260819-0002,2026-08-19,00:29,네이버 브랜드스토어,,SB-M-EVR-S,이브닝 리버서블 매트리스,S,1,349100,0,349100,설치완료,설치(용인 설치1),경기,신규,
NV-260819-0002,2026-08-19,00:29,네이버 브랜드스토어,,SB-MO-EVM-Q,이브닝 모션 매트리스,Q,1,1131000,0,1131000,설치완료,설치(용인 설치1),경기,신규,
CP-260819-0001,2026-08-19,02:59,쿠팡 로켓,,SB-T-ARB5-Q,올라운드 밸런스 토퍼 매트리스 5cm,Q,2,576400,0,576400,배송완료,택배(안성1),경기,신규,
NV-260819-0003,2026-08-19,16:16,네이버 브랜드스토어,,SB-T-NMX-Q,더 뉴 맥시멈 토퍼 매트리스,Q,2,1065000,0,1065000,배송완료,택배(안성1),광주,신규,
NV-260819-0004,2026-08-19,10:37,네이버 브랜드스토어,,SB-M-EVR-Q,이브닝 리버서블 매트리스,Q,1,405500,0,405500,배송완료,설치(용인 설치1),서울,재구매,
SG-260819-0001,2026-08-19,15:04,SSG닷컴,,SB-T-NMX-SS,더 뉴 맥시멈 토퍼 매트리스,SS,1,449800,0,449800,배송완료,택배(안성1),경기,재구매,
NV-260820-0001,2026-08-20,19:11,네이버 브랜드스토어,,SB-M-EVS-K,이브닝 스타릿 매트리스,K,1,754700,160800,593900,설치완료,설치(용인 설치1),경기,신규,LV-2026-06
NV-260820-0002,2026-08-20,01:48,네이버 브랜드스토어,,SB-M-EVS-K,이브닝 스타릿 매트리스,K,1,754700,160800,593900,설치완료,설치(용인 설치1),인천,신규,LV-2026-06
NV-260820-0002,2026-08-20,01:48,네이버 브랜드스토어,,SB-T-NMX-Q,더 뉴 맥시멈 토퍼 매트리스,Q,1,532500,0,532500,설치완료,택배(안성1),인천,신규,
NV-260820-0003,2026-08-20,20:38,네이버 브랜드스토어,,SB-T-NMX-Q,더 뉴 맥시멈 토퍼 매트리스,Q,1,532500,0,532500,교환완료,택배(안성1),경기,신규,
NV-260820-0003,2026-08-20,20:38,네이버 브랜드스토어,,SB-M-EVS-Q,이브닝 스타릿 매트리스,Q,1,684800,149600,535200,교환완료,설치(용인 설치1),경기,신규,LV-2026-06
NV-260820-0003,2026-08-20,20:38,네이버 브랜드스토어,,SB-M-EVS-K,이브닝 스타릿 매트리스,K,1,754700,160800,593900,교환완료,설치(용인 설치1),경기,신규,LV-2026-06
NV-260820-0004,2026-08-20,18:25,네이버 브랜드스토어,,SB-M-EVS-K,이브닝 스타릿 매트리스,K,1,754700,160800,593900,배송완료,설치(용인 설치1),서울,신규,LV-2026-06
NV-260820-0004,2026-08-20,18:25,네이버 브랜드스토어,,SB-M-EVS-Q,이브닝 스타릿 매트리스,Q,1,684800,149600,535200,배송완료,설치(용인 설치1),서울,신규,LV-2026-06
HM-260820-0001,2026-08-20,12:28,자사몰,,SB-M-EVS-K,이브닝 스타릿 매트리스,K,1,778000,0,778000,배송완료,설치(용인 설치1),서울,신규,
NV-260820-0005,2026-08-20,09:13,네이버 브랜드스토어,,SB-M-EVS-K,이브닝 스타릿 매트리스,K,1,754700,160800,593900,배송완료,설치(용인 설치1),대구,신규,LV-2026-06
NV-260820-0006,2026-08-20,16:48,네이버 브랜드스토어,,SB-M-EVS-Q,이브닝 스타릿 매트리스,Q,1,684800,149600,535200,배송완료,설치(용인 설치1),경기,신규,LV-2026-06
OH-260820-0001,2026-08-20,09:00,오늘의집,,SB-M-EVS-Q,이브닝 스타릿 매트리스,Q,1,656600,0,656600,교환완료,설치(용인 설치1),서울,신규,
CP-260820-0001,2026-08-20,17:42,쿠팡 로켓,,SB-M-EVS-Q,이브닝 스타릿 매트리스,Q,1,670700,0,670700,배송중,설치(용인 설치1),경기,신규,
CP-260820-0001,2026-08-20,17:42,쿠팡 로켓,,SB-M-EVR-SS,이브닝 리버서블 매트리스,SS,1,372400,0,372400,배송중,설치(용인 설치1),경기,신규,
NV-260820-0007,2026-08-20,15:30,네이버 브랜드스토어,,SB-M-EVS-Q,이브닝 스타릿 매트리스,Q,1,684800,149600,535200,배송완료,설치(용인 설치1),경기,재구매,LV-2026-06
NV-260820-0008,2026-08-20,16:46,네이버 브랜드스토어,,SB-M-EVS-Q,이브닝 스타릿 매트리스,Q,1,684800,149600,535200,설치완료,설치(용인 설치1),경기,신규,LV-2026-06
NV-260820-0009,2026-08-20,14:43,네이버 브랜드스토어,,SB-T-ARC-Q,올라운드 컴포트 토퍼 매트리스,Q,1,249700,0,249700,배송완료,택배(안성1),부산,신규,
NV-260820-0010,2026-08-20,06:53,네이버 브랜드스토어,,SB-M-EVS-Q,이브닝 스타릿 매트리스,Q,1,684800,149600,535200,배송완료,설치(용인 설치1),경기,신규,LV-2026-06
SG-260820-0001,2026-08-20,07:28,SSG닷컴,,SB-P-CLL,클라우드 LOW 경추 베개,단일,2,108200,0,108200,배송완료,택배(안성1),서울,신규,
SG-260820-0001,2026-08-20,07:28,SSG닷컴,,SB-T-MAX-SS,맥시멈 토퍼 매트리스,SS,1,449800,0,449800,배송완료,택배(안성1),서울,신규,
NV-260820-0011,2026-08-20,06:17,네이버 브랜드스토어,,SB-T-NMX-Q,더 뉴 맥시멈 토퍼 매트리스,Q,1,532500,0,532500,설치완료,택배(안성1),인천,재구매,
ST-260820-0001,2026-08-20,05:44,직영매장,용산,SB-M-EVS-Q,이브닝 스타릿 매트리스,Q,1,741300,0,741300,배송중,설치(용인 설치1),경기,재구매,
NV-260820-0012,2026-08-20,09:49,네이버 브랜드스토어,,SB-M-EVS-K,이브닝 스타릿 매트리스,K,1,754700,160800,593900,설치완료,설치(용인 설치1),대구,신규,LV-2026-06
NV-260820-0013,2026-08-20,18:59,네이버 브랜드스토어,,SB-M-EVS-K,이브닝 스타릿 매트리스,K,1,754700,160800,593900,설치완료,설치(용인 설치1),경기,신규,LV-2026-06
SG-260820-0002,2026-08-20,06:57,SSG닷컴,,SB-T-ARB7-Q,올라운드 밸런스 토퍼 매트리스 7cm,Q,1,299900,0,299900,배송완료,택배(안성1),강원,재구매,
SG-260820-0002,2026-08-20,06:57,SSG닷컴,,SB-M-EVS-K,이브닝 스타릿 매트리스,K,1,762400,0,762400,배송완료,설치(용인 설치1),강원,재구매,
NV-260820-0014,2026-08-20,11:18,네이버 브랜드스토어,,SB-MO-EVM-SS,이브닝 모션 매트리스,SS,1,1039800,0,1039800,배송완료,설치(용인 설치1),경기,재구매,
NV-260820-0015,2026-08-20,18:04,네이버 브랜드스토어,,SB-A-DPM,딥뮤트 수면안대,단일,2,60600,0,60600,배송완료,택배(안성1),인천,신규,
NV-260820-0016,2026-08-20,22:24,네이버 브랜드스토어,,SB-T-NMX-Q,더 뉴 맥시멈 토퍼 매트리스,Q,1,532500,0,532500,취소,택배(안성1),부산,신규,
NV-260820-0016,2026-08-20,22:24,네이버 브랜드스토어,,SB-F-BAU-O,바우 키즈 원목 오픈형 데이베드 침대,SS,1,581000,0,581000,취소,설치(용인 설치1),부산,신규,
OH-260820-0002,2026-08-20,17:39,오늘의집,,SB-M-EVR-S,이브닝 리버서블 매트리스,S,1,334700,0,334700,반품완료,설치(용인 설치1),경기,재구매,
NV-260820-0017,2026-08-20,10:47,네이버 브랜드스토어,,SB-M-EVS-Q,이브닝 스타릿 매트리스,Q,1,684800,149600,535200,배송완료,설치(용인 설치1),경남,신규,LV-2026-06
OH-260820-0003,2026-08-20,23:21,오늘의집,,SB-M-EVS-K,이브닝 스타릿 매트리스,K,1,723500,0,723500,설치완료,설치(용인 설치1),부산,신규,
NV-260820-0018,2026-08-20,22:43,네이버 브랜드스토어,,SB-M-EVS-Q,이브닝 스타릿 매트리스,Q,1,684800,149600,535200,설치완료,설치(용인 설치1),서울,신규,LV-2026-06
NV-260820-0019,2026-08-20,14:47,네이버 브랜드스토어,,SB-P-CLL,클라우드 LOW 경추 베개,단일,1,53600,0,53600,설치완료,택배(안성1),경기,재구매,
NV-260820-0019,2026-08-20,14:47,네이버 브랜드스토어,,SB-T-ARB5-Q,올라운드 밸런스 토퍼 매트리스 5cm,Q,1,294300,0,294300,설치완료,택배(안성1),경기,재구매,
NV-260820-0020,2026-08-20,22:07,네이버 브랜드스토어,,SB-M-EVS-K,이브닝 스타릿 매트리스,K,1,754700,160800,593900,설치완료,설치(용인 설치1),경기,신규,LV-2026-06
NV-260820-0020,2026-08-20,22:07,네이버 브랜드스토어,,SB-T-NMX-SS,더 뉴 맥시멈 토퍼 매트리스,SS,1,445200,0,445200,설치완료,택배(안성1),경기,신규,
NV-260820-0021,2026-08-20,21:29,네이버 브랜드스토어,,SB-M-EVS-Q,이브닝 스타릿 매트리스,Q,1,684800,149600,535200,배송완료,설치(용인 설치1),부산,신규,LV-2026-06
NV-260820-0022,2026-08-20,12:04,네이버 브랜드스토어,,SB-M-EVS-K,이브닝 스타릿 매트리스,K,1,754700,160800,593900,배송완료,설치(용인 설치1),경남,신규,LV-2026-06
NV-260820-0023,2026-08-20,11:06,네이버 브랜드스토어,,SB-P-CLL,클라우드 LOW 경추 베개,단일,2,107200,0,107200,설치완료,택배(안성1),인천,재구매,
NV-260820-0024,2026-08-20,19:46,네이버 브랜드스토어,,SB-T-ARCP-Q,올라운드 컴포트 플러스 토퍼 매트리스,Q,1,286000,0,286000,배송완료,택배(안성1),경기,신규,
NV-260820-0025,2026-08-20,09:37,네이버 브랜드스토어,,SB-M-EVS-Q,이브닝 스타릿 매트리스,Q,1,684800,149600,535200,설치완료,설치(용인 설치1),경기,재구매,LV-2026-06
NV-260820-0026,2026-08-20,16:15,네이버 브랜드스토어,,SB-M-EVS-K,이브닝 스타릿 매트리스,K,1,754700,160800,593900,배송완료,설치(용인 설치1),경기,신규,LV-2026-06
NV-260820-0026,2026-08-20,16:15,네이버 브랜드스토어,,SB-T-NMX-Q,더 뉴 맥시멈 토퍼 매트리스,Q,1,532500,0,532500,배송완료,택배(안성1),경기,신규,
NV-260820-0026,2026-08-20,16:15,네이버 브랜드스토어,,SB-M-EVS-Q,이브닝 스타릿 매트리스,Q,1,684800,149600,535200,배송완료,설치(용인 설치1),경기,신규,LV-2026-06
CJ-260820-0001,2026-08-20,15:12,CJ온스타일,,SB-M-EVS-Q,이브닝 스타릿 매트리스,Q,1,677800,0,677800,배송완료,설치(용인 설치1),부산,신규,
CJ-260820-0002,2026-08-20,19:36,CJ온스타일,,SB-M-EVS-K,이브닝 스타릿 매트리스,K,1,746900,0,746900,취소,설치(용인 설치1),대구,재구매,
CJ-260820-0002,2026-08-20,19:36,CJ온스타일,,SB-T-NMX-SS,더 뉴 맥시멈 토퍼 매트리스,SS,1,440600,0,440600,취소,택배(안성1),대구,재구매,
NV-260820-0027,2026-08-20,02:16,네이버 브랜드스토어,,SB-T-MAX-Q,맥시멈 토퍼 매트리스,Q,1,532500,0,532500,배송완료,택배(안성1),경기,신규,
NV-260820-0028,2026-08-20,19:27,네이버 브랜드스토어,,SB-M-EVS-K,이브닝 스타릿 매트리스,K,1,754700,160800,593900,설치완료,설치(용인 설치1),경기,신규,LV-2026-06
CP-260820-0002,2026-08-20,14:46,쿠팡 로켓,,SB-T-ARB5-SS,올라운드 밸런스 토퍼 매트리스 5cm,SS,1,241500,0,241500,설치완료,택배(안성1),서울,재구매,
CP-260820-0003,2026-08-20,12:43,쿠팡 로켓,,SB-T-ARCP-Q,올라운드 컴포트 플러스 토퍼 매트리스,Q,1,280100,0,280100,설치완료,택배(안성1),대구,신규,
NV-260820-0029,2026-08-20,22:02,네이버 브랜드스토어,,SB-M-EVS-K,이브닝 스타릿 매트리스,K,1,754700,160800,593900,반품완료,설치(용인 설치1),경기,신규,LV-2026-06
NV-260820-0030,2026-08-20,09:54,네이버 브랜드스토어,,SB-T-ARB7-SS,올라운드 밸런스 토퍼 매트리스 7cm,SS,2,499800,0,499800,설치완료,택배(안성1),서울,신규,
NV-260820-0030,2026-08-20,09:54,네이버 브랜드스토어,,SB-M-EVS-K,이브닝 스타릿 매트리스,K,1,754700,160800,593900,설치완료,설치(용인 설치1),서울,신규,LV-2026-06
NV-260821-0001,2026-08-21,22:51,네이버 브랜드스토어,,SB-M-EVS-Q,이브닝 스타릿 매트리스,Q,1,684800,0,684800,설치완료,설치(용인 설치1),강원,신규,
CP-260821-0001,2026-08-21,19:11,쿠팡 로켓,,SB-M-EVS-K,이브닝 스타릿 매트리스,K,1,739100,0,739100,취소,설치(용인 설치1),경기,신규,
CP-260821-0002,2026-08-21,17:06,쿠팡 로켓,,SB-M-EVS-K,이브닝 스타릿 매트리스,K,1,739100,0,739100,배송완료,설치(용인 설치1),부산,신규,
CP-260821-0002,2026-08-21,17:06,쿠팡 로켓,,SB-T-ARB5-Q,올라운드 밸런스 토퍼 매트리스 5cm,Q,1,288200,0,288200,배송완료,택배(안성1),부산,신규,
NV-260821-0002,2026-08-21,20:39,네이버 브랜드스토어,,SB-M-EVR-Q,이브닝 리버서블 매트리스,Q,1,405500,0,405500,배송중,설치(용인 설치1),경기,신규,
NV-260821-0003,2026-08-21,09:34,네이버 브랜드스토어,,SB-M-EVS-Q,이브닝 스타릿 매트리스,Q,1,684800,0,684800,배송완료,설치(용인 설치1),강원,재구매,
NV-260821-0003,2026-08-21,09:34,네이버 브랜드스토어,,SB-M-EVS-K,이브닝 스타릿 매트리스,K,1,754700,0,754700,배송완료,설치(용인 설치1),강원,재구매,
NV-260821-0004,2026-08-21,08:38,네이버 브랜드스토어,,SB-M-EVS-Q,이브닝 스타릿 매트리스,Q,1,684800,0,684800,설치완료,설치(용인 설치1),서울,신규,
OH-260821-0001,2026-08-21,22:16,오늘의집,,SB-M-EVS-K,이브닝 스타릿 매트리스,K,1,723500,0,723500,반품완료,설치(용인 설치1),부산,신규,
NV-260821-0005,2026-08-21,13:01,네이버 브랜드스토어,,SB-M-EVS-Q,이브닝 스타릿 매트리스,Q,1,684800,0,684800,설치완료,설치(용인 설치1),서울,신규,
NV-260821-0006,2026-08-21,09:01,네이버 브랜드스토어,,SB-P-CLB,클라우드 버디 베개,단일,2,122600,0,122600,설치완료,택배(안성1),부산,신규,
NV-260821-0007,2026-08-21,12:40,네이버 브랜드스토어,,SB-M-EVS-Q,이브닝 스타릿 매트리스,Q,1,684800,0,684800,취소,설치(용인 설치1),서울,신규,
ST-260821-0001,2026-08-21,02:00,직영매장,노원,SB-T-NMX-Q,더 뉴 맥시멈 토퍼 매트리스,Q,1,576400,0,576400,배송완료,설치(용인 설치1),인천,신규,
ST-260821-0001,2026-08-21,02:00,직영매장,노원,SB-M-EVS-K,이브닝 스타릿 매트리스,K,1,816900,0,816900,배송완료,설치(용인 설치1),인천,신규,
NV-260821-0008,2026-08-21,14:31,네이버 브랜드스토어,,SB-T-ARB7-Q,올라운드 밸런스 토퍼 매트리스 7cm,Q,1,296800,0,296800,배송완료,택배(안성1),서울,신규,
NV-260821-0008,2026-08-21,14:31,네이버 브랜드스토어,,SB-M-EVS-Q,이브닝 스타릿 매트리스,Q,1,684800,0,684800,배송완료,설치(용인 설치1),서울,신규,
NV-260821-0009,2026-08-21,12:39,네이버 브랜드스토어,,SB-M-EVS-K,이브닝 스타릿 매트리스,K,1,754700,0,754700,배송완료,설치(용인 설치1),경남,재구매,
NV-260821-0010,2026-08-21,15:20,네이버 브랜드스토어,,SB-A-DPM,딥뮤트 수면안대,단일,1,30300,0,30300,설치완료,택배(안성1),서울,재구매,
NV-260821-0011,2026-08-21,09:52,네이버 브랜드스토어,,SB-T-ARB5-SS,올라운드 밸런스 토퍼 매트리스 5cm,SS,1,246600,0,246600,배송완료,택배(안성1),서울,재구매,
NV-260821-0011,2026-08-21,09:52,네이버 브랜드스토어,,SB-M-EVS-K,이브닝 스타릿 매트리스,K,1,754700,0,754700,배송완료,설치(용인 설치1),서울,재구매,
ST-260821-0002,2026-08-21,12:32,직영매장,슬로우나잇 스타필드 수원,SB-T-ARC-SS,올라운드 컴포트 토퍼 매트리스,SS,1,229300,0,229300,설치완료,설치(용인 설치1),충남,신규,
NV-260821-0012,2026-08-21,04:13,네이버 브랜드스토어,,SB-F-AMD-K,아몬드 무헤드형 침대,K,1,902100,0,902100,반품완료,설치(용인 설치1),충남,재구매,
NV-260821-0013,2026-08-21,16:20,네이버 브랜드스토어,,SB-M-EVS-Q,이브닝 스타릿 매트리스,Q,1,684800,0,684800,배송완료,설치(용인 설치1),울산,신규,
NV-260821-0014,2026-08-21,20:55,네이버 브랜드스토어,,SB-M-EVS-Q,이브닝 스타릿 매트리스,Q,1,684800,0,684800,설치완료,설치(용인 설치1),제주,신규,
NV-260821-0014,2026-08-21,20:55,네이버 브랜드스토어,,SB-M-EVS-K,이브닝 스타릿 매트리스,K,1,754700,0,754700,설치완료,설치(용인 설치1),제주,신규,
NV-260821-0014,2026-08-21,20:55,네이버 브랜드스토어,,SB-T-GRB-SS,그라운드 밸런스 토퍼 매트리스,SS,1,506300,0,506300,설치완료,택배(안성1),제주,신규,
NV-260821-0015,2026-08-21,12:31,네이버 브랜드스토어,,SB-M-EVS-K,이브닝 스타릿 매트리스,K,1,754700,0,754700,배송완료,설치(용인 설치1),서울,신규,
ST-260821-0003,2026-08-21,07:42,직영매장,슬로우나잇 논현,SB-M-EVS-K,이브닝 스타릿 매트리스,K,1,816900,0,816900,배송완료,설치(용인 설치1),충남,재구매,
NV-260821-0016,2026-08-21,13:28,네이버 브랜드스토어,,SB-M-EVS-Q,이브닝 스타릿 매트리스,Q,1,684800,0,684800,배송완료,설치(용인 설치1),경기,신규,
NV-260821-0017,2026-08-21,21:37,네이버 브랜드스토어,,SB-M-EVS-K,이브닝 스타릿 매트리스,K,1,754700,0,754700,배송중,설치(용인 설치1),경기,신규,
NV-260821-0017,2026-08-21,21:37,네이버 브랜드스토어,,SB-F-AMD-K,아몬드 무헤드형 침대,K,1,902100,0,902100,배송중,설치(용인 설치1),경기,신규,
NV-260821-0017,2026-08-21,21:37,네이버 브랜드스토어,,SB-T-ARB5-SS,올라운드 밸런스 토퍼 매트리스 5cm,SS,1,246600,0,246600,배송중,택배(안성1),경기,신규,
NV-260821-0018,2026-08-21,09:04,네이버 브랜드스토어,,SB-M-EVS-K,이브닝 스타릿 매트리스,K,1,754700,0,754700,배송완료,설치(용인 설치1),강원,신규,
NV-260821-0019,2026-08-21,20:33,네이버 브랜드스토어,,SB-M-EVS-Q,이브닝 스타릿 매트리스,Q,1,684800,0,684800,반품완료,설치(용인 설치1),강원,재구매,
NV-260821-0020,2026-08-21,07:14,네이버 브랜드스토어,,SB-M-EVS-K,이브닝 스타릿 매트리스,K,1,754700,0,754700,배송중,설치(용인 설치1),부산,신규,
NV-260821-0021,2026-08-21,10:10,네이버 브랜드스토어,,SB-M-EVS-Q,이브닝 스타릿 매트리스,Q,1,684800,0,684800,설치완료,설치(용인 설치1),대구,신규,
NV-260821-0021,2026-08-21,10:10,네이버 브랜드스토어,,SB-T-ARB5-Q,올라운드 밸런스 토퍼 매트리스 5cm,Q,2,588600,0,588600,설치완료,택배(안성1),대구,신규,
CP-260821-0003,2026-08-21,12:53,쿠팡 로켓,,SB-MO-MBL-SS,모션 밸런스드 매트리스,SS,1,1353800,0,1353800,교환완료,설치(용인 설치1),경기,신규,
NV-260821-0022,2026-08-21,10:59,네이버 브랜드스토어,,SB-T-NMX-Q,더 뉴 맥시멈 토퍼 매트리스,Q,1,532500,0,532500,배송완료,택배(안성1),경기,재구매,
NV-260821-0023,2026-08-21,05:42,네이버 브랜드스토어,,SB-T-ARC-Q,올라운드 컴포트 토퍼 매트리스,Q,1,249700,0,249700,반품완료,택배(안성1),대구,재구매,
OH-260822-0001,2026-08-22,12:08,오늘의집,,SB-MO-EVM-Q,이브닝 모션 매트리스,Q,1,1084400,0,1084400,배송완료,설치(용인 설치1),서울,신규,
ST-260822-0001,2026-08-22,15:40,직영매장,대전둔산,SB-MO-MBL-SS,모션 밸런스드 매트리스,SS,1,1496200,0,1496200,설치완료,설치(용인 설치1),광주,신규,
ST-260822-0001,2026-08-22,15:40,직영매장,대전둔산,SB-P-CLL,클라우드 LOW 경추 베개,단일,1,58000,0,58000,설치완료,매장수령,광주,신규,
NV-260822-0001,2026-08-22,08:01,네이버 브랜드스토어,,SB-T-ARB5-SS,올라운드 밸런스 토퍼 매트리스 5cm,SS,1,246600,0,246600,배송완료,택배(안성1),인천,재구매,
HM-260822-0001,2026-08-22,10:37,자사몰,,SB-P-CLL,클라우드 LOW 경추 베개,단일,1,55200,0,55200,반품완료,택배(안성1),울산,재구매,
HM-260822-0001,2026-08-22,10:37,자사몰,,SB-T-ARB7-SS,올라운드 밸런스 토퍼 매트리스 7cm,SS,1,257600,0,257600,반품완료,택배(안성1),울산,재구매,
HM-260822-0001,2026-08-22,10:37,자사몰,,SB-M-DFC-Q,딥플로우 컴포트 매트리스,Q,1,612800,0,612800,반품완료,설치(용인 설치1),울산,재구매,
NV-260822-0002,2026-08-22,17:56,네이버 브랜드스토어,,SB-A-DPM,딥뮤트 수면안대,단일,1,30300,0,30300,배송완료,택배(안성1),경기,재구매,
ST-260822-0002,2026-08-22,20:49,직영매장,슬로우나잇 스타필드 수원,SB-T-ARB7-Q,올라운드 밸런스 토퍼 매트리스 7cm,Q,2,642600,0,642600,교환완료,설치(용인 설치1),강원,재구매,
ST-260822-0002,2026-08-22,20:49,직영매장,슬로우나잇 스타필드 수원,SB-T-ARB5-Q,올라운드 밸런스 토퍼 매트리스 5cm,Q,1,318600,0,318600,교환완료,설치(용인 설치1),강원,재구매,
ST-260822-0002,2026-08-22,20:49,직영매장,슬로우나잇 스타필드 수원,SB-A-DPM,딥뮤트 수면안대,단일,1,32800,0,32800,교환완료,매장수령,강원,재구매,
CP-260822-0001,2026-08-22,15:59,쿠팡 로켓,,SB-MO-MBL-Q,모션 밸런스드 매트리스,Q,1,1470600,0,1470600,배송완료,설치(용인 설치1),서울,신규,
CP-260822-0001,2026-08-22,15:59,쿠팡 로켓,,SB-M-ORG-SS,오리지널 매트리스 미디엄 소프트,SS,1,423700,0,423700,배송완료,설치(용인 설치1),서울,신규,
NV-260822-0003,2026-08-22,14:02,네이버 브랜드스토어,,SB-M-EVR-S,이브닝 리버서블 매트리스,S,1,349100,0,349100,배송완료,설치(용인 설치1),인천,재구매,
NV-260822-0004,2026-08-22,10:43,네이버 브랜드스토어,,SB-MO-EVM-Q,이브닝 모션 매트리스,Q,1,1131000,0,1131000,배송완료,설치(용인 설치1),충남,재구매,
OH-260822-0002,2026-08-22,22:59,오늘의집,,SB-M-EVR-Q,이브닝 리버서블 매트리스,Q,1,388700,0,388700,배송중,설치(용인 설치1),대구,신규,
HM-260822-0002,2026-08-22,12:29,자사몰,,SB-T-ARB5-Q,올라운드 밸런스 토퍼 매트리스 5cm,Q,1,303400,0,303400,배송완료,택배(안성1),서울,신규,
HM-260822-0003,2026-08-22,17:26,자사몰,,SB-T-ARB7-Q,올라운드 밸런스 토퍼 매트리스 7cm,Q,1,306000,0,306000,설치완료,택배(안성1),대전,재구매,
HM-260822-0004,2026-08-22,07:05,자사몰,,SB-T-ARB5-Q,올라운드 밸런스 토퍼 매트리스 5cm,Q,2,606800,0,606800,배송중,택배(안성1),서울,신규,
HM-260822-0004,2026-08-22,07:05,자사몰,,SB-T-NMX-Q,더 뉴 맥시멈 토퍼 매트리스,Q,1,549000,0,549000,배송중,택배(안성1),서울,신규,
OH-260822-0003,2026-08-22,18:39,오늘의집,,SB-M-DFC-Q,딥플로우 컴포트 매트리스,Q,1,569900,0,569900,취소,설치(용인 설치1),서울,재구매,
CP-260822-0002,2026-08-22,19:40,쿠팡 로켓,,SB-T-ARC-Q,올라운드 컴포트 토퍼 매트리스,Q,1,244500,0,244500,설치완료,택배(안성1),서울,재구매,
CP-260822-0002,2026-08-22,19:40,쿠팡 로켓,,SB-M-EVS-K,이브닝 스타릿 매트리스,K,1,739100,0,739100,설치완료,설치(용인 설치1),서울,재구매,
CP-260823-0001,2026-08-23,22:23,쿠팡 로켓,,SB-T-NMX-Q,더 뉴 맥시멈 토퍼 매트리스,Q,2,1043200,0,1043200,배송완료,택배(안성1),경기,재구매,
CP-260823-0001,2026-08-23,22:23,쿠팡 로켓,,SB-P-CLL,클라우드 LOW 경추 베개,단일,1,52500,0,52500,배송완료,택배(안성1),경기,재구매,
ST-260823-0001,2026-08-23,08:40,직영매장,노원,SB-A-DPM,딥뮤트 수면안대,단일,1,32800,0,32800,배송중,매장수령,서울,신규,
NV-260823-0001,2026-08-23,10:20,네이버 브랜드스토어,,SB-T-ARB5-Q,올라운드 밸런스 토퍼 매트리스 5cm,Q,1,294300,0,294300,배송완료,택배(안성1),울산,신규,
NV-260823-0002,2026-08-23,17:20,네이버 브랜드스토어,,SB-P-CLB,클라우드 버디 베개,단일,1,61300,0,61300,취소,택배(안성1),강원,신규,
NV-260823-0002,2026-08-23,17:20,네이버 브랜드스토어,,SB-T-NMX-SS,더 뉴 맥시멈 토퍼 매트리스,SS,1,445200,0,445200,취소,택배(안성1),강원,신규,
HM-260823-0001,2026-08-23,11:11,자사몰,,SB-M-MFM-Q,미드나잇 풀문 매트리스,Q,1,928000,0,928000,배송완료,설치(용인 설치1),울산,재구매,
HM-260823-0001,2026-08-23,11:11,자사몰,,SB-T-MAX-Q,맥시멈 토퍼 매트리스,Q,1,549000,0,549000,배송완료,택배(안성1),울산,재구매,
CJ-260823-0001,2026-08-23,17:04,CJ온스타일,,SB-M-DFC-Q,딥플로우 컴포트 매트리스,Q,1,588300,0,588300,배송완료,설치(용인 설치1),서울,신규,
ST-260823-0002,2026-08-23,19:01,직영매장,슬로우나잇 논현,SB-P-CLL,클라우드 LOW 경추 베개,단일,1,58000,0,58000,반품완료,매장수령,서울,신규,
HM-260823-0002,2026-08-23,20:18,자사몰,,SB-T-ARB7-Q,올라운드 밸런스 토퍼 매트리스 7cm,Q,1,306000,0,306000,배송완료,택배(안성1),경기,재구매,
NV-260823-0003,2026-08-23,02:00,네이버 브랜드스토어,,SB-T-NMX-SS,더 뉴 맥시멈 토퍼 매트리스,SS,1,445200,0,445200,배송중,택배(안성1),경기,재구매,
CP-260823-0002,2026-08-23,22:15,쿠팡 로켓,,SB-M-EVS-Q,이브닝 스타릿 매트리스,Q,1,670700,0,670700,배송완료,설치(용인 설치1),경기,신규,
NV-260823-0004,2026-08-23,20:00,네이버 브랜드스토어,,SB-T-ARB5-SS,올라운드 밸런스 토퍼 매트리스 5cm,SS,1,246600,0,246600,설치완료,택배(안성1),대전,신규,
NV-260823-0005,2026-08-23,15:16,네이버 브랜드스토어,,SB-M-EVR-Q,이브닝 리버서블 매트리스,Q,1,405500,0,405500,배송완료,설치(용인 설치1),경기,신규,
NV-260823-0005,2026-08-23,15:16,네이버 브랜드스토어,,SB-T-ARB5-Q,올라운드 밸런스 토퍼 매트리스 5cm,Q,1,294300,0,294300,배송완료,택배(안성1),경기,신규,
NV-260823-0006,2026-08-23,08:32,네이버 브랜드스토어,,SB-MO-MBL-SS,모션 밸런스드 매트리스,SS,1,1382200,0,1382200,반품완료,설치(용인 설치1),경기,재구매,
NV-260823-0006,2026-08-23,08:32,네이버 브랜드스토어,,SB-T-ARC-Q,올라운드 컴포트 토퍼 매트리스,Q,1,249700,0,249700,반품완료,택배(안성1),경기,재구매,
HM-260823-0003,2026-08-23,18:18,자사몰,,SB-T-ARCP-Q,올라운드 컴포트 플러스 토퍼 매트리스,Q,1,294800,0,294800,취소,택배(안성1),서울,신규,
NV-260823-0007,2026-08-23,09:39,네이버 브랜드스토어,,SB-T-ARB5-Q,올라운드 밸런스 토퍼 매트리스 5cm,Q,1,294300,0,294300,배송완료,택배(안성1),경기,신규,
NV-260823-0008,2026-08-23,10:58,네이버 브랜드스토어,,SB-P-CLL,클라우드 LOW 경추 베개,단일,1,53600,0,53600,설치완료,택배(안성1),광주,재구매,
ST-260823-0003,2026-08-23,12:14,직영매장,슬로우나잇 스타필드 수원,SB-T-ARCP-Q,올라운드 컴포트 플러스 토퍼 매트리스,Q,1,309500,0,309500,반품완료,설치(용인 설치1),경기,재구매,
OH-260823-0001,2026-08-23,13:58,오늘의집,,SB-P-CLB,클라우드 버디 베개,단일,1,58800,0,58800,배송완료,택배(안성1),서울,재구매,
ST-260824-0001,2026-08-24,09:13,직영매장,슬로우나잇 스타필드 수원,SB-T-ARC-Q,올라운드 컴포트 토퍼 매트리스,Q,1,270300,0,270300,취소,설치(용인 설치1),서울,재구매,
CP-260824-0001,2026-08-24,22:33,쿠팡 로켓,,SB-T-ARCP-Q,올라운드 컴포트 플러스 토퍼 매트리스,Q,1,280100,0,280100,배송완료,택배(안성1),경기,신규,
CP-260824-0002,2026-08-24,20:24,쿠팡 로켓,,SB-T-ARC-SS,올라운드 컴포트 토퍼 매트리스,SS,1,207500,47400,160100,배송완료,택배(안성1),서울,재구매,EX-2026-08
CP-260824-0003,2026-08-24,17:09,쿠팡 로켓,,SB-T-ARC-Q,올라운드 컴포트 토퍼 매트리스,Q,1,244500,0,244500,배송완료,택배(안성1),인천,신규,
OH-260824-0001,2026-08-24,09:30,오늘의집,,SB-MO-EVM-Q,이브닝 모션 매트리스,Q,1,1084400,0,1084400,배송완료,설치(용인 설치1),강원,재구매,
OH-260824-0001,2026-08-24,09:30,오늘의집,,SB-T-NMX-Q,더 뉴 맥시멈 토퍼 매트리스,Q,1,510600,0,510600,배송완료,택배(안성1),강원,재구매,
OH-260824-0001,2026-08-24,09:30,오늘의집,,SB-MO-EVM-SS,이브닝 모션 매트리스,SS,1,997000,0,997000,배송완료,설치(용인 설치1),강원,재구매,
NV-260824-0001,2026-08-24,13:58,네이버 브랜드스토어,,SB-M-EVR-S,이브닝 리버서블 매트리스,S,1,349100,0,349100,배송중,설치(용인 설치1),대구,신규,
NV-260824-0001,2026-08-24,13:58,네이버 브랜드스토어,,SB-A-DPM,딥뮤트 수면안대,단일,1,30300,0,30300,배송중,택배(안성1),대구,신규,
OH-260824-0002,2026-08-24,10:49,오늘의집,,SB-F-AMD-KK,아몬드 무헤드형 침대,KK,1,911400,0,911400,배송완료,설치(용인 설치1),서울,신규,
HM-260824-0001,2026-08-24,18:45,자사몰,,SB-M-DFC-Q,딥플로우 컴포트 매트리스,Q,1,612800,0,612800,배송완료,설치(용인 설치1),서울,재구매,
HM-260824-0002,2026-08-24,14:27,자사몰,,SB-M-EVR-Q,이브닝 리버서블 매트리스,Q,1,418000,0,418000,반품완료,설치(용인 설치1),경기,신규,
SG-260824-0001,2026-08-24,19:53,SSG닷컴,,SB-T-ARCP-Q,올라운드 컴포트 플러스 토퍼 매트리스,Q,1,288900,0,288900,설치완료,택배(안성1),인천,신규,
SG-260824-0001,2026-08-24,19:53,SSG닷컴,,SB-P-CLL,클라우드 LOW 경추 베개,단일,1,54100,0,54100,설치완료,택배(안성1),인천,신규,
NV-260824-0002,2026-08-24,08:58,네이버 브랜드스토어,,SB-M-DFC-Q,딥플로우 컴포트 매트리스,Q,1,594400,0,594400,배송완료,설치(용인 설치1),광주,신규,
NV-260824-0003,2026-08-24,10:22,네이버 브랜드스토어,,SB-M-DFC-Q,딥플로우 컴포트 매트리스,Q,1,594400,0,594400,설치완료,설치(용인 설치1),경기,신규,
NV-260824-0004,2026-08-24,20:02,네이버 브랜드스토어,,SB-T-NMX-Q,더 뉴 맥시멈 토퍼 매트리스,Q,1,532500,0,532500,배송완료,택배(안성1),대전,신규,
ST-260824-0002,2026-08-24,17:22,직영매장,슬로우나잇 논현,SB-A-DPM,딥뮤트 수면안대,단일,1,32800,0,32800,배송완료,매장수령,서울,재구매,
NV-260824-0005,2026-08-24,09:03,네이버 브랜드스토어,,SB-M-MFM-Q,미드나잇 풀문 매트리스,Q,1,900200,0,900200,배송완료,설치(용인 설치1),충남,신규,
OH-260825-0001,2026-08-25,11:21,오늘의집,,SB-T-NMX-SS,더 뉴 맥시멈 토퍼 매트리스,SS,1,426900,0,426900,반품완료,택배(안성1),경기,신규,
OH-260825-0001,2026-08-25,11:21,오늘의집,,SB-T-ARB5-Q,올라운드 밸런스 토퍼 매트리스 5cm,Q,1,282200,0,282200,반품완료,택배(안성1),경기,신규,
OH-260825-0002,2026-08-25,18:19,오늘의집,,SB-T-ARCP-Q,올라운드 컴포트 플러스 토퍼 매트리스,Q,2,548400,0,548400,배송완료,택배(안성1),인천,신규,
OH-260825-0002,2026-08-25,18:19,오늘의집,,SB-M-DFC-SS,딥플로우 컴포트 매트리스,SS,1,544000,0,544000,배송완료,설치(용인 설치1),인천,신규,
CP-260825-0001,2026-08-25,19:00,쿠팡 로켓,,SB-MO-EVM-Q,이브닝 모션 매트리스,Q,1,1107700,0,1107700,교환완료,설치(용인 설치1),서울,신규,
SG-260825-0001,2026-08-25,06:38,SSG닷컴,,SB-M-EVR-S,이브닝 리버서블 매트리스,S,1,352700,0,352700,설치완료,설치(용인 설치1),대전,재구매,
SG-260825-0001,2026-08-25,06:38,SSG닷컴,,SB-M-DFB-SS,딥플로우 밸런스 매트리스,SS,1,503700,0,503700,설치완료,설치(용인 설치1),대전,재구매,
ST-260825-0001,2026-08-25,13:08,직영매장,송파,SB-M-EVR-SS,이브닝 리버서블 매트리스,SS,1,411600,0,411600,설치완료,설치(용인 설치1),대구,재구매,
ST-260825-0002,2026-08-25,09:28,직영매장,송파,SB-T-ARB5-Q,올라운드 밸런스 토퍼 매트리스 5cm,Q,1,318600,0,318600,배송중,설치(용인 설치1),강원,재구매,
ST-260825-0002,2026-08-25,09:28,직영매장,송파,SB-P-CLB,클라우드 버디 베개,단일,2,132800,0,132800,배송중,매장수령,강원,재구매,
NV-260825-0001,2026-08-25,14:41,네이버 브랜드스토어,,SB-T-GRB-SS,그라운드 밸런스 토퍼 매트리스,SS,2,1012600,0,1012600,설치완료,택배(안성1),경기,신규,
CP-260825-0002,2026-08-25,18:27,쿠팡 로켓,,SB-P-CLB,클라우드 버디 베개,단일,1,60000,0,60000,배송완료,택배(안성1),대구,신규,
CP-260825-0003,2026-08-25,16:19,쿠팡 로켓,,SB-T-ARB5-Q,올라운드 밸런스 토퍼 매트리스 5cm,Q,1,288200,0,288200,설치완료,택배(안성1),서울,재구매,
HM-260825-0001,2026-08-25,19:00,자사몰,,SB-T-ARC-SS,올라운드 컴포트 토퍼 매트리스,SS,1,218400,0,218400,배송완료,택배(안성1),충남,재구매,
CJ-260825-0001,2026-08-25,15:50,CJ온스타일,,SB-T-ARB5-Q,올라운드 밸런스 토퍼 매트리스 5cm,Q,1,291300,0,291300,배송완료,택배(안성1),인천,재구매,
NV-260825-0002,2026-08-25,07:35,네이버 브랜드스토어,,SB-T-ARB5-Q,올라운드 밸런스 토퍼 매트리스 5cm,Q,1,294300,0,294300,취소,택배(안성1),경기,신규,
OH-260825-0003,2026-08-25,20:49,오늘의집,,SB-T-ARB5-Q,올라운드 밸런스 토퍼 매트리스 5cm,Q,1,282200,0,282200,배송완료,택배(안성1),경기,재구매,
OH-260825-0003,2026-08-25,20:49,오늘의집,,SB-T-ARC-Q,올라운드 컴포트 토퍼 매트리스,Q,1,239400,0,239400,배송완료,택배(안성1),경기,재구매,
OH-260825-0003,2026-08-25,20:49,오늘의집,,SB-P-CLL,클라우드 LOW 경추 베개,단일,1,51400,0,51400,배송완료,택배(안성1),경기,재구매,
ST-260825-0003,2026-08-25,18:22,직영매장,송파,SB-A-DPM,딥뮤트 수면안대,단일,1,32800,0,32800,배송완료,매장수령,인천,신규,
CJ-260825-0002,2026-08-25,21:22,CJ온스타일,,SB-T-ARC-SS,올라운드 컴포트 토퍼 매트리스,SS,1,209700,0,209700,설치완료,택배(안성1),강원,신규,
CJ-260825-0002,2026-08-25,21:22,CJ온스타일,,SB-T-ARC-Q,올라운드 컴포트 토퍼 매트리스,Q,2,494200,0,494200,설치완료,택배(안성1),강원,신규,
OH-260826-0001,2026-08-26,20:17,오늘의집,,SB-M-EVR-S,이브닝 리버서블 매트리스,S,1,334700,0,334700,설치완료,설치(용인 설치1),경기,재구매,
OH-260826-0002,2026-08-26,16:11,오늘의집,,SB-A-DPM,딥뮤트 수면안대,단일,1,29000,0,29000,배송중,택배(안성1),서울,신규,
ST-260826-0001,2026-08-26,17:24,직영매장,슬로우나잇 스타필드 수원,SB-T-NMX-Q,더 뉴 맥시멈 토퍼 매트리스,Q,1,576400,0,576400,배송완료,설치(용인 설치1),울산,신규,
ST-260826-0002,2026-08-26,22:23,직영매장,슬로우나잇 스타필드 수원,SB-P-CLL,클라우드 LOW 경추 베개,단일,1,58000,0,58000,배송완료,매장수령,경기,신규,
NV-260826-0001,2026-08-26,07:19,네이버 브랜드스토어,,SB-T-ARB5-Q,올라운드 밸런스 토퍼 매트리스 5cm,Q,1,294300,0,294300,배송완료,택배(안성1),경기,재구매,
CP-260826-0001,2026-08-26,07:28,쿠팡 로켓,,SB-T-ARC-Q,올라운드 컴포트 토퍼 매트리스,Q,1,244500,0,244500,배송완료,택배(안성1),경기,신규,
CP-260826-0001,2026-08-26,07:28,쿠팡 로켓,,SB-T-ARB7-SS,올라운드 밸런스 토퍼 매트리스 7cm,SS,2,489400,0,489400,배송완료,택배(안성1),경기,신규,
OH-260826-0003,2026-08-26,19:19,오늘의집,,SB-T-ARC-Q,올라운드 컴포트 토퍼 매트리스,Q,1,239400,0,239400,반품완료,택배(안성1),경기,신규,
OH-260826-0003,2026-08-26,19:19,오늘의집,,SB-F-BAU-O,바우 키즈 원목 오픈형 데이베드 침대,SS,1,557100,0,557100,반품완료,설치(용인 설치1),경기,신규,
CJ-260826-0001,2026-08-26,14:34,CJ온스타일,,SB-T-ARC-Q,올라운드 컴포트 토퍼 매트리스,Q,2,494200,0,494200,배송완료,택배(안성1),울산,재구매,
NV-260826-0002,2026-08-26,14:07,네이버 브랜드스토어,,SB-M-EVR-S,이브닝 리버서블 매트리스,S,1,349100,0,349100,교환완료,설치(용인 설치1),경기,신규,
NV-260826-0002,2026-08-26,14:07,네이버 브랜드스토어,,SB-M-EVR-Q,이브닝 리버서블 매트리스,Q,1,405500,0,405500,교환완료,설치(용인 설치1),경기,신규,
CP-260826-0002,2026-08-26,17:04,쿠팡 로켓,,SB-T-ARB5-SS,올라운드 밸런스 토퍼 매트리스 5cm,SS,1,241500,0,241500,배송완료,택배(안성1),서울,신규,
ST-260826-0003,2026-08-26,16:40,직영매장,대전둔산,SB-P-CLL,클라우드 LOW 경추 베개,단일,1,58000,0,58000,배송완료,매장수령,서울,재구매,
ST-260826-0003,2026-08-26,16:40,직영매장,대전둔산,SB-T-ARB5-Q,올라운드 밸런스 토퍼 매트리스 5cm,Q,1,318600,0,318600,배송완료,설치(용인 설치1),서울,재구매,
CP-260826-0003,2026-08-26,19:33,쿠팡 로켓,,SB-M-EVR-Q,이브닝 리버서블 매트리스,Q,1,397100,0,397100,교환완료,설치(용인 설치1),서울,신규,
CP-260826-0004,2026-08-26,10:04,쿠팡 로켓,,SB-P-CLB,클라우드 버디 베개,단일,2,120000,0,120000,배송완료,택배(안성1),경기,신규,
NV-260826-0003,2026-08-26,18:13,네이버 브랜드스토어,,SB-T-MAX-Q,맥시멈 토퍼 매트리스,Q,1,532500,0,532500,설치완료,택배(안성1),대전,신규,
NV-260826-0003,2026-08-26,18:13,네이버 브랜드스토어,,SB-T-ARCP-Q,올라운드 컴포트 플러스 토퍼 매트리스,Q,1,286000,0,286000,설치완료,택배(안성1),대전,신규,
NV-260826-0003,2026-08-26,18:13,네이버 브랜드스토어,,SB-M-EVS-Q,이브닝 스타릿 매트리스,Q,1,684800,0,684800,설치완료,설치(용인 설치1),대전,신규,
CP-260826-0005,2026-08-26,11:16,쿠팡 로켓,,SB-T-ARC-Q,올라운드 컴포트 토퍼 매트리스,Q,1,244500,0,244500,반품완료,택배(안성1),인천,재구매,
CP-260826-0005,2026-08-26,11:16,쿠팡 로켓,,SB-T-ARB5-Q,올라운드 밸런스 토퍼 매트리스 5cm,Q,1,288200,0,288200,반품완료,택배(안성1),인천,재구매,
CP-260826-0005,2026-08-26,11:16,쿠팡 로켓,,SB-M-ORG-SS,오리지널 매트리스 미디엄 소프트,SS,1,423700,0,423700,반품완료,설치(용인 설치1),인천,재구매,
NV-260827-0001,2026-08-27,08:11,네이버 브랜드스토어,,SB-A-DPM,딥뮤트 수면안대,단일,1,30300,0,30300,배송완료,택배(안성1),서울,재구매,
ST-260827-0001,2026-08-27,17:10,직영매장,슬로우나잇 스타필드 수원,SB-T-ARC-Q,올라운드 컴포트 토퍼 매트리스,Q,1,270300,0,270300,배송완료,설치(용인 설치1),경기,신규,
SG-260827-0001,2026-08-27,19:32,SSG닷컴,,SB-T-ARC-Q,올라운드 컴포트 토퍼 매트리스,Q,1,252300,0,252300,설치완료,택배(안성1),인천,재구매,
SG-260827-0001,2026-08-27,19:32,SSG닷컴,,SB-M-MFM-Q,미드나잇 풀문 매트리스,Q,1,909400,0,909400,설치완료,설치(용인 설치1),인천,재구매,
OH-260827-0001,2026-08-27,11:13,오늘의집,,SB-T-ARB7-SS,올라운드 밸런스 토퍼 매트리스 7cm,SS,1,239600,0,239600,배송완료,택배(안성1),경기,재구매,
SG-260827-0002,2026-08-27,21:15,SSG닷컴,,SB-P-CLB,클라우드 버디 베개,단일,1,61900,0,61900,설치완료,택배(안성1),경기,신규,
CJ-260827-0001,2026-08-27,21:50,CJ온스타일,,SB-T-ARC-SS,올라운드 컴포트 토퍼 매트리스,SS,1,209700,0,209700,배송완료,택배(안성1),인천,재구매,
CJ-260827-0001,2026-08-27,21:50,CJ온스타일,,SB-M-EVR-SS,이브닝 리버서블 매트리스,SS,1,376300,0,376300,배송완료,설치(용인 설치1),인천,재구매,
HM-260827-0001,2026-08-27,18:00,자사몰,,SB-T-ARB7-Q,올라운드 밸런스 토퍼 매트리스 7cm,Q,1,306000,0,306000,설치완료,택배(안성1),서울,신규,
HM-260827-0001,2026-08-27,18:00,자사몰,,SB-M-DFC-Q,딥플로우 컴포트 매트리스,Q,1,612800,0,612800,설치완료,설치(용인 설치1),서울,신규,
NV-260827-0002,2026-08-27,11:46,네이버 브랜드스토어,,SB-T-ARB7-Q,올라운드 밸런스 토퍼 매트리스 7cm,Q,1,296800,0,296800,배송중,택배(안성1),울산,신규,
NV-260827-0002,2026-08-27,11:46,네이버 브랜드스토어,,SB-T-ARC-Q,올라운드 컴포트 토퍼 매트리스,Q,1,249700,0,249700,배송중,택배(안성1),울산,신규,
NV-260827-0003,2026-08-27,21:23,네이버 브랜드스토어,,SB-T-ARB5-SS,올라운드 밸런스 토퍼 매트리스 5cm,SS,1,246600,0,246600,설치완료,택배(안성1),서울,신규,
NV-260827-0004,2026-08-27,02:32,네이버 브랜드스토어,,SB-T-ARC-SS,올라운드 컴포트 토퍼 매트리스,SS,1,211800,0,211800,배송완료,택배(안성1),서울,재구매,
HM-260827-0002,2026-08-27,18:57,자사몰,,SB-P-CLB,클라우드 버디 베개,단일,1,63200,0,63200,배송완료,택배(안성1),서울,신규,
HM-260827-0002,2026-08-27,18:57,자사몰,,SB-T-ARC-Q,올라운드 컴포트 토퍼 매트리스,Q,1,257400,0,257400,배송완료,택배(안성1),서울,신규,
CJ-260827-0002,2026-08-27,16:53,CJ온스타일,,SB-T-ARB5-Q,올라운드 밸런스 토퍼 매트리스 5cm,Q,1,291300,0,291300,반품완료,택배(안성1),서울,신규,
ST-260827-0002,2026-08-27,13:12,직영매장,대전둔산,SB-P-CLB,클라우드 버디 베개,단일,1,66400,0,66400,배송완료,매장수령,울산,신규,
ST-260828-0001,2026-08-28,19:45,직영매장,용산,SB-P-CLB,클라우드 버디 베개,단일,1,66400,0,66400,배송완료,매장수령,서울,신규,
NV-260828-0001,2026-08-28,10:32,네이버 브랜드스토어,,SB-T-ARC-SS,올라운드 컴포트 토퍼 매트리스,SS,1,211800,0,211800,배송완료,택배(안성1),울산,신규,
NV-260828-0001,2026-08-28,10:32,네이버 브랜드스토어,,SB-T-MAX-Q,맥시멈 토퍼 매트리스,Q,1,532500,0,532500,배송완료,택배(안성1),울산,신규,
CP-260828-0001,2026-08-28,22:57,쿠팡 로켓,,SB-P-CLL,클라우드 LOW 경추 베개,단일,1,52500,19400,33100,배송완료,택배(안성1),서울,신규,EX-2026-08
NV-260828-0002,2026-08-28,18:55,네이버 브랜드스토어,,SB-T-ARB7-Q,올라운드 밸런스 토퍼 매트리스 7cm,Q,1,296800,0,296800,배송완료,택배(안성1),경기,신규,
ST-260828-0002,2026-08-28,09:15,직영매장,노원,SB-T-ARC-Q,올라운드 컴포트 토퍼 매트리스,Q,1,270300,0,270300,배송완료,설치(용인 설치1),경기,신규,
SG-260828-0001,2026-08-28,16:34,SSG닷컴,,SB-A-DPM,딥뮤트 수면안대,단일,2,61200,0,61200,배송중,택배(안성1),서울,재구매,
CJ-260828-0001,2026-08-28,09:30,CJ온스타일,,SB-M-MFM-Q,미드나잇 풀문 매트리스,Q,1,890900,0,890900,설치완료,설치(용인 설치1),광주,신규,
SG-260828-0002,2026-08-28,08:47,SSG닷컴,,SB-T-NMX-SS,더 뉴 맥시멈 토퍼 매트리스,SS,1,449800,0,449800,배송완료,택배(안성1),경기,신규,
SG-260828-0003,2026-08-28,11:08,SSG닷컴,,SB-P-CLL,클라우드 LOW 경추 베개,단일,1,54100,0,54100,설치완료,택배(안성1),울산,재구매,
SG-260828-0003,2026-08-28,11:08,SSG닷컴,,SB-T-ARB5-Q,올라운드 밸런스 토퍼 매트리스 5cm,Q,2,594600,0,594600,설치완료,택배(안성1),울산,재구매,
ST-260828-0003,2026-08-28,17:16,직영매장,슬로우나잇 스타필드 수원,SB-T-NMX-SS,더 뉴 맥시멈 토퍼 매트리스,SS,1,482000,0,482000,취소,설치(용인 설치1),광주,재구매,
OH-260828-0001,2026-08-28,13:57,오늘의집,,SB-MO-EVM-Q,이브닝 모션 매트리스,Q,1,1084400,0,1084400,배송완료,설치(용인 설치1),경기,신규,
ST-260828-0004,2026-08-28,16:11,직영매장,송파,SB-T-NMX-SS,더 뉴 맥시멈 토퍼 매트리스,SS,1,482000,0,482000,설치완료,설치(용인 설치1),경기,신규,
OH-260828-0002,2026-08-28,04:15,오늘의집,,SB-T-ARB5-Q,올라운드 밸런스 토퍼 매트리스 5cm,Q,1,282200,0,282200,설치완료,택배(안성1),부산,신규,
NV-260828-0003,2026-08-28,19:45,네이버 브랜드스토어,,SB-P-CLB,클라우드 버디 베개,단일,1,61300,0,61300,설치완료,택배(안성1),대구,신규,
ST-260828-0005,2026-08-28,05:25,직영매장,슬로우나잇 논현,SB-T-ARB5-SS,올라운드 밸런스 토퍼 매트리스 5cm,SS,1,266900,0,266900,배송완료,설치(용인 설치1),서울,재구매,
OH-260828-0003,2026-08-28,12:49,오늘의집,,SB-T-ARB5-Q,올라운드 밸런스 토퍼 매트리스 5cm,Q,1,282200,0,282200,배송완료,택배(안성1),대구,신규,
SG-260829-0001,2026-08-29,22:04,SSG닷컴,,SB-T-ARB7-Q,올라운드 밸런스 토퍼 매트리스 7cm,Q,1,299900,0,299900,설치완료,택배(안성1),서울,신규,
NV-260829-0001,2026-08-29,19:39,네이버 브랜드스토어,,SB-F-AMD-KK,아몬드 무헤드형 침대,KK,1,950600,0,950600,배송완료,설치(용인 설치1),서울,재구매,
CP-260829-0001,2026-08-29,10:29,쿠팡 로켓,,SB-T-ARCP-Q,올라운드 컴포트 플러스 토퍼 매트리스,Q,1,280100,0,280100,반품완료,택배(안성1),인천,신규,
HM-260829-0001,2026-08-29,18:18,자사몰,,SB-P-CLB,클라우드 버디 베개,단일,1,63200,0,63200,배송완료,택배(안성1),서울,신규,
HM-260829-0001,2026-08-29,18:18,자사몰,,SB-T-NMX-SS,더 뉴 맥시멈 토퍼 매트리스,SS,1,459000,0,459000,배송완료,택배(안성1),서울,신규,
NV-260829-0002,2026-08-29,19:47,네이버 브랜드스토어,,SB-T-ARC-SS,올라운드 컴포트 토퍼 매트리스,SS,1,211800,0,211800,반품완료,택배(안성1),서울,신규,
HM-260829-0002,2026-08-29,12:08,자사몰,,SB-T-ARC-SS,올라운드 컴포트 토퍼 매트리스,SS,1,218400,0,218400,배송완료,택배(안성1),서울,재구매,
HM-260829-0003,2026-08-29,08:07,자사몰,,SB-F-BAU-O,바우 키즈 원목 오픈형 데이베드 침대,SS,1,599000,0,599000,설치완료,설치(용인 설치1),제주,신규,
OH-260829-0001,2026-08-29,16:56,오늘의집,,SB-M-ORG-SS,오리지널 매트리스 미디엄 소프트,SS,1,414800,0,414800,반품완료,설치(용인 설치1),경남,재구매,
NV-260829-0003,2026-08-29,18:10,네이버 브랜드스토어,,SB-T-ARC-SS,올라운드 컴포트 토퍼 매트리스,SS,1,211800,0,211800,취소,택배(안성1),경기,신규,
ST-260829-0001,2026-08-29,10:44,직영매장,대전둔산,SB-M-DFC-SS,딥플로우 컴포트 매트리스,SS,1,614200,0,614200,배송완료,설치(용인 설치1),부산,신규,
OH-260829-0002,2026-08-29,16:01,오늘의집,,SB-P-CLL,클라우드 LOW 경추 베개,단일,1,51400,0,51400,반품완료,택배(안성1),대전,재구매,
NV-260829-0004,2026-08-29,21:52,네이버 브랜드스토어,,SB-M-EVR-S,이브닝 리버서블 매트리스,S,1,349100,0,349100,배송완료,설치(용인 설치1),서울,신규,
NV-260829-0004,2026-08-29,21:52,네이버 브랜드스토어,,SB-M-ORG-SS,오리지널 매트리스 미디엄 소프트,SS,1,432600,0,432600,배송완료,설치(용인 설치1),서울,신규,
NV-260829-0004,2026-08-29,21:52,네이버 브랜드스토어,,SB-T-ARB5-Q,올라운드 밸런스 토퍼 매트리스 5cm,Q,1,294300,0,294300,배송완료,택배(안성1),서울,신규,
CP-260829-0002,2026-08-29,23:07,쿠팡 로켓,,SB-T-ARB5-Q,올라운드 밸런스 토퍼 매트리스 5cm,Q,1,288200,0,288200,배송완료,택배(안성1),경기,재구매,
CP-260829-0002,2026-08-29,23:07,쿠팡 로켓,,SB-MO-EVM-Q,이브닝 모션 매트리스,Q,1,1107700,0,1107700,배송완료,설치(용인 설치1),경기,재구매,
SG-260829-0002,2026-08-29,15:51,SSG닷컴,,SB-M-DFB-Q,딥플로우 밸런스 매트리스,Q,1,527600,0,527600,배송완료,설치(용인 설치1),서울,재구매,
ST-260829-0002,2026-08-29,17:11,직영매장,슬로우나잇 논현,SB-T-NMX-Q,더 뉴 맥시멈 토퍼 매트리스,Q,1,576400,0,576400,배송완료,설치(용인 설치1),경기,신규,
OH-260829-0003,2026-08-29,20:05,오늘의집,,SB-M-DFB-SS,딥플로우 밸런스 매트리스,SS,1,478000,0,478000,취소,설치(용인 설치1),경기,재구매,
ST-260830-0001,2026-08-30,18:23,직영매장,슬로우나잇 논현,SB-F-BAU-O,바우 키즈 원목 오픈형 데이베드 침대,SS,1,629000,0,629000,배송완료,설치(용인 설치1),경기,신규,
ST-260830-0001,2026-08-30,18:23,직영매장,슬로우나잇 논현,SB-T-NMX-Q,더 뉴 맥시멈 토퍼 매트리스,Q,1,576400,0,576400,배송완료,설치(용인 설치1),경기,신규,
ST-260830-0001,2026-08-30,18:23,직영매장,슬로우나잇 논현,SB-T-NMX-SS,더 뉴 맥시멈 토퍼 매트리스,SS,2,964000,0,964000,배송완료,설치(용인 설치1),경기,신규,
HM-260830-0001,2026-08-30,11:35,자사몰,,SB-T-NMX-SS,더 뉴 맥시멈 토퍼 매트리스,SS,1,459000,0,459000,배송완료,택배(안성1),서울,신규,
ST-260830-0002,2026-08-30,05:27,직영매장,용산,SB-T-ARB5-SS,올라운드 밸런스 토퍼 매트리스 5cm,SS,2,533800,0,533800,설치완료,설치(용인 설치1),경기,신규,
CP-260830-0001,2026-08-30,19:28,쿠팡 로켓,,SB-P-CLB,클라우드 버디 베개,단일,1,60000,0,60000,배송완료,택배(안성1),경기,재구매,
NV-260830-0001,2026-08-30,16:49,네이버 브랜드스토어,,SB-P-CLB,클라우드 버디 베개,단일,1,61300,0,61300,배송완료,택배(안성1),서울,신규,
NV-260830-0001,2026-08-30,16:49,네이버 브랜드스토어,,SB-T-NMX-Q,더 뉴 맥시멈 토퍼 매트리스,Q,1,532500,0,532500,배송완료,택배(안성1),서울,신규,
NV-260830-0001,2026-08-30,16:49,네이버 브랜드스토어,,SB-T-ARC-SS,올라운드 컴포트 토퍼 매트리스,SS,1,211800,0,211800,배송완료,택배(안성1),서울,신규,
HM-260830-0002,2026-08-30,10:32,자사몰,,SB-M-DFB-SS,딥플로우 밸런스 매트리스,SS,1,514000,0,514000,취소,설치(용인 설치1),서울,신규,
NV-260830-0002,2026-08-30,18:49,네이버 브랜드스토어,,SB-F-BAU-O,바우 키즈 원목 오픈형 데이베드 침대,SS,1,581000,0,581000,배송중,설치(용인 설치1),대전,재구매,
ST-260830-0003,2026-08-30,07:34,직영매장,노원,SB-MO-EVM-SS,이브닝 모션 매트리스,SS,1,1125600,0,1125600,반품완료,설치(용인 설치1),제주,신규,
ST-260830-0003,2026-08-30,07:34,직영매장,노원,SB-T-ARC-Q,올라운드 컴포트 토퍼 매트리스,Q,1,270300,0,270300,반품완료,설치(용인 설치1),제주,신규,
CP-260830-0002,2026-08-30,09:10,쿠팡 로켓,,SB-T-ARCP-Q,올라운드 컴포트 플러스 토퍼 매트리스,Q,1,280100,0,280100,설치완료,택배(안성1),부산,신규,
CP-260830-0002,2026-08-30,09:10,쿠팡 로켓,,SB-T-ARB7-Q,올라운드 밸런스 토퍼 매트리스 7cm,Q,1,290700,0,290700,설치완료,택배(안성1),부산,신규,
CP-260830-0002,2026-08-30,09:10,쿠팡 로켓,,SB-T-NMX-SS,더 뉴 맥시멈 토퍼 매트리스,SS,1,436000,0,436000,설치완료,택배(안성1),부산,신규,
NV-260830-0003,2026-08-30,23:08,네이버 브랜드스토어,,SB-P-CLB,클라우드 버디 베개,단일,1,61300,0,61300,반품완료,택배(안성1),서울,재구매,
CP-260830-0003,2026-08-30,18:00,쿠팡 로켓,,SB-T-MAX-Q,맥시멈 토퍼 매트리스,Q,1,521600,0,521600,배송완료,택배(안성1),서울,신규,
NV-260830-0004,2026-08-30,21:35,네이버 브랜드스토어,,SB-M-EVR-SS,이브닝 리버서블 매트리스,SS,1,380200,0,380200,설치완료,설치(용인 설치1),강원,신규,
ST-260830-0004,2026-08-30,18:50,직영매장,슬로우나잇 스타필드 수원,SB-M-EVR-Q,이브닝 리버서블 매트리스,Q,1,438900,0,438900,배송중,설치(용인 설치1),인천,신규,
CJ-260830-0001,2026-08-30,18:57,CJ온스타일,,SB-T-ARB7-SS,올라운드 밸런스 토퍼 매트리스 7cm,SS,1,247300,0,247300,배송완료,택배(안성1),울산,재구매,
NV-260830-0005,2026-08-30,19:43,네이버 브랜드스토어,,SB-M-EVS-K,이브닝 스타릿 매트리스,K,1,754700,0,754700,배송완료,설치(용인 설치1),강원,신규,
NV-260830-0005,2026-08-30,19:43,네이버 브랜드스토어,,SB-T-ARB7-SS,올라운드 밸런스 토퍼 매트리스 7cm,SS,1,249900,0,249900,배송완료,택배(안성1),강원,신규,
NV-260830-0005,2026-08-30,19:43,네이버 브랜드스토어,,SB-M-EVS-Q,이브닝 스타릿 매트리스,Q,1,684800,0,684800,배송완료,설치(용인 설치1),강원,신규,
CP-260831-0001,2026-08-31,20:37,쿠팡 로켓,,SB-P-CLL,클라우드 LOW 경추 베개,단일,1,52500,0,52500,반품완료,택배(안성1),경기,신규,
CJ-260831-0001,2026-08-31,19:00,CJ온스타일,,SB-T-ARB5-Q,올라운드 밸런스 토퍼 매트리스 5cm,Q,1,291300,0,291300,교환완료,택배(안성1),경기,신규,
CJ-260831-0001,2026-08-31,19:00,CJ온스타일,,SB-T-GRB-SS,그라운드 밸런스 토퍼 매트리스,SS,1,501100,0,501100,교환완료,택배(안성1),경기,신규,
NV-260831-0001,2026-08-31,06:39,네이버 브랜드스토어,,SB-M-DFB-Q,딥플로우 밸런스 매트리스,Q,1,522200,0,522200,배송완료,설치(용인 설치1),서울,재구매,
NV-260831-0001,2026-08-31,06:39,네이버 브랜드스토어,,SB-T-ARB7-Q,올라운드 밸런스 토퍼 매트리스 7cm,Q,2,593600,0,593600,배송완료,택배(안성1),서울,재구매,
OH-260831-0001,2026-08-31,10:50,오늘의집,,SB-T-NMX-Q,더 뉴 맥시멈 토퍼 매트리스,Q,2,1021200,0,1021200,취소,택배(안성1),인천,신규,
NV-260831-0002,2026-08-31,14:19,네이버 브랜드스토어,,SB-T-ARB7-Q,올라운드 밸런스 토퍼 매트리스 7cm,Q,2,593600,0,593600,설치완료,택배(안성1),인천,신규,
NV-260831-0003,2026-08-31,11:41,네이버 브랜드스토어,,SB-M-EVR-SS,이브닝 리버서블 매트리스,SS,1,380200,0,380200,배송완료,설치(용인 설치1),충남,재구매,
NV-260831-0003,2026-08-31,11:41,네이버 브랜드스토어,,SB-M-EVS-Q,이브닝 스타릿 매트리스,Q,1,684800,0,684800,배송완료,설치(용인 설치1),충남,재구매,
CP-260831-0002,2026-08-31,21:11,쿠팡 로켓,,SB-T-ARC-Q,올라운드 컴포트 토퍼 매트리스,Q,1,244500,0,244500,설치완료,택배(안성1),서울,재구매,
CP-260831-0003,2026-08-31,19:42,쿠팡 로켓,,SB-T-ARB5-Q,올라운드 밸런스 토퍼 매트리스 5cm,Q,1,288200,0,288200,배송완료,택배(안성1),인천,신규,
NV-260831-0004,2026-08-31,20:21,네이버 브랜드스토어,,SB-T-ARB7-SS,올라운드 밸런스 토퍼 매트리스 7cm,SS,1,249900,0,249900,설치완료,택배(안성1),경기,신규,
HM-260831-0001,2026-08-31,21:22,자사몰,,SB-T-NMX-Q,더 뉴 맥시멈 토퍼 매트리스,Q,1,549000,0,549000,배송완료,택배(안성1),경남,재구매,
NV-260831-0005,2026-08-31,14:20,네이버 브랜드스토어,,SB-M-EVR-S,이브닝 리버서블 매트리스,S,1,349100,0,349100,배송완료,설치(용인 설치1),경기,신규,
SG-260831-0001,2026-08-31,19:02,SSG닷컴,,SB-T-NMX-Q,더 뉴 맥시멈 토퍼 매트리스,Q,1,538000,0,538000,배송완료,택배(안성1),경기,신규,
CP-260831-0004,2026-08-31,05:27,쿠팡 로켓,,SB-M-EVS-Q,이브닝 스타릿 매트리스,Q,1,670700,0,670700,배송완료,설치(용인 설치1),서울,신규,
HM-260831-0002,2026-08-31,10:48,자사몰,,SB-T-ARB5-Q,올라운드 밸런스 토퍼 매트리스 5cm,Q,1,303400,0,303400,배송완료,택배(안성1),서울,신규,
